stock_id,suffix,Ticker SYMBOL,產業類別,公司名稱
1101,.TW,1101.TW,1,臺灣水泥股份有限公司
1102,.TW,1102.TW,1,亞洲水泥股份有限公司
1103,.TW,1103.TW,1,嘉新水泥股份有限公司
1104,.TW,1104.TW,1,環球水泥股份有限公司
1108,.TW,1108.TW,1,幸福水泥股份有限公司
1109,.TW,1109.TW,1,信大水泥股份有限公司
1110,.TW,1110.TW,1,東南水泥股份有限公司
1201,.TW,1201.TW,2,味全食品工業股份有限公司
1203,.TW,1203.TW,2,味王股份有限公司
1210,.TW,1210.TW,2,大成長城企業股份有限公司
1213,.TW,1213.TW,2,大西洋飲料股份有限公司
1215,.TW,1215.TW,2,台灣卜蜂企業股份有限公司
1216,.TW,1216.TW,2,統一企業股份有限公司
1217,.TW,1217.TW,2,愛之味股份有限公司
1218,.TW,1218.TW,2,泰山企業股份有限公司
1219,.TW,1219.TW,2,福壽實業股份有限公司
1220,.TW,1220.TW,2,台榮產業股份有限公司
1225,.TW,1225.TW,2,福懋油脂股份有限公司
1227,.TW,1227.TW,2,佳格食品股份有限公司
1229,.TW,1229.TW,2,聯華實業控股股份有限公司
1231,.TW,1231.TW,2,聯華食品工業股份有限公司
1232,.TW,1232.TW,2,大統益股份有限公司
1233,.TW,1233.TW,2,天仁茶業股份有限公司
1234,.TW,1234.TW,2,黑松股份有限公司
1235,.TW,1235.TW,2,興泰實業股份有限公司
1236,.TW,1236.TW,2,宏亞食品股份有限公司
1256,.TW,1256.TW,2,鮮活控股股份有限公司
1301,.TW,1301.TW,3,台灣塑膠工業股份有限公司
1303,.TW,1303.TW,3,南亞塑膠工業股份有限公司
1304,.TW,1304.TW,3,台灣聚合化學品股份有限公司
1305,.TW,1305.TW,3,華夏海灣塑膠股份有限公司
1307,.TW,1307.TW,3,三芳化學工業股份有限公司
1308,.TW,1308.TW,3,亞洲聚合股份有限公司
1309,.TW,1309.TW,3,台達化學工業股份有限公司
1310,.TW,1310.TW,3,台灣苯乙烯工業股份有限公司
1312,.TW,1312.TW,3,國喬石油化學股份有限公司
1313,.TW,1313.TW,3,聯成化學科技股份有限公司
1314,.TW,1314.TW,3,中國石油化學工業開發(股)公司
1315,.TW,1315.TW,3,達新工業股份有限公司
1316,.TW,1316.TW,14,上曜建設開發股份有限公司
1319,.TW,1319.TW,12,東陽實業廠股份有限公司
1321,.TW,1321.TW,3,大洋塑膠工業股份有限公司
1323,.TW,1323.TW,3,永裕塑膠工業股份有限公司
1324,.TW,1324.TW,3,地球綜合工業股份有限公司
1325,.TW,1325.TW,3,恒大股份有限公司
1326,.TW,1326.TW,3,台灣化學纖維股份有限公司
1337,.TW,1337.TW,3,亞洲塑膠再生資源控股有限公司
1338,.TW,1338.TW,12,廣華控股有限公司
1339,.TW,1339.TW,12,昭輝實業股份有限公司
1340,.TW,1340.TW,3,勝悅新材料有限公司
1341,.TW,1341.TW,3,富林塑膠工業(開曼)控股(股)公司
1342,.TW,1342.TW,20,八貫企業股份有限公司
1402,.TW,1402.TW,4,遠東新世紀股份有限公司
1409,.TW,1409.TW,4,新光合成纖維股份有限公司
1410,.TW,1410.TW,4,南洋染整股份有限公司
1413,.TW,1413.TW,4,宏洲纖維工業股份有限公司
1414,.TW,1414.TW,4,東和紡織股份有限公司
1416,.TW,1416.TW,20,廣豐實業股份有限公司
1417,.TW,1417.TW,4,嘉裕股份有限公司
1418,.TW,1418.TW,4,東華龍股份有限公司
1419,.TW,1419.TW,4,新光紡織股份有限公司
1423,.TW,1423.TW,4,利華羊毛工業股份有限公司
1432,.TW,1432.TW,37,大魯閣實業股份有限公司
1434,.TW,1434.TW,4,福懋興業股份有限公司
1435,.TW,1435.TW,20,中福國際(股)公司
1436,.TW,1436.TW,14,華友聯開發股份有限公司
1437,.TW,1437.TW,20,勤益投資控股股份有限公司
1438,.TW,1438.TW,14,三地開發地產股份有限公司
1439,.TW,1439.TW,14,雋揚國際股份有限公司
1440,.TW,1440.TW,4,臺南紡織股份有限公司
1441,.TW,1441.TW,4,大東紡織股份有限公司
1442,.TW,1442.TW,14,名軒開發股份有限公司
1443,.TW,1443.TW,20,立益物流開發股份有限公司
1444,.TW,1444.TW,4,力麗企業股份有限公司
1445,.TW,1445.TW,4,大宇紡織股份有限公司
1446,.TW,1446.TW,4,宏和精密紡織股份有限公司
1447,.TW,1447.TW,4,力鵬企業股份有限公司
1449,.TW,1449.TW,4,佳和實業股份有限公司
1451,.TW,1451.TW,4,年興紡織股份有限公司
1452,.TW,1452.TW,4,宏益纖維工業股份有限公司
1453,.TW,1453.TW,14,大將開發股份有限公司
1454,.TW,1454.TW,4,台灣富綢纖維股份有限公司
1455,.TW,1455.TW,4,集盛實業股份有限公司
1456,.TW,1456.TW,14,怡華實業股份有限公司
1457,.TW,1457.TW,4,宜進實業股份有限公司
1459,.TW,1459.TW,4,聯發紡織纖維股份有限公司
1460,.TW,1460.TW,4,宏遠興業股份有限公司
1463,.TW,1463.TW,4,強盛新投資控股股份有限公司
1464,.TW,1464.TW,4,得力實業股份有限公司
1465,.TW,1465.TW,4,偉全實業股份有限公司
1466,.TW,1466.TW,4,聚隆纖維股份有限公司
1467,.TW,1467.TW,4,南緯實業股份有限公司
1468,.TW,1468.TW,4,昶和纖維興業股份有限公司
1470,.TW,1470.TW,4,大統新創股份有限公司
1471,.TW,1471.TW,28,首利實業股份有限公司
1472,.TW,1472.TW,14,三洋實業股份有限公司
1473,.TW,1473.TW,4,台南企業股份有限公司
1474,.TW,1474.TW,4,弘裕企業股份有限公司
1475,.TW,1475.TW,4,台灣業旺股份有限公司
1476,.TW,1476.TW,4,儒鴻企業股份有限公司
1477,.TW,1477.TW,4,聚陽實業股份有限公司
1503,.TW,1503.TW,5,士林電機廠股份有限公司
1504,.TW,1504.TW,5,東元電機股份有限公司
1506,.TW,1506.TW,5,正道工業股份有限公司
1512,.TW,1512.TW,12,瑞利企業股份有限公司
1513,.TW,1513.TW,5,中興電工機械股份有限公司
1514,.TW,1514.TW,5,亞力電機股份有限公司
1515,.TW,1515.TW,5,力山工業股份有限公司
1516,.TW,1516.TW,20,川飛能源股份有限公司
1517,.TW,1517.TW,5,利奇機械工業股份有限公司
1519,.TW,1519.TW,5,華城電機股份有限公司
1521,.TW,1521.TW,12,大億交通工業製造股份有限公司
1522,.TW,1522.TW,12,堤維西交通工業股份有限公司
1524,.TW,1524.TW,12,耿鼎企業股份有限公司
1525,.TW,1525.TW,12,江申工業股份有限公司
1526,.TW,1526.TW,5,日馳企業股份有限公司
1527,.TW,1527.TW,5,鑽全實業股份有限公司
1528,.TW,1528.TW,5,恩德科技股份有限公司
1529,.TW,1529.TW,5,樂事綠能科技股份有限公司
1530,.TW,1530.TW,5,亞崴機電股份有限公司
1531,.TW,1531.TW,5,高林股份有限公司
1532,.TW,1532.TW,5,勤美股份有限公司
1533,.TW,1533.TW,12,車王電子股份有限公司
1535,.TW,1535.TW,5,中宇環保工程股份有限公司
1536,.TW,1536.TW,12,和大工業股份有限公司
1537,.TW,1537.TW,5,廣隆光電科技股份有限公司
1538,.TW,1538.TW,5,正峰工業股份有限公司
1539,.TW,1539.TW,5,巨庭機械股份有限公司
1540,.TW,1540.TW,5,喬福機械工業股份有限公司
1541,.TW,1541.TW,5,錩泰工業股份有限公司
1558,.TW,1558.TW,5,伸興工業股份有限公司
1560,.TW,1560.TW,5,中國砂輪企業股份有限公司
1563,.TW,1563.TW,12,巧新科技工業股份有限公司
1568,.TW,1568.TW,12,倉佑實業股份有限公司
1582,.TW,1582.TW,28,信錦企業股份有限公司
1583,.TW,1583.TW,5,程泰機械股份有限公司
1587,.TW,1587.TW,12,吉茂精密股份有限公司
1589,.TW,1589.TW,5,永冠能源科技集團有限公司
1590,.TW,1590.TW,5,亞德客國際集團
1597,.TW,1597.TW,5,直得科技股份有限公司
1598,.TW,1598.TW,37,岱宇國際股份有限公司
1603,.TW,1603.TW,6,中華電線電纜股份有限公司
1604,.TW,1604.TW,6,聲寶股份有限公司
1605,.TW,1605.TW,6,華新麗華股份有限公司
1608,.TW,1608.TW,6,華榮電線電纜股份有限公司
1609,.TW,1609.TW,6,大亞電線電纜股份有限公司
1611,.TW,1611.TW,6,中國電器股份有限公司
1612,.TW,1612.TW,6,宏泰電工股份有限公司
1614,.TW,1614.TW,6,台灣三洋電機股份有限公司
1615,.TW,1615.TW,6,大山電線電纜股份有限公司
1616,.TW,1616.TW,6,億泰電線電纜股份有限公司
1617,.TW,1617.TW,6,榮星電線工業股份有限公司
1618,.TW,1618.TW,6,合機電線電纜股份有限公司
1623,.TW,1623.TW,6,大東電業廠股份有限公司
1626,.TW,1626.TW,6,艾美特(開曼)國際有限公司
1702,.TW,1702.TW,2,南僑投資控股股份有限公司
1707,.TW,1707.TW,22,葡萄王生技股份有限公司
1708,.TW,1708.TW,21,東南實業股份有限公司
1709,.TW,1709.TW,21,和益化學工業股份有限公司
1710,.TW,1710.TW,21,東聯化學股份有限公司
1711,.TW,1711.TW,21,臺灣永光化學工業股份有限公司
1712,.TW,1712.TW,21,興農股份有限公司
1713,.TW,1713.TW,21,國泰化工廠股份有限公司
1714,.TW,1714.TW,21,和桐化學股份有限公司
1717,.TW,1717.TW,21,長興材料工業股份有限公司
1718,.TW,1718.TW,21,中國人造纖維股份有限公司
1720,.TW,1720.TW,22,生達化學製藥股份有限公司
1721,.TW,1721.TW,21,三晃股份有限公司
1722,.TW,1722.TW,21,台灣肥料股份有限公司
1723,.TW,1723.TW,21,中鋼碳素化學股份有限公司
1725,.TW,1725.TW,21,元禎企業股份有限公司
1726,.TW,1726.TW,21,永記造漆工業股份有限公司
1727,.TW,1727.TW,21,臺灣中華化學工業股份有限公司
1730,.TW,1730.TW,21,花仙子企業股份有限公司
1731,.TW,1731.TW,22,美吾華股份有限公司
1732,.TW,1732.TW,21,毛寶股份有限公司
1733,.TW,1733.TW,22,五鼎生物技術股份有限公司
1734,.TW,1734.TW,22,杏輝藥品工業股份有限公司
1735,.TW,1735.TW,21,日勝化工股份有限公司
1736,.TW,1736.TW,37,喬山健康科技股份有限公司
1737,.TW,1737.TW,2,臺鹽實業股份有限公司
1752,.TW,1752.TW,22,南光化學製藥股份有限公司
1760,.TW,1760.TW,22,寶齡富錦生技股份有限公司
1762,.TW,1762.TW,22,中化合成生技股份有限公司
1773,.TW,1773.TW,21,勝一化工股份有限公司
1776,.TW,1776.TW,21,展宇科技材料股份有限公司
1783,.TW,1783.TW,22,和康生物科技股份有限公司
1786,.TW,1786.TW,22,科妍生物科技股份有限公司
1789,.TW,1789.TW,22,台灣神隆股份有限公司
1795,.TW,1795.TW,22,美時化學製藥股份有限公司
1802,.TW,1802.TW,8,台灣玻璃工業股份有限公司
1805,.TW,1805.TW,14,寶徠建設股份有限公司
1806,.TW,1806.TW,8,冠軍建材股份有限公司
1808,.TW,1808.TW,14,潤隆建設股份有限公司
1809,.TW,1809.TW,8,中國製釉股份有限公司
1810,.TW,1810.TW,8,和成欣業股份有限公司
1817,.TW,1817.TW,8,凱撒衛浴股份有限公司
1903,.TW,1903.TW,9,士林紙業股份有限公司
1904,.TW,1904.TW,9,正隆股份有限公司
1905,.TW,1905.TW,9,中華紙漿股份有限公司
1906,.TW,1906.TW,9,寶隆國際股份有限公司
1907,.TW,1907.TW,9,永豐餘投資控股股份有限公司
1909,.TW,1909.TW,9,榮成紙業股份有限公司
2002,.TW,2002.TW,10,中國鋼鐵股份有限公司
2006,.TW,2006.TW,10,東和鋼鐵企業股份有限公司
2007,.TW,2007.TW,10,燁興企業股份有限公司
2008,.TW,2008.TW,10,高興昌鋼鐵股份有限公司
2009,.TW,2009.TW,10,第一伸銅科技股份有限公司
2010,.TW,2010.TW,10,春源鋼鐵工業股份有限公司
2012,.TW,2012.TW,10,春雨工廠股份有限公司
2013,.TW,2013.TW,10,中國鋼鐵結構股份有限公司
2014,.TW,2014.TW,10,中鴻鋼鐵股份有限公司
2015,.TW,2015.TW,10,豐興鋼鐵股份有限公司
2017,.TW,2017.TW,10,官田鋼鐵股份有限公司
2020,.TW,2020.TW,10,美亞鋼管廠股份有限公司
2022,.TW,2022.TW,10,聚亨企業股份有限公司
2023,.TW,2023.TW,10,燁輝企業股份有限公司
2024,.TW,2024.TW,10,志聯工業股份有限公司
2025,.TW,2025.TW,10,千興不銹鋼(股)公司
2027,.TW,2027.TW,10,大成不銹鋼工業股份有限公司
2028,.TW,2028.TW,10,威致鋼鐵工業股份有限公司
2029,.TW,2029.TW,10,盛餘股份有限公司
2030,.TW,2030.TW,10,彰源企業股份有限公司
2031,.TW,2031.TW,10,新光鋼鐵股份有限公司
2032,.TW,2032.TW,10,新鋼工業股份有限公司
2033,.TW,2033.TW,10,佳大世界股份有限公司
2034,.TW,2034.TW,10,允強實業股份有限公司
2038,.TW,2038.TW,10,海光企業股份有限公司
2049,.TW,2049.TW,5,上銀科技股份有限公司
2059,.TW,2059.TW,28,川湖科技股份有限公司
2062,.TW,2062.TW,38,橋椿金屬股份有限公司
2069,.TW,2069.TW,10,運錩鋼鐵股份有限公司
2072,.TW,2072.TW,35,世紀離岸風電設備股份有限公司
2101,.TW,2101.TW,11,南港輪胎股份有限公司
2102,.TW,2102.TW,11,泰豐輪胎股份有限公司
2103,.TW,2103.TW,11,台橡股份有限公司
2104,.TW,2104.TW,11,國際中橡投資控股股份有限公司
2105,.TW,2105.TW,11,正新橡膠工業股份有限公司
2106,.TW,2106.TW,11,建大工業股份有限公司
2107,.TW,2107.TW,11,厚生股份有限公司
2108,.TW,2108.TW,11,南帝化學工業股份有限公司
2109,.TW,2109.TW,11,華豐橡膠工業股份有限公司
2114,.TW,2114.TW,11,鑫永銓股份有限公司
2115,.TW,2115.TW,12,六暉控股股份有限公司
2201,.TW,2201.TW,12,裕隆汽車製造股份有限公司
2204,.TW,2204.TW,12,中華汽車工業股份有限公司
2206,.TW,2206.TW,12,三陽工業股份有限公司
2207,.TW,2207.TW,12,和泰汽車股份有限公司
2208,.TW,2208.TW,15,台灣國際造船股份有限公司
2211,.TW,2211.TW,10,長榮鋼鐵股份有限公司
2227,.TW,2227.TW,12,裕隆日產汽車股份有限公司
2228,.TW,2228.TW,12,劍麟股份有限公司
2231,.TW,2231.TW,12,為升電裝工業股份有限公司
2233,.TW,2233.TW,12,宇隆科技股份有限公司
2236,.TW,2236.TW,12,百達精密工業股份有限公司
2239,.TW,2239.TW,12,開曼英利工業股份有限公司
2241,.TW,2241.TW,12,艾姆勒科技股份有限公司
2243,.TW,2243.TW,12,宏旭控股股份有限公司
2247,.TW,2247.TW,12,汎德永業汽車股份有限公司
2248,.TW,2248.TW,12,華勝汽車電子股份有限公司
2250,.TW,2250.TW,12,第一化成控股(開曼)股份有限公司
2254,.TW,2254.TW,12,巨鎧精密工業股份有限公司
2258,.TW,2258.TW,12,鴻華先進科技股份有限公司
2301,.TW,2301.TW,25,光寶科技股份有限公司
2302,.TW,2302.TW,24,麗正國際科技股份有限公司
2303,.TW,2303.TW,24,聯華電子股份有限公司
2305,.TW,2305.TW,25,全友電腦股份有限公司
2308,.TW,2308.TW,28,台達電子工業股份有限公司
2312,.TW,2312.TW,31,金寶電子工業股份有限公司
2313,.TW,2313.TW,28,華通電腦股份有限公司
2314,.TW,2314.TW,27,台揚科技股份有限公司
2316,.TW,2316.TW,28,楠梓電子股份有限公司
2317,.TW,2317.TW,31,鴻海精密工業股份有限公司
2321,.TW,2321.TW,27,東訊股份有限公司
2323,.TW,2323.TW,26,中環股份有限公司
2324,.TW,2324.TW,25,仁寶電腦工業股份有限公司
2327,.TW,2327.TW,28,國巨股份有限公司
2328,.TW,2328.TW,28,廣宇科技股份有限公司
2329,.TW,2329.TW,24,華泰電子股份有限公司
2330,.TW,2330.TW,24,台灣積體電路製造股份有限公司
2331,.TW,2331.TW,25,精英電腦股份有限公司
2332,.TW,2332.TW,27,友訊科技股份有限公司
2337,.TW,2337.TW,24,旺宏電子股份有限公司
2338,.TW,2338.TW,24,台灣光罩股份有限公司
2340,.TW,2340.TW,24,台亞半導體股份有限公司
2342,.TW,2342.TW,24,台灣茂矽電子股份有限公司
2344,.TW,2344.TW,24,華邦電子股份有限公司
2345,.TW,2345.TW,27,智邦科技股份有限公司
2347,.TW,2347.TW,29,聯強國際股份有限公司
2348,.TW,2348.TW,20,海悅國際開發股份有限公司
2349,.TW,2349.TW,26,錸德科技股份有限公司
2351,.TW,2351.TW,24,順德工業股份有限公司
2352,.TW,2352.TW,25,佳世達科技股份有限公司
2353,.TW,2353.TW,25,宏碁股份有限公司
2354,.TW,2354.TW,31,鴻準精密工業股份有限公司
2355,.TW,2355.TW,28,敬鵬工業股份有限公司
2356,.TW,2356.TW,25,英業達股份有限公司
2357,.TW,2357.TW,25,華碩電腦股份有限公司
2359,.TW,2359.TW,31,所羅門股份有限公司
2360,.TW,2360.TW,31,致茂電子股份有限公司
2362,.TW,2362.TW,25,藍天電腦股份有限公司
2363,.TW,2363.TW,24,矽統科技股份有限公司
2364,.TW,2364.TW,25,倫飛電腦實業股份有限公司
2365,.TW,2365.TW,25,昆盈企業股份有限公司
2367,.TW,2367.TW,28,燿華電子股份有限公司
2368,.TW,2368.TW,28,金像電子(股)公司
2369,.TW,2369.TW,24,菱生精密工業股份有限公司
2371,.TW,2371.TW,5,大同股份有限公司
2373,.TW,2373.TW,31,震旦行股份有限公司
2374,.TW,2374.TW,26,佳能企業股份有限公司
2375,.TW,2375.TW,28,凱美電機股份有限公司
2376,.TW,2376.TW,25,技嘉科技股份有限公司
2377,.TW,2377.TW,25,微星科技股份有限公司
2379,.TW,2379.TW,24,瑞昱半導體股份有限公司
2380,.TW,2380.TW,25,虹光精密工業股份有限公司
2382,.TW,2382.TW,25,廣達電腦股份有限公司
2383,.TW,2383.TW,28,台光電子材料股份有限公司
2385,.TW,2385.TW,28,群光電子股份有限公司
2387,.TW,2387.TW,25,精元電腦股份有限公司
2388,.TW,2388.TW,24,威盛電子股份有限公司
2390,.TW,2390.TW,31,云辰電子開發股份有限公司
2392,.TW,2392.TW,28,正崴精密工業股份有限公司
2393,.TW,2393.TW,26,億光電子工業股份有限公司
2395,.TW,2395.TW,25,研華股份有限公司
2397,.TW,2397.TW,25,友通資訊股份有限公司
2399,.TW,2399.TW,25,映泰股份有限公司
2401,.TW,2401.TW,24,凌陽科技股份有限公司
2402,.TW,2402.TW,28,毅嘉科技股份有限公司
2404,.TW,2404.TW,31,漢唐集成股份有限公司
2405,.TW,2405.TW,25,輔信科技股份有限公司
2406,.TW,2406.TW,26,國碩科技工業股份有限公司
2408,.TW,2408.TW,24,南亞科技股份有限公司
2409,.TW,2409.TW,26,友達光電股份有限公司
2412,.TW,2412.TW,27,中華電信股份有限公司
2413,.TW,2413.TW,28,環隆科技股份有限公司
2414,.TW,2414.TW,29,精技電腦股份有限公司
2415,.TW,2415.TW,28,錩新科技股份有限公司
2417,.TW,2417.TW,25,圓剛科技股份有限公司
2419,.TW,2419.TW,27,仲琦科技股份有限公司
2420,.TW,2420.TW,28,新巨企業股份有限公司
2421,.TW,2421.TW,28,建準電機工業股份有限公司
2423,.TW,2423.TW,31,固緯電子實業股份有限公司
2424,.TW,2424.TW,27,隴華電子股份有限公司
2425,.TW,2425.TW,25,承啟科技股份有限公司
2426,.TW,2426.TW,26,鼎元光電科技股份有限公司
2427,.TW,2427.TW,30,三商電腦股份有限公司
2428,.TW,2428.TW,28,興勤電子工業股份有限公司
2429,.TW,2429.TW,26,銘旺科技股份有限公司
2430,.TW,2430.TW,29,燦坤實業股份有限公司
2431,.TW,2431.TW,28,聯昌電子企業股份有限公司
2432,.TW,2432.TW,25,倚天酷碁股份有限公司
2433,.TW,2433.TW,31,互盛股份有限公司
2434,.TW,2434.TW,24,統懋半導體股份有限公司
2436,.TW,2436.TW,24,偉詮電子股份有限公司
2438,.TW,2438.TW,26,翔耀實業股份有限公司
2439,.TW,2439.TW,27,美律實業股份有限公司
2440,.TW,2440.TW,28,太空梭高傳真資訊科技(股)公司
2441,.TW,2441.TW,24,超豐電子股份有限公司
2442,.TW,2442.TW,14,新美齊股份有限公司
2444,.TW,2444.TW,27,兆勁科技股份有限公司
2449,.TW,2449.TW,24,京元電子股份有限公司
2450,.TW,2450.TW,27,神腦國際企業股份有限公司
2451,.TW,2451.TW,24,創見資訊股份有限公司
2453,.TW,2453.TW,30,凌群電腦股份有限公司
2454,.TW,2454.TW,24,聯發科技股份有限公司
2455,.TW,2455.TW,27,全新光電科技股份有限公司
2457,.TW,2457.TW,28,飛宏科技股份有限公司
2458,.TW,2458.TW,24,義隆電子股份有限公司
2459,.TW,2459.TW,31,敦吉科技股份有限公司
2460,.TW,2460.TW,28,建通精密工業股份有限公司
2461,.TW,2461.TW,31,光群雷射科技股份有限公司
2462,.TW,2462.TW,28,台灣良得電子股份有限公司
2464,.TW,2464.TW,31,盟立自動化股份有限公司
2465,.TW,2465.TW,25,麗臺科技股份有限公司
2466,.TW,2466.TW,26,冠西電子企業股份有限公司
2467,.TW,2467.TW,28,志聖工業股份有限公司
2468,.TW,2468.TW,30,華經資訊企業股份有限公司
2471,.TW,2471.TW,30,資通電腦股份有限公司
2472,.TW,2472.TW,28,立隆電子工業股份有限公司
2474,.TW,2474.TW,31,可成科技股份有限公司
2476,.TW,2476.TW,28,鉅祥企業股份有限公司
2477,.TW,2477.TW,31,美隆工業股份有限公司
2478,.TW,2478.TW,28,大毅科技股份有限公司
2480,.TW,2480.TW,30,敦陽科技股份有限公司
2481,.TW,2481.TW,24,強茂股份有限公司
2482,.TW,2482.TW,31,連宇股份有限公司
2483,.TW,2483.TW,28,百容電子股份有限公司
2484,.TW,2484.TW,28,希華晶體科技股份有限公司
2485,.TW,2485.TW,27,兆赫電子股份有限公司
2486,.TW,2486.TW,26,一詮精密工業股份有限公司
2488,.TW,2488.TW,31,漢平電子工業股份有限公司
2489,.TW,2489.TW,26,瑞軒科技股份有限公司
2491,.TW,2491.TW,26,吉祥全球實業股份有限公司
2492,.TW,2492.TW,28,華新科技股份有限公司
2493,.TW,2493.TW,28,揚博科技股份有限公司
2495,.TW,2495.TW,25,普安科技股份有限公司
2496,.TW,2496.TW,20,卓越成功股份有限公司
2497,.TW,2497.TW,12,怡利電子工業股份有限公司
2498,.TW,2498.TW,27,宏達國際電子股份有限公司
2501,.TW,2501.TW,14,國泰建設股份有限公司
2504,.TW,2504.TW,14,國產建材實業股份有限公司
2505,.TW,2505.TW,14,國揚實業股份有限公司
2506,.TW,2506.TW,14,太平洋建設股份有限公司
2509,.TW,2509.TW,14,全坤建設開發股份有限公司
2511,.TW,2511.TW,14,太子建設開發股份有限公司
2514,.TW,2514.TW,20,龍邦國際興業股份有限公司
2515,.TW,2515.TW,14,中華工程股份有限公司
2516,.TW,2516.TW,14,新亞建設開發股份有限公司
2520,.TW,2520.TW,14,冠德建設股份有限公司
2524,.TW,2524.TW,14,京城建設股份有限公司
2527,.TW,2527.TW,14,宏璟建設股份有限公司
2528,.TW,2528.TW,14,皇普建設股份有限公司
2530,.TW,2530.TW,14,大華建設股份有限公司
2534,.TW,2534.TW,14,宏盛建設股份有限公司
2535,.TW,2535.TW,14,達欣工程股份有限公司
2536,.TW,2536.TW,14,宏普建設股份有限公司
2537,.TW,2537.TW,14,聯上開發股份有限公司
2538,.TW,2538.TW,14,基泰建設股份有限公司
2539,.TW,2539.TW,14,櫻花建設股份有限公司
2540,.TW,2540.TW,14,愛山林建設開發股份有限公司
2542,.TW,2542.TW,14,興富發建設股份有限公司
2543,.TW,2543.TW,14,皇昌營造股份有限公司
2545,.TW,2545.TW,14,皇翔建設股份有限公司
2546,.TW,2546.TW,14,根基營造股份有限公司
2547,.TW,2547.TW,14,日勝生活科技股份有限公司
2548,.TW,2548.TW,14,華固建設股份有限公司
2597,.TW,2597.TW,14,潤弘精密工程事業股份有限公司
2601,.TW,2601.TW,18,益航股份有限公司
2603,.TW,2603.TW,15,長榮海運股份有限公司
2605,.TW,2605.TW,15,新興航運股份有限公司
2606,.TW,2606.TW,15,裕民航運股份有限公司
2607,.TW,2607.TW,15,長榮國際儲運股份有限公司
2608,.TW,2608.TW,15,嘉里大榮物流股份有限公司
2609,.TW,2609.TW,15,陽明海運股份有限公司
2610,.TW,2610.TW,15,中華航空股份有限公司
2611,.TW,2611.TW,15,志信國際股份有限公司
2612,.TW,2612.TW,15,中國航運股份有限公司
2613,.TW,2613.TW,15,中國貨櫃運輸股份有限公司
2614,.TW,2614.TW,20,東森國際股份有限公司
2615,.TW,2615.TW,15,萬海航運股份有限公司
2616,.TW,2616.TW,23,山隆通運股份有限公司
2617,.TW,2617.TW,15,台灣航業股份有限公司
2618,.TW,2618.TW,15,長榮航空股份有限公司
2630,.TW,2630.TW,15,亞洲航空股份有限公司
2633,.TW,2633.TW,15,台灣高速鐵路股份有限公司
2634,.TW,2634.TW,15,漢翔航空工業股份有限公司
2636,.TW,2636.TW,15,台驊國際控股股份有限公司
2637,.TW,2637.TW,15,慧洋海運股份有限公司
2642,.TW,2642.TW,15,台灣宅配通股份有限公司
2645,.TW,2645.TW,15,長榮航太科技股份有限公司
2646,.TW,2646.TW,15,星宇航空股份有限公司
2701,.TW,2701.TW,16,萬華企業股份有限公司
2702,.TW,2702.TW,16,華園飯店股份有限公司
2704,.TW,2704.TW,16,國賓大飯店股份有限公司
2705,.TW,2705.TW,16,六福開發股份有限公司
2706,.TW,2706.TW,16,第一華僑大飯店股份有限公司
2707,.TW,2707.TW,16,晶華國際酒店股份有限公司
2712,.TW,2712.TW,16,遠雄悅來大飯店股份有限公司
2722,.TW,2722.TW,16,夏都國際開發股份有限公司
2723,.TW,2723.TW,16,開曼美食達人股份有限公司
2727,.TW,2727.TW,16,王品餐飲股份有限公司
2731,.TW,2731.TW,16,雄獅旅行社股份有限公司
2739,.TW,2739.TW,16,寒舍餐旅管理顧問股份有限公司
2748,.TW,2748.TW,16,雲品國際酒店股份有限公司
2753,.TW,2753.TW,16,八方雲集國際股份有限公司
2762,.TW,2762.TW,37,世界健身股份有限公司
2801,.TW,2801.TW,17,彰化商業銀行股份有限公司
2812,.TW,2812.TW,17,台中商業銀行股份有限公司
2816,.TW,2816.TW,17,旺旺友聯產物保險股份有限公司
2820,.TW,2820.TW,17,中華票券金融股份有限公司
2832,.TW,2832.TW,17,台灣產物保險股份有限公司
2834,.TW,2834.TW,17,臺灣中小企業銀行股份有限公司
2836,.TW,2836.TW,17,高雄銀行股份有限公司
2838,.TW,2838.TW,17,聯邦商業銀行股份有限公司
2845,.TW,2845.TW,17,遠東國際商業銀行股份有限公司
2849,.TW,2849.TW,17,安泰商業銀行股份有限公司
2850,.TW,2850.TW,17,新光產物保險股份有限公司
2851,.TW,2851.TW,17,中央再保險股份有限公司
2852,.TW,2852.TW,17,第一產物保險股份有限公司
2855,.TW,2855.TW,17,統一綜合證券股份有限公司
2867,.TW,2867.TW,17,三商美邦人壽保險股份有限公司
2880,.TW,2880.TW,17,華南金融控股股份有限公司
2881,.TW,2881.TW,17,富邦金融控股股份有限公司
2882,.TW,2882.TW,17,國泰金融控股股份有限公司
2883,.TW,2883.TW,17,凱基金融控股股份有限公司
2884,.TW,2884.TW,17,玉山金融控股股份有限公司
2885,.TW,2885.TW,17,元大金融控股股份有限公司
2886,.TW,2886.TW,17,兆豐金融控股股份有限公司
2887,.TW,2887.TW,17,台新新光金融控股股份有限公司
2889,.TW,2889.TW,17,國票金融控股股份有限公司
2890,.TW,2890.TW,17,永豐金融控股股份有限公司
2891,.TW,2891.TW,17,中國信託金融控股股份有限公司
2892,.TW,2892.TW,17,第一金融控股股份有限公司
2897,.TW,2897.TW,17,王道商業銀行股份有限公司
2901,.TW,2901.TW,18,欣欣大眾市場股份有限公司
2903,.TW,2903.TW,18,遠東百貨股份有限公司
2904,.TW,2904.TW,20,匯僑股份有限公司
2905,.TW,2905.TW,18,三商投資控股股份有限公司
2906,.TW,2906.TW,18,高林實業股份有限公司
2908,.TW,2908.TW,18,特力股份有限公司
2910,.TW,2910.TW,18,統領百貨股份有限公司
2911,.TW,2911.TW,18,麗嬰房股份有限公司
2912,.TW,2912.TW,18,統一超商股份有限公司
2913,.TW,2913.TW,18,台灣農林股份有限公司
2915,.TW,2915.TW,18,潤泰全球股份有限公司
2923,.TW,2923.TW,14,鼎固控股有限公司
2929,.TW,2929.TW,18,淘帝國際控股有限公司
2939,.TW,2939.TW,18,永邑國際集團股份有限公司
2945,.TW,2945.TW,18,三商家購股份有限公司
3002,.TW,3002.TW,25,歐格電子股份有限公司
3003,.TW,3003.TW,28,健和興端子股份有限公司
3004,.TW,3004.TW,10,豐達科技股份有限公司
3005,.TW,3005.TW,25,神基控股股份有限公司
3006,.TW,3006.TW,24,晶豪科技股份有限公司
3008,.TW,3008.TW,26,大立光電股份有限公司
3010,.TW,3010.TW,29,華立企業股份有限公司
3011,.TW,3011.TW,28,今皓實業股份有限公司
3013,.TW,3013.TW,25,晟銘電子科技股份有限公司
3014,.TW,3014.TW,24,聯陽半導體股份有限公司
3015,.TW,3015.TW,28,全漢企業股份有限公司
3016,.TW,3016.TW,24,嘉晶電子股份有限公司
3017,.TW,3017.TW,25,奇鋐科技股份有限公司
3018,.TW,3018.TW,31,隆銘綠能科技工程股份有限公司
3019,.TW,3019.TW,26,亞洲光學股份有限公司
3021,.TW,3021.TW,28,鴻名企業股份有限公司
3022,.TW,3022.TW,25,威強電工業電腦股份有限公司
3023,.TW,3023.TW,28,信邦電子股份有限公司
3024,.TW,3024.TW,26,憶聲電子股份有限公司
3025,.TW,3025.TW,27,星通資訊股份有限公司
3026,.TW,3026.TW,28,禾伸堂企業股份有限公司
3027,.TW,3027.TW,27,盛達電業股份有限公司
3028,.TW,3028.TW,29,增你強股份有限公司
3029,.TW,3029.TW,30,零壹科技股份有限公司
3030,.TW,3030.TW,31,德律科技股份有限公司
3031,.TW,3031.TW,26,佰鴻工業股份有限公司
3032,.TW,3032.TW,28,偉訓科技股份有限公司
3033,.TW,3033.TW,29,威健實業股份有限公司
3034,.TW,3034.TW,24,聯詠科技股份有限公司
3035,.TW,3035.TW,24,智原科技股份有限公司
3036,.TW,3036.TW,29,文曄科技股份有限公司
3037,.TW,3037.TW,28,欣興電子股份有限公司
3038,.TW,3038.TW,26,全台晶像股份有限公司
3040,.TW,3040.TW,20,遠見科技股份有限公司
3041,.TW,3041.TW,24,揚智科技股份有限公司
3042,.TW,3042.TW,28,台灣晶技股份有限公司
3043,.TW,3043.TW,31,科風股份有限公司
3044,.TW,3044.TW,28,健鼎科技股份有限公司
3045,.TW,3045.TW,27,台灣大哥大股份有限公司
3046,.TW,3046.TW,25,建碁股份有限公司
3047,.TW,3047.TW,27,訊舟科技股份有限公司
3048,.TW,3048.TW,29,益登科技股份有限公司
3049,.TW,3049.TW,26,精金科技股份有限公司
3050,.TW,3050.TW,26,鈺德科技股份有限公司
3051,.TW,3051.TW,26,力特光電科技股份有限公司
3052,.TW,3052.TW,14,夆典科技開發股份有限公司
3054,.TW,3054.TW,2,立萬利創新股份有限公司
3055,.TW,3055.TW,29,蔚華科技股份有限公司
3056,.TW,3056.TW,14,富華創新股份有限公司
3057,.TW,3057.TW,25,喬鼎資訊股份有限公司
3058,.TW,3058.TW,28,立德電子股份有限公司
3059,.TW,3059.TW,26,華晶科技股份有限公司
3060,.TW,3060.TW,25,銘異科技股份有限公司
3062,.TW,3062.TW,27,建漢科技股份有限公司
3090,.TW,3090.TW,28,日電貿股份有限公司
3092,.TW,3092.TW,28,鴻碩精密電工股份有限公司
3094,.TW,3094.TW,24,聯傑國際股份有限公司
3130,.TW,3130.TW,36,一零四資訊科技股份有限公司
3135,.TW,3135.TW,24,凌航科技股份有限公司
3138,.TW,3138.TW,27,耀登科技股份有限公司
3149,.TW,3149.TW,26,正達國際光電股份有限公司
3150,.TW,3150.TW,24,鈺寶科技股份有限公司
3164,.TW,3164.TW,22,景岳生物科技股份有限公司
3167,.TW,3167.TW,5,大量科技股份有限公司
3168,.TW,3168.TW,26,眾福科技股份有限公司
3189,.TW,3189.TW,24,景碩科技股份有限公司
3209,.TW,3209.TW,29,全科科技股份有限公司
3229,.TW,3229.TW,28,晟鈦股份有限公司
3231,.TW,3231.TW,25,緯創資通股份有限公司
3257,.TW,3257.TW,24,虹冠電子工業股份有限公司
3266,.TW,3266.TW,14,昇陽建設企業股份有限公司
3296,.TW,3296.TW,28,勝德國際研發股份有限公司
3305,.TW,3305.TW,31,昇貿科技股份有限公司
3308,.TW,3308.TW,28,聯德電子股份有限公司
3311,.TW,3311.TW,27,閎暉實業股份有限公司
3312,.TW,3312.TW,29,弘憶國際股份有限公司
3321,.TW,3321.TW,28,同泰電子科技股份有限公司
3338,.TW,3338.TW,28,泰碩電子股份有限公司
3346,.TW,3346.TW,12,麗清科技股份有限公司
3356,.TW,3356.TW,26,奇偶科技股份有限公司
3376,.TW,3376.TW,28,新日興股份有限公司
3380,.TW,3380.TW,27,明泰科技股份有限公司
3406,.TW,3406.TW,26,玉晶光電股份有限公司
3413,.TW,3413.TW,24,京鼎精密科技股份有限公司
3416,.TW,3416.TW,25,融程電訊股份有限公司
3419,.TW,3419.TW,27,譁裕實業股份有限公司
3432,.TW,3432.TW,28,台端興業股份有限公司
3437,.TW,3437.TW,26,榮創能源科技股份有限公司
3443,.TW,3443.TW,24,創意電子股份有限公司
3447,.TW,3447.TW,27,展達通訊股份有限公司
3450,.TW,3450.TW,24,聯鈞光電股份有限公司
3481,.TW,3481.TW,26,群創光電股份有限公司
3494,.TW,3494.TW,25,誠研科技股份有限公司
3501,.TW,3501.TW,28,維熹科技股份有限公司
3504,.TW,3504.TW,26,揚明光學股份有限公司
3515,.TW,3515.TW,25,華擎科技股份有限公司
3518,.TW,3518.TW,31,柏騰科技股份有限公司
3528,.TW,3528.TW,29,安馳科技股份有限公司
3530,.TW,3530.TW,24,晶相光電股份有限公司
3532,.TW,3532.TW,24,台塑勝高科技股份有限公司
3533,.TW,3533.TW,28,嘉澤端子工業股份有限公司
3535,.TW,3535.TW,26,晶彩科技股份有限公司
3543,.TW,3543.TW,26,州巧科技股份有限公司
3545,.TW,3545.TW,24,敦泰電子股份有限公司
3550,.TW,3550.TW,28,聯穎科技股份有限公司
3557,.TW,3557.TW,38,嘉威生活股份有限公司
3563,.TW,3563.TW,26,牧德科技股份有限公司
3576,.TW,3576.TW,26,聯合再生能源股份有限公司
3583,.TW,3583.TW,24,辛耘企業股份有限公司
3588,.TW,3588.TW,24,通嘉科技股份有限公司
3591,.TW,3591.TW,26,艾笛森光電股份有限公司
3592,.TW,3592.TW,24,瑞鼎科技股份有限公司
3593,.TW,3593.TW,28,力銘科技股份有限公司
3596,.TW,3596.TW,27,智易科技股份有限公司
3605,.TW,3605.TW,28,宏致電子股份有限公司
3607,.TW,3607.TW,28,谷崧精密工業股份有限公司
3617,.TW,3617.TW,31,碩天科技股份有限公司
3622,.TW,3622.TW,26,洋華光電股份有限公司
3645,.TW,3645.TW,28,達邁科技股份有限公司
3652,.TW,3652.TW,25,精聯電子股份有限公司
3653,.TW,3653.TW,28,健策精密工業股份有限公司
3661,.TW,3661.TW,24,世芯電子股份有限公司
3665,.TW,3665.TW,31,貿聯控股(BizLink Holding Inc.)
3669,.TW,3669.TW,27,圓展科技股份有限公司
3673,.TW,3673.TW,26,"TPK Holding Co., Ltd."
3679,.TW,3679.TW,28,新至陞科技股份有限公司
3686,.TW,3686.TW,24,達能科技股份有限公司
3694,.TW,3694.TW,27,海華科技股份有限公司
3701,.TW,3701.TW,25,大眾全球投資控股股份有限公司
3702,.TW,3702.TW,29,大聯大控股股份有限公司
3703,.TW,3703.TW,14,欣陸投資控股股份有限公司
3704,.TW,3704.TW,27,合勤投資控股股份有限公司
3705,.TW,3705.TW,22,永信國際投資控股股份有限公司
3706,.TW,3706.TW,25,神達控股股份有限公司
3708,.TW,3708.TW,35,上緯國際投資控股股份有限公司
3711,.TW,3711.TW,24,日月光投資控股股份有限公司
3712,.TW,3712.TW,25,永崴投資控股股份有限公司
3714,.TW,3714.TW,26,富采控股股份有限公司
3715,.TW,3715.TW,28,定穎投資控股股份有限公司
3716,.TW,3716.TW,22,中化控股股份有限公司
3717,.TW,3717.TW,12,聯嘉光電投資控股股份有限公司
4104,.TW,4104.TW,22,佳醫健康事業股份有限公司
4106,.TW,4106.TW,22,雃博股份有限公司
4108,.TW,4108.TW,22,懷特生技新藥股份有限公司
4119,.TW,4119.TW,22,旭富製藥科技股份有限公司
4133,.TW,4133.TW,22,亞諾法生技股份有限公司
4137,.TW,4137.TW,22,麗豐股份有限公司
4142,.TW,4142.TW,22,國光生物科技股份有限公司
4148,.TW,4148.TW,22,全宇生技控股有限公司
4155,.TW,4155.TW,22,訊映光電股份有限公司
4164,.TW,4164.TW,22,承業生醫投資控股股份有限公司
4190,.TW,4190.TW,22,佐登妮絲集團股份有限公司
4306,.TW,4306.TW,3,炎洲股份有限公司
4414,.TW,4414.TW,4,如興股份有限公司
4426,.TW,4426.TW,4,利勤實業股份有限公司
4438,.TW,4438.TW,4,廣越企業股份有限公司
4439,.TW,4439.TW,4,冠星集團控股有限公司
4440,.TW,4440.TW,4,宜新實業股份有限公司
4441,.TW,4441.TW,4,振大環球股份有限公司
4526,.TW,4526.TW,5,東台精機股份有限公司
4532,.TW,4532.TW,5,瑞智精密股份有限公司
4536,.TW,4536.TW,37,拓凱實業股份有限公司
4540,.TW,4540.TW,5,全球傳動科技股份有限公司
4545,.TW,4545.TW,28,銘鈺精密工業股份有限公司
4551,.TW,4551.TW,12,智伸科技股份有限公司
4552,.TW,4552.TW,5,力達控股有限公司
4555,.TW,4555.TW,5,台灣氣立股份有限公司
4557,.TW,4557.TW,12,永新控股股份有限公司
4560,.TW,4560.TW,5,強信機械科技股份有限公司
4562,.TW,4562.TW,5,穎漢科技股份有限公司
4564,.TW,4564.TW,5,元翎精密工業股份有限公司
4566,.TW,4566.TW,5,時碩工業股份有限公司
4569,.TW,4569.TW,12,六方科技股份有限公司
4571,.TW,4571.TW,5,鈞興機電國際股份有限公司
4572,.TW,4572.TW,5,駐龍精密機械股份有限公司
4576,.TW,4576.TW,5,大銀微系統股份有限公司
4581,.TW,4581.TW,12,World Known MFG(Cayman)Limited
4583,.TW,4583.TW,5,台灣精銳科技股份有限公司
4585,.TW,4585.TW,31,達明機器人股份有限公司
4588,.TW,4588.TW,31,玖鼎電力資訊股份有限公司
4590,.TW,4590.TW,5,富田電機股份有限公司
4720,.TW,4720.TW,21,德淵企業股份有限公司
4722,.TW,4722.TW,21,國精化學股份有限公司
4736,.TW,4736.TW,22,泰博科技股份有限公司
4737,.TW,4737.TW,22,華廣生技股份有限公司
4739,.TW,4739.TW,21,康普材料科技股份有限公司
4746,.TW,4746.TW,22,台耀化學股份有限公司
4755,.TW,4755.TW,21,三福化工股份有限公司
4763,.TW,4763.TW,21,濟南大自然新材料股份有限公司
4764,.TW,4764.TW,21,雙鍵化工股份有限公司
4766,.TW,4766.TW,21,南寶樹脂化學工廠股份有限公司
4770,.TW,4770.TW,21,上品綜合工業股份有限公司
4771,.TW,4771.TW,22,望隼科技股份有限公司
4807,.TW,4807.TW,18,日成控股股份有限公司
4904,.TW,4904.TW,27,遠傳電信股份有限公司
4906,.TW,4906.TW,27,正文科技股份有限公司
4912,.TW,4912.TW,28,聯德控股股份有限公司
4915,.TW,4915.TW,28,致伸科技股份有限公司
4916,.TW,4916.TW,25,事欣科技股份有限公司
4919,.TW,4919.TW,24,新唐科技股份有限公司
4927,.TW,4927.TW,28,泰鼎國際股份有限公司
4930,.TW,4930.TW,6,燦星網通股份有限公司
4934,.TW,4934.TW,26,太極能源科技股份有限公司
4935,.TW,4935.TW,26,茂林光電科技(開曼)股份有限公司
4938,.TW,4938.TW,25,和碩聯合科技股份有限公司
4942,.TW,4942.TW,26,嘉彰股份有限公司
4943,.TW,4943.TW,28,開曼康而富控股股份有限公司
4949,.TW,4949.TW,26,有成精密股份有限公司
4952,.TW,4952.TW,24,凌通科技股份有限公司
4956,.TW,4956.TW,26,光鋐科技股份有限公司
4958,.TW,4958.TW,28,臻鼎科技控股股份有限公司
4960,.TW,4960.TW,26,誠美材料科技股份有限公司
4961,.TW,4961.TW,24,天鈺科技股份有限公司
4967,.TW,4967.TW,24,十銓科技股份有限公司
4968,.TW,4968.TW,24,立積電子股份有限公司
4976,.TW,4976.TW,26,佳凌科技股份有限公司
4977,.TW,4977.TW,27,眾達科技股份有限公司
4989,.TW,4989.TW,28,李長榮科技股份有限公司
4994,.TW,4994.TW,30,傳奇網路遊戲股份有限公司
4999,.TW,4999.TW,28,鑫禾科技股份有限公司
5007,.TW,5007.TW,10,三星科技股份有限公司
5203,.TW,5203.TW,30,訊連科技股份有限公司
5215,.TW,5215.TW,25,科嘉(開曼)股份有限公司
5222,.TW,5222.TW,24,全訊科技股份有限公司
5225,.TW,5225.TW,31,東科控股股份有限公司
5234,.TW,5234.TW,26,達興材料股份有限公司
5243,.TW,5243.TW,26,乙盛精密工業股份有限公司
5244,.TW,5244.TW,26,弘凱光電股份有限公司
5258,.TW,5258.TW,25,虹堡科技股份有限公司
5269,.TW,5269.TW,24,祥碩科技股份有限公司
5283,.TW,5283.TW,6,禾聯碩股份有限公司
5284,.TW,5284.TW,20,經寶精密控股股份有限公司
5285,.TW,5285.TW,24,界霖科技股份有限公司
5288,.TW,5288.TW,5,開曼商豐祥控股股份有限公司
5292,.TW,5292.TW,35,華懋科技股份有限公司
5306,.TW,5306.TW,37,桂盟國際股份有限公司
5388,.TW,5388.TW,27,中磊電子股份有限公司
5434,.TW,5434.TW,29,崇越科技股份有限公司
5469,.TW,5469.TW,28,瀚宇博德股份有限公司
5471,.TW,5471.TW,24,松翰科技股份有限公司
5484,.TW,5484.TW,26,慧友電子股份有限公司
5515,.TW,5515.TW,14,建國工程股份有限公司
5519,.TW,5519.TW,14,隆大營建事業股份有限公司
5521,.TW,5521.TW,14,工信工程股份有限公司
5522,.TW,5522.TW,14,遠雄建設事業股份有限公司
5525,.TW,5525.TW,14,順天建設股份有限公司
5531,.TW,5531.TW,14,鄉林建設事業股份有限公司
5533,.TW,5533.TW,14,皇鼎建設開發股份有限公司
5534,.TW,5534.TW,14,長虹建設股份有限公司
5538,.TW,5538.TW,10,開曼東明控股股份有限公司
5546,.TW,5546.TW,14,永固集團股份有限公司
5607,.TW,5607.TW,15,遠雄自貿港投資控股股份有限公司
5608,.TW,5608.TW,15,四維航業股份有限公司
5706,.TW,5706.TW,16,鳳凰國際旅行社股份有限公司
5871,.TW,5871.TW,20,中租控股股份有限公司
5876,.TW,5876.TW,17,上海商業儲蓄銀行股份有限公司
5880,.TW,5880.TW,17,合作金庫金融控股股份有限公司
5906,.TW,5906.TW,18,台南生活(開曼)股份有限公司
5907,.TW,5907.TW,18,Grand Ocean RetailGroupLimited
6005,.TW,6005.TW,17,群益金鼎證券股份有限公司
6024,.TW,6024.TW,17,群益期貨股份有限公司
6108,.TW,6108.TW,28,競國實業股份有限公司
6112,.TW,6112.TW,30,邁達特數位股份有限公司
6115,.TW,6115.TW,28,鎰勝工業股份有限公司
6116,.TW,6116.TW,26,瀚宇彩晶股份有限公司
6117,.TW,6117.TW,25,迎廣科技股份有限公司
6120,.TW,6120.TW,26,達運精密工業股份有限公司
6128,.TW,6128.TW,25,上福全球科技股份有限公司
6133,.TW,6133.TW,28,金橋科技股份有限公司
6136,.TW,6136.TW,27,富爾特科技股份有限公司
6139,.TW,6139.TW,31,亞翔工程股份有限公司
6141,.TW,6141.TW,28,柏承科技股份有限公司
6142,.TW,6142.TW,27,友勁科技股份有限公司
6152,.TW,6152.TW,27,百一電子股份有限公司
6153,.TW,6153.TW,28,嘉聯益科技股份有限公司
6155,.TW,6155.TW,28,鈞寶電子工業股份有限公司
6164,.TW,6164.TW,26,華興電子工業股份有限公司
6165,.TW,6165.TW,36,浪凡網路科技股份有限公司
6166,.TW,6166.TW,25,凌華科技股份有限公司
6168,.TW,6168.TW,26,宏齊科技股份有限公司
6176,.TW,6176.TW,26,瑞儀光電股份有限公司
6177,.TW,6177.TW,14,達麗建設事業股份有限公司
6183,.TW,6183.TW,30,關貿網路股份有限公司
6184,.TW,6184.TW,20,大豐有線電視股份有限公司
6189,.TW,6189.TW,29,豐藝電子股份有限公司
6191,.TW,6191.TW,28,精成科技股份有限公司
6192,.TW,6192.TW,31,巨路國際股份有限公司
6196,.TW,6196.TW,31,帆宣系統科技股份有限公司
6197,.TW,6197.TW,28,佳必琪國際股份有限公司
6201,.TW,6201.TW,31,亞弘電科技股份有限公司
6202,.TW,6202.TW,24,盛群半導體股份有限公司
6205,.TW,6205.TW,28,詮欣股份有限公司
6206,.TW,6206.TW,25,飛捷科技股份有限公司
6209,.TW,6209.TW,26,今國光學工業股份有限公司
6213,.TW,6213.TW,28,聯茂電子股份有限公司
6214,.TW,6214.TW,30,精誠資訊股份有限公司
6215,.TW,6215.TW,31,和椿科技股份有限公司
6216,.TW,6216.TW,27,居易科技股份有限公司
6224,.TW,6224.TW,28,聚鼎科技股份有限公司
6225,.TW,6225.TW,26,天瀚科技股份有限公司
6226,.TW,6226.TW,26,光鼎電子股份有限公司
6230,.TW,6230.TW,25,尼得科超眾科技股份有限公司
6235,.TW,6235.TW,25,華孚科技股份有限公司
6239,.TW,6239.TW,24,力成科技股份有限公司
6243,.TW,6243.TW,24,迅杰科技股份有限公司
6257,.TW,6257.TW,24,矽格股份有限公司
6269,.TW,6269.TW,28,台郡科技股份有限公司
6271,.TW,6271.TW,24,同欣電子工業股份有限公司
6272,.TW,6272.TW,28,驊陞科技股份有限公司
6277,.TW,6277.TW,25,宏正自動科技股份有限公司
6278,.TW,6278.TW,26,台灣表面黏著科技股份有限公司
6281,.TW,6281.TW,29,全國電子股份有限公司
6282,.TW,6282.TW,28,康舒科技股份有限公司
6283,.TW,6283.TW,31,淳安電子股份有限公司
6285,.TW,6285.TW,27,啟碁科技股份有限公司
6405,.TW,6405.TW,26,悅城科技股份有限公司
6409,.TW,6409.TW,31,旭隼科技股份有限公司
6412,.TW,6412.TW,28,群光電能科技股份有限公司
6414,.TW,6414.TW,25,樺漢科技股份有限公司
6415,.TW,6415.TW,24,矽力杰股份有限公司
6416,.TW,6416.TW,27,瑞祺電通股份有限公司
6426,.TW,6426.TW,27,統新光訊股份有限公司
6431,.TW,6431.TW,22,光麗生技控股股份有限公司
6438,.TW,6438.TW,31,迅得機械股份有限公司
6442,.TW,6442.TW,27,光紅建聖股份有限公司
6443,.TW,6443.TW,26,元晶太陽能科技股份有限公司
6446,.TW,6446.TW,22,藥華醫藥股份有限公司
6449,.TW,6449.TW,28,鈺邦科技股份有限公司
6451,.TW,6451.TW,24,訊芯科技控股股份有限公司
6456,.TW,6456.TW,26,GIS Holding Limited
6464,.TW,6464.TW,20,台灣數位光訊科技股份有限公司
6472,.TW,6472.TW,22,保瑞藥業股份有限公司
6477,.TW,6477.TW,26,安集科技股份有限公司
6491,.TW,6491.TW,22,晶碩光學股份有限公司
6504,.TW,6504.TW,20,南六企業股份有限公司
6505,.TW,6505.TW,23,台塑石化股份有限公司
6515,.TW,6515.TW,24,穎崴科技股份有限公司
6525,.TW,6525.TW,24,捷敏股份有限公司
6526,.TW,6526.TW,24,達發科技股份有限公司
6531,.TW,6531.TW,24,愛普科技股份有限公司
6533,.TW,6533.TW,24,晶心科技股份有限公司
6534,.TW,6534.TW,22,正瀚生技股份有限公司
6541,.TW,6541.TW,22,泰福生技股份有限公司
6550,.TW,6550.TW,22,北極星藥業集團股份有限公司
6552,.TW,6552.TW,24,易華電子股份有限公司
6558,.TW,6558.TW,31,興能高科技股份有限公司
6573,.TW,6573.TW,24,虹揚發展科技股份有限公司
6579,.TW,6579.TW,25,研揚科技股份有限公司
6581,.TW,6581.TW,35,台灣鋼聯股份有限公司
6582,.TW,6582.TW,11,申豐特用應材股份有限公司
6585,.TW,6585.TW,20,鼎基先進材料股份有限公司
6589,.TW,6589.TW,22,台康生技股份有限公司
6591,.TW,6591.TW,25,動力科技股份有限公司
6592,.TW,6592.TW,20,和潤企業股份有限公司
6598,.TW,6598.TW,22,Applied BioCode Corporation
6605,.TW,6605.TW,12,帝寶工業股份有限公司
6606,.TW,6606.TW,5,建德工業股份有限公司
6614,.TW,6614.TW,36,資拓宏宇國際股份有限公司
6625,.TW,6625.TW,20,必應創造股份有限公司
6641,.TW,6641.TW,35,基士德科技股份有限公司
6645,.TW,6645.TW,22,金萬林企業股份有限公司
6655,.TW,6655.TW,20,科定企業股份有限公司
6657,.TW,6657.TW,22,華安醫學股份有限公司
6658,.TW,6658.TW,31,聯策科技股份有限公司
6666,.TW,6666.TW,22,羅麗芬控股股份有限公司
6668,.TW,6668.TW,26,中揚光電股份有限公司
6669,.TW,6669.TW,25,緯穎科技服務股份有限公司
6670,.TW,6670.TW,37,復盛應用科技股份有限公司
6671,.TW,6671.TW,38,三能集團控股股份有限公司
6672,.TW,6672.TW,28,騰輝電子國際集團股份有限公司
6674,.TW,6674.TW,27,鋐寶科技股份有限公司
6689,.TW,6689.TW,36,伊雲谷數位科技股份有限公司
6691,.TW,6691.TW,31,洋基工程股份有限公司
6695,.TW,6695.TW,24,芯鼎科技股份有限公司
6698,.TW,6698.TW,31,旭暉應用材料股份有限公司
6706,.TW,6706.TW,26,惠特科技股份有限公司
6715,.TW,6715.TW,28,嘉基科技股份有限公司
6719,.TW,6719.TW,24,力智電子股份有限公司
6722,.TW,6722.TW,31,輝創電子股份有限公司
6742,.TW,6742.TW,26,澤米科技股份有限公司
6743,.TW,6743.TW,31,安普新股份有限公司
6753,.TW,6753.TW,15,龍德造船工業股份有限公司
6754,.TW,6754.TW,38,匯僑室內裝修設計股份有限公司
6756,.TW,6756.TW,24,威鋒電子股份有限公司
6757,.TW,6757.TW,15,台灣虎航股份有限公司
6768,.TW,6768.TW,37,志強國際企業股份有限公司
6770,.TW,6770.TW,24,力晶積成電子製造股份有限公司
6771,.TW,6771.TW,35,平和環保科技股份有限公司
6776,.TW,6776.TW,29,展碁國際股份有限公司
6781,.TW,6781.TW,28,"AES Holding Co., Ltd."
6782,.TW,6782.TW,22,視陽光學股份有限公司
6789,.TW,6789.TW,24,采鈺科技股份有限公司
6790,.TW,6790.TW,9,永豐餘消費品實業股份有限公司
6792,.TW,6792.TW,27,詠業科技股份有限公司
6794,.TW,6794.TW,22,向榮生醫科技股份有限公司
6796,.TW,6796.TW,22,晉弘科技股份有限公司
6799,.TW,6799.TW,24,來頡科技股份有限公司
6805,.TW,6805.TW,28,富世達股份有限公司
6806,.TW,6806.TW,35,森崴能源股份有限公司
6807,.TW,6807.TW,38,峰源集團股份有限公司
6830,.TW,6830.TW,31,汎銓科技股份有限公司
6831,.TW,6831.TW,25,邁&#33834;科技股份有限公司
6834,.TW,6834.TW,28,天二科技股份有限公司
6835,.TW,6835.TW,28,圓裕企業股份有限公司
6838,.TW,6838.TW,22,台新藥股份有限公司
6854,.TW,6854.TW,24,PlayNitride Inc.
6861,.TW,6861.TW,22,睿生光電股份有限公司
6862,.TW,6862.TW,28,三集瑞科技國際集團股份有限公司
6863,.TW,6863.TW,27,Arizon RFID Technology
6869,.TW,6869.TW,35,雲豹能源科技股份有限公司
6873,.TW,6873.TW,35,泓德能源科技股份有限公司
6885,.TW,6885.TW,22,全福生物科技股份有限公司
6887,.TW,6887.TW,35,寶綠特資源再生工程股份有限公司
6890,.TW,6890.TW,37,來億興業股份有限公司
6901,.TW,6901.TW,20,鑽石生技投資股份有限公司
6902,.TW,6902.TW,36,走著瞧股份有限公司
6906,.TW,6906.TW,36,現觀科技股份有限公司
6908,.TW,6908.TW,29,宏碁遊戲股份有限公司
6909,.TW,6909.TW,24,創控科技股份有限公司
6914,.TW,6914.TW,20,阜爾運通股份有限公司
6916,.TW,6916.TW,26,華凌光電股份有限公司
6918,.TW,6918.TW,22,愛派司生技股份有限公司
6919,.TW,6919.TW,22,康霈生技股份有限公司
6921,.TW,6921.TW,24,嘉雨思科技股份有限公司
6923,.TW,6923.TW,35,中台資源科技股份有限公司
6924,.TW,6924.TW,28,榮惠集團(開曼)股份有限公司
6928,.TW,6928.TW,25,攸泰科技股份有限公司
6931,.TW,6931.TW,22,青松健康股份有限公司
6933,.TW,6933.TW,25,艾瑪斯科技控股股份有限公司
6934,.TW,6934.TW,22,心誠鎂行動醫電股份有限公司
6936,.TW,6936.TW,22,永鴻國際生技股份有限公司
6937,.TW,6937.TW,24,天虹科技股份有限公司
6944,.TW,6944.TW,35,兆聯實業股份有限公司
6949,.TW,6949.TW,22,沛爾生技醫藥股份有限公司
6951,.TW,6951.TW,35,青新環境工程股份有限公司
6952,.TW,6952.TW,20,大武山牧場科技股份有限公司
6955,.TW,6955.TW,22,邦睿生技股份有限公司
6957,.TW,6957.TW,20,裕慶金屬股份有限公司
6958,.TW,6958.TW,20,日盛台駿國際租賃股份有限公司
6962,.TW,6962.TW,24,ITH Corporation
6965,.TW,6965.TW,37,中傑投資控股股份有限公司
6969,.TW,6969.TW,35,成信實業股份有限公司
6988,.TW,6988.TW,12,威力暘電子股份有限公司
6994,.TW,6994.TW,35,富威電力股份有限公司
7610,.TW,7610.TW,35,聯友金屬科技股份有限公司
7631,.TW,7631.TW,31,聚賢研發股份有限公司
7705,.TW,7705.TW,16,三商餐飲股份有限公司
7711,.TW,7711.TW,25,永擎電子股份有限公司
7721,.TW,7721.TW,36,微程式資訊股份有限公司
7722,.TW,7722.TW,36,連加網路商業股份有限公司
7730,.TW,7730.TW,24,暉盛科技股份有限公司
7732,.TW,7732.TW,12,金興精密工業股份有限公司
7736,.TW,7736.TW,12,虎山實業股份有限公司
7740,.TW,7740.TW,35,熙特爾新能源股份有限公司
7749,.TW,7749.TW,24,意騰科技股份有限公司
7750,.TW,7750.TW,5,新代科技股份有限公司
7765,.TW,7765.TW,36,中華資安國際股份有限公司
7769,.TW,7769.TW,24,鴻勁精密股份有限公司
7780,.TW,7780.TW,2,大研生醫國際股份有限公司
7786,.TW,7786.TW,35,東方風能科技股份有限公司
7788,.TW,7788.TW,28,松川精密股份有限公司
7791,.TW,7791.TW,2,皇家可口股份有限公司
7795,.TW,7795.TW,28,長廣精機股份有限公司
7799,.TW,7799.TW,22,禾榮科技股份有限公司
7822,.TW,7822.TW,24,倍利科技股份有限公司
7823,.TW,7823.TW,36,奧義賽博科技股份有限公司
8011,.TW,8011.TW,27,台通光電股份有限公司
8016,.TW,8016.TW,24,矽創電子股份有限公司
8021,.TW,8021.TW,31,尖點科技股份有限公司
8028,.TW,8028.TW,24,昇陽國際半導體股份有限公司
8033,.TW,8033.TW,20,雷虎科技股份有限公司
8039,.TW,8039.TW,28,台虹科技股份有限公司
8045,.TW,8045.TW,27,達運光電股份有限公司
8046,.TW,8046.TW,28,南亞電路板股份有限公司
8070,.TW,8070.TW,29,長華電材股份有限公司
8072,.TW,8072.TW,29,陞泰科技股份有限公司
8081,.TW,8081.TW,24,致新科技股份有限公司
8101,.TW,8101.TW,27,華冠通訊股份有限公司
8103,.TW,8103.TW,28,瀚荃股份有限公司
8104,.TW,8104.TW,26,錸寶科技股份有限公司
8105,.TW,8105.TW,26,凌巨科技股份有限公司
8110,.TW,8110.TW,24,華東科技股份有限公司
8112,.TW,8112.TW,29,至上電子股份有限公司
8114,.TW,8114.TW,25,振樺電子股份有限公司
8131,.TW,8131.TW,24,福懋科技股份有限公司
8150,.TW,8150.TW,24,南茂科技股份有限公司
8162,.TW,8162.TW,24,微矽電子股份有限公司
8163,.TW,8163.TW,25,達方電子股份有限公司
8201,.TW,8201.TW,31,無敵科技股份有限公司
8210,.TW,8210.TW,25,勤誠興業股份有限公司
8213,.TW,8213.TW,28,志超科技股份有限公司
8215,.TW,8215.TW,26,明基材料股份有限公司
8222,.TW,8222.TW,5,寶一科技股份有限公司
8249,.TW,8249.TW,28,菱光科技股份有限公司
8261,.TW,8261.TW,24,富鼎先進電子股份有限公司
8271,.TW,8271.TW,24,宇瞻科技股份有限公司
8341,.TW,8341.TW,35,日友環保科技股份有限公司
8367,.TW,8367.TW,15,建新國際股份有限公司
8374,.TW,8374.TW,5,羅昇企業股份有限公司
8404,.TW,8404.TW,20,百和興業股份有限公司(開曼)
8411,.TW,8411.TW,20,福貞控股股份有限公司
8422,.TW,8422.TW,35,可寧衛股份有限公司
8429,.TW,8429.TW,18,金麗集團控股有限公司
8438,.TW,8438.TW,35,昶昕實業股份有限公司
8442,.TW,8442.TW,20,威宏控股股份有限公司
8443,.TW,8443.TW,18,阿瘦實業股份有限公司
8454,.TW,8454.TW,36,富邦媒體科技股份有限公司
8462,.TW,8462.TW,37,柏文健康事業股份有限公司
8463,.TW,8463.TW,20,潤泰精密材料股份有限公司
8464,.TW,8464.TW,38,億豐綜合工業股份有限公司
8466,.TW,8466.TW,20,美吉吉國際股份有限公司
8467,.TW,8467.TW,37,波力環球企業股份有限公司
8473,.TW,8473.TW,35,山林水環境工程股份有限公司
8476,.TW,8476.TW,35,台境企業股份有限公司
8478,.TW,8478.TW,37,東哥企業股份有限公司
8481,.TW,8481.TW,20,政伸企業股份有限公司
8482,.TW,8482.TW,38,商億全球控股有限公司
8487,.TW,8487.TW,36,愛爾達科技股份有限公司
8488,.TW,8488.TW,20,吉源控股股份有限公司
8499,.TW,8499.TW,31,鼎炫投資控股股份有限公司
8926,.TW,8926.TW,23,台灣汽電共生股份有限公司
8940,.TW,8940.TW,16,新天地國際實業股份有限公司
8996,.TW,8996.TW,5,高力熱處理工業股份有限公司
9103,.TW,9103.TW,91,美德向邦醫療國際股份有限公司
9105,.TW,9105.TW,91,泰金寶科技股份有限公司
9110,.TW,9110.TW,91,越南製造加工出口控股有限公司
9136,.TW,9136.TW,91,巨騰國際控股有限公司
9802,.TW,9802.TW,37,鈺齊國際股份有限公司
9902,.TW,9902.TW,20,台火開發股份有限公司
9904,.TW,9904.TW,37,寶成工業股份有限公司
9905,.TW,9905.TW,20,大華金屬工業股份有限公司
9906,.TW,9906.TW,14,欣巴巴事業股份有限公司
9907,.TW,9907.TW,20,統一實業股份有限公司
9908,.TW,9908.TW,23,大台北區瓦斯股份有限公司
9910,.TW,9910.TW,37,豐泰企業股份有限公司
9911,.TW,9911.TW,38,台灣櫻花股份有限公司
9912,.TW,9912.TW,25,偉聯科技股份有限公司
9914,.TW,9914.TW,37,美利達工業股份有限公司
9917,.TW,9917.TW,20,中興保全科技股份有限公司
9918,.TW,9918.TW,23,欣欣天然氣股份有限公司
9919,.TW,9919.TW,20,康那香企業股份有限公司
9921,.TW,9921.TW,37,巨大機械工業股份有限公司
9924,.TW,9924.TW,38,台灣福興工業股份有限公司
9925,.TW,9925.TW,20,台灣新光保全股份有限公司
9926,.TW,9926.TW,23,新海瓦斯股份有限公司
9927,.TW,9927.TW,20,泰銘實業股份有限公司
9928,.TW,9928.TW,20,中國電視事業股份有限公司
9929,.TW,9929.TW,20,秋雨創新股份有限公司
9930,.TW,9930.TW,35,中聯資源股份有限公司
9931,.TW,9931.TW,23,欣高石油氣股份有限公司
9933,.TW,9933.TW,20,中鼎工程股份有限公司
9934,.TW,9934.TW,38,成霖企業股份有限公司
9935,.TW,9935.TW,38,慶豐富實業股份有限公司
9937,.TW,9937.TW,23,全國加油站股份有限公司
9938,.TW,9938.TW,20,台灣百和工業股份有限公司
9939,.TW,9939.TW,20,宏全國際股份有限公司
9940,.TW,9940.TW,20,信義房屋股份有限公司
9941,.TW,9941.TW,20,裕融企業股份有限公司
9942,.TW,9942.TW,20,茂順密封元件科技股份有限公司
9943,.TW,9943.TW,16,好樂迪股份有限公司
9944,.TW,9944.TW,20,新麗企業股份有限公司
9945,.TW,9945.TW,20,潤泰創新國際股份有限公司
9946,.TW,9946.TW,14,三發地產股份有限公司
9955,.TW,9955.TW,35,佳龍科技工程股份有限公司
9958,.TW,9958.TW,10,世紀鋼鐵結構股份有限公司
1240,.TWO,1240.TWO,33,茂生農經股份有限公司
1259,.TWO,1259.TWO,16,安心食品服務股份有限公司
1264,.TWO,1264.TWO,2,德麥食品股份有限公司
1268,.TWO,1268.TWO,16,漢來美食股份有限公司
1294,.TWO,1294.TWO,2,漢田生技股份有限公司
1295,.TWO,1295.TWO,2,生合生物科技股份有限公司
1336,.TWO,1336.TWO,28,台翰精密科技股份有限公司
1565,.TWO,1565.TWO,22,精華光學股份有限公司
1569,.TWO,1569.TWO,25,濱川企業股份有限公司
1570,.TWO,1570.TWO,5,力肯實業股份有限公司
1580,.TWO,1580.TWO,5,新麥企業股份有限公司
1584,.TWO,1584.TWO,20,精剛精密科技股份有限公司
1586,.TWO,1586.TWO,5,和勤精機股份有限公司
1591,.TWO,1591.TWO,5,英屬開曼群島商駿吉控股(股)公司
1593,.TWO,1593.TWO,37,祺驊股份有限公司
1595,.TWO,1595.TWO,28,川寶科技股份有限公司
1599,.TWO,1599.TWO,5,宏佳騰動力科技股份有限公司
1742,.TWO,1742.TWO,21,台灣蠟品股份有限公司
1777,.TWO,1777.TWO,22,生泰合成工業股份有限公司
1781,.TWO,1781.TWO,22,合世生醫科技股份有限公司
1784,.TWO,1784.TWO,22,訊聯生物科技股份有限公司
1785,.TWO,1785.TWO,31,光洋應用材料科技股份有限公司
1788,.TWO,1788.TWO,22,杏昌生技股份有限公司
1796,.TWO,1796.TWO,2,金穎生物科技股份有限公司
1799,.TWO,1799.TWO,22,易威生醫科技股份有限公司
1813,.TWO,1813.TWO,22,寶利徠光學科技股份有限公司
1815,.TWO,1815.TWO,28,富喬工業股份有限公司
2035,.TWO,2035.TWO,10,唐榮鐵工廠股份有限公司
2061,.TWO,2061.TWO,6,風青實業股份有限公司
2063,.TWO,2063.TWO,10,世鎧精密股份有限公司
2064,.TWO,2064.TWO,10,晉椿工業股份有限公司
2065,.TWO,2065.TWO,10,世豐螺絲股份有限公司
2066,.TWO,2066.TWO,5,世德工業股份有限公司
2067,.TWO,2067.TWO,5,嘉鋼精密工業股份有限公司
2070,.TWO,2070.TWO,5,精湛光學科技股份有限公司
2073,.TWO,2073.TWO,10,雄順金屬股份有限公司
2221,.TWO,2221.TWO,20,大甲永和機械工業股份有限公司
2230,.TWO,2230.TWO,5,泰茂實業股份有限公司
2235,.TWO,2235.TWO,5,謚源實業股份有限公司
2596,.TWO,2596.TWO,14,綠意開發股份有限公司
2640,.TWO,2640.TWO,36,台灣大車隊股份有限公司
2641,.TWO,2641.TWO,15,正德海運股份有限公司
2643,.TWO,2643.TWO,15,捷迅股份有限公司
2718,.TWO,2718.TWO,14,全心投資控股股份有限公司
2719,.TWO,2719.TWO,16,台鋼燦星國際旅行社股份有限公司
2724,.TWO,2724.TWO,20,藝舍國際創新股份有限公司
2726,.TWO,2726.TWO,16,雅茗天地股份有限公司
2729,.TWO,2729.TWO,16,瓦城泰統股份有限公司
2732,.TWO,2732.TWO,16,六角國際事業股份有限公司
2734,.TWO,2734.TWO,16,易飛網國際旅行社股份有限公司
2736,.TWO,2736.TWO,16,富野大飯店股份有限公司
2740,.TWO,2740.TWO,16,華軒地產股份有限公司
2743,.TWO,2743.TWO,16,山富國際旅行社股份有限公司
2745,.TWO,2745.TWO,16,五福旅行社股份有限公司
2751,.TWO,2751.TWO,16,王座國際餐飲股份有限公司
2752,.TWO,2752.TWO,16,豆府股份有限公司
2754,.TWO,2754.TWO,16,亞洲藏壽司股份有限公司
2755,.TWO,2755.TWO,16,揚秦國際企業股份有限公司
2756,.TWO,2756.TWO,16,聯發國際餐飲事業股份有限公司
2916,.TWO,2916.TWO,38,滿心企業股份有限公司
2924,.TWO,2924.TWO,38,開曼群島宏太股份有限公司
2926,.TWO,2926.TWO,32,誠品生活股份有限公司
2937,.TWO,2937.TWO,38,集雅社股份有限公司
2941,.TWO,2941.TWO,38,米斯特國際企業股份有限公司
2947,.TWO,2947.TWO,38,振宇五金股份有限公司
2948,.TWO,2948.TWO,38,寶陞國際股份有限公司
2949,.TWO,2949.TWO,36,欣新網股份有限公司
3064,.TWO,3064.TWO,32,泰偉電子股份有限公司
3066,.TWO,3066.TWO,26,李洲科技股份有限公司
3067,.TWO,3067.TWO,31,全域股份有限公司
3071,.TWO,3071.TWO,25,協禧電機股份有限公司
3073,.TWO,3073.TWO,35,天方能源科技股份有限公司
3078,.TWO,3078.TWO,28,僑威科技股份有限公司
3081,.TWO,3081.TWO,27,聯亞光電工業股份有限公司
3083,.TWO,3083.TWO,32,中華網龍股份有限公司
3085,.TWO,3085.TWO,36,台鋼新零售股份有限公司
3086,.TWO,3086.TWO,32,華義國際數位娛樂股份有限公司
3088,.TWO,3088.TWO,25,艾訊股份有限公司
3093,.TWO,3093.TWO,31,台灣港建股份有限公司
3095,.TWO,3095.TWO,27,及成企業股份有限公司
3105,.TWO,3105.TWO,24,穩懋半導體股份有限公司
3114,.TWO,3114.TWO,28,好德科技股份有限公司
3115,.TWO,3115.TWO,28,富育榮綱股份有限公司
3118,.TWO,3118.TWO,22,進階生物科技股份有限公司
3122,.TWO,3122.TWO,24,笙泉科技股份有限公司
3128,.TWO,3128.TWO,26,昇銳智慧科技股份有限公司
3131,.TWO,3131.TWO,31,弘塑科技股份有限公司
3141,.TWO,3141.TWO,24,晶宏半導體股份有限公司
3147,.TWO,3147.TWO,30,大綜電腦系統股份有限公司
3152,.TWO,3152.TWO,27,璟德電子工業股份有限公司
3158,.TWO,3158.TWO,30,嘉實資訊股份有限公司
3162,.TWO,3162.TWO,5,精確實業股份有限公司
3163,.TWO,3163.TWO,27,波若威科技股份有限公司
3169,.TWO,3169.TWO,24,亞信電子股份有限公司
3171,.TWO,3171.TWO,38,炎洲流通股份有限公司
3176,.TWO,3176.TWO,22,基亞生物科技股份有限公司
3178,.TWO,3178.TWO,24,公準精密工業股份有限公司
3188,.TWO,3188.TWO,14,鑫龍騰開發股份有限公司
3191,.TWO,3191.TWO,28,雲嘉南科技股份有限公司
3205,.TWO,3205.TWO,22,佰研生化科技股份有限公司
3206,.TWO,3206.TWO,28,志豐電子股份有限公司
3207,.TWO,3207.TWO,28,耀勝電子股份有限公司
3211,.TWO,3211.TWO,25,順達科技股份有限公司
3213,.TWO,3213.TWO,25,茂訊電腦股份有限公司
3217,.TWO,3217.TWO,28,優群科技股份有限公司
3218,.TWO,3218.TWO,22,大學光學科技股份有限公司
3219,.TWO,3219.TWO,31,倚強科技股份有限公司
3221,.TWO,3221.TWO,27,台灣嘉碩科技股份有限公司
3224,.TWO,3224.TWO,29,三顧股份有限公司
3226,.TWO,3226.TWO,5,龍鋒科技股份有限公司
3227,.TWO,3227.TWO,24,原相科技股份有限公司
3228,.TWO,3228.TWO,24,金麗科技股份有限公司
3230,.TWO,3230.TWO,26,錦明實業股份有限公司
3232,.TWO,3232.TWO,29,昱捷股份有限公司
3234,.TWO,3234.TWO,27,光環科技股份有限公司
3236,.TWO,3236.TWO,28,千如電機工業股份有限公司
3252,.TWO,3252.TWO,16,海灣國際開發(股)公司
3259,.TWO,3259.TWO,24,鑫創科技股份有限公司
3260,.TWO,3260.TWO,24,威剛科技股份有限公司
3264,.TWO,3264.TWO,24,欣銓科技股份有限公司
3265,.TWO,3265.TWO,24,台星科股份有限公司
3268,.TWO,3268.TWO,24,海德威電子工業股份有限公司
3272,.TWO,3272.TWO,25,東碩資訊股份有限公司
3276,.TWO,3276.TWO,28,宇環科技股份有限公司
3284,.TWO,3284.TWO,20,太普高精密影像股份有限公司
3285,.TWO,3285.TWO,31,微端科技股份有限公司
3287,.TWO,3287.TWO,25,廣寰科技股份有限公司
3288,.TWO,3288.TWO,28,點晶科技股份有限公司
3289,.TWO,3289.TWO,31,宜特科技股份有限公司
3290,.TWO,3290.TWO,28,東浦精密光電股份有限公司
3293,.TWO,3293.TWO,32,鈊象電子股份有限公司
3294,.TWO,3294.TWO,28,英濟股份有限公司
3297,.TWO,3297.TWO,26,杭特電子股份有限公司
3303,.TWO,3303.TWO,31,岱稜科技股份有限公司
3306,.TWO,3306.TWO,27,鼎天國際股份有限公司
3310,.TWO,3310.TWO,28,佳穎精密企業股份有限公司
3313,.TWO,3313.TWO,20,斐成開發科技股份有限公司
3317,.TWO,3317.TWO,24,尼克森微電子股份有限公司
3322,.TWO,3322.TWO,28,建舜電子製造股份有限公司
3323,.TWO,3323.TWO,25,加百裕工業股份有限公司
3324,.TWO,3324.TWO,31,雙鴻科技股份有限公司
3325,.TWO,3325.TWO,25,旭品科技股份有限公司
3332,.TWO,3332.TWO,28,幸康電子股份有限公司
3339,.TWO,3339.TWO,26,泰谷光電科技股份有限公司
3349,.TWO,3349.TWO,25,寶德科技股份有限公司
3354,.TWO,3354.TWO,28,律勝科技股份有限公司
3357,.TWO,3357.TWO,28,西北臺慶科技股份有限公司
3360,.TWO,3360.TWO,29,尚立股份有限公司
3362,.TWO,3362.TWO,26,先進光電科技股份有限公司
3363,.TWO,3363.TWO,27,上詮光纖通信股份有限公司
3372,.TWO,3372.TWO,24,台灣典範半導體股份有限公司
3373,.TWO,3373.TWO,31,熱映光電股份有限公司
3374,.TWO,3374.TWO,24,精材科技股份有限公司
3379,.TWO,3379.TWO,5,彬台科技股份有限公司
3388,.TWO,3388.TWO,28,崇越電通股份有限公司
3390,.TWO,3390.TWO,28,旭軟電子科技股份有限公司
3402,.TWO,3402.TWO,31,漢科系統科技股份有限公司
3426,.TWO,3426.TWO,5,台興電子企業股份有限公司
3430,.TWO,3430.TWO,21,奇鈦科技股份有限公司
3434,.TWO,3434.TWO,26,哲固資訊科技股份有限公司
3438,.TWO,3438.TWO,24,台灣類比科技股份有限公司
3441,.TWO,3441.TWO,26,聯一光電股份有限公司
3444,.TWO,3444.TWO,29,利機企業股份有限公司
3455,.TWO,3455.TWO,26,由田新技股份有限公司
3465,.TWO,3465.TWO,31,進泰電子科技股份有限公司
3466,.TWO,3466.TWO,27,德晉科技股份有限公司
3467,.TWO,3467.TWO,24,台灣精材股份有限公司
3479,.TWO,3479.TWO,25,安勤科技股份有限公司
3483,.TWO,3483.TWO,25,力致科技股份有限公司
3484,.TWO,3484.TWO,28,崧騰企業股份有限公司
3489,.TWO,3489.TWO,14,森寶開發股份有限公司
3490,.TWO,3490.TWO,26,單井工業股份有限公司
3491,.TWO,3491.TWO,27,昇達科技股份有限公司
3492,.TWO,3492.TWO,28,長盛科技股份有限公司
3498,.TWO,3498.TWO,31,陽程科技股份有限公司
3499,.TWO,3499.TWO,27,環天世通科技股份有限公司
3508,.TWO,3508.TWO,31,位速科技股份有限公司
3511,.TWO,3511.TWO,28,矽瑪科技股份有限公司
3512,.TWO,3512.TWO,14,皇龍開發股份有限公司
3516,.TWO,3516.TWO,26,亞帝歐光電股份有限公司
3520,.TWO,3520.TWO,28,華盈電子股份有限公司
3521,.TWO,3521.TWO,14,台鋼建設事業股份有限公司
3522,.TWO,3522.TWO,16,御嵿國際股份有限公司
3523,.TWO,3523.TWO,26,迎輝科技股份有限公司
3526,.TWO,3526.TWO,28,凡甲科技股份有限公司
3527,.TWO,3527.TWO,24,聚積科技股份有限公司
3529,.TWO,3529.TWO,24,力旺電子股份有限公司
3531,.TWO,3531.TWO,26,先益電子工業股份有限公司
3537,.TWO,3537.TWO,28,堡達實業股份有限公司
3540,.TWO,3540.TWO,25,曜越科技股份有限公司
3541,.TWO,3541.TWO,31,西柏科技股份有限公司
3546,.TWO,3546.TWO,32,宇峻奧汀科技股份有限公司
3548,.TWO,3548.TWO,28,兆利科技工業股份有限公司
3551,.TWO,3551.TWO,35,世禾科技股份有限公司
3552,.TWO,3552.TWO,31,同致電子企業股份有限公司
3555,.TWO,3555.TWO,24,博士旺創新股份有限公司
3556,.TWO,3556.TWO,24,禾瑞亞科技股份有限公司
3558,.TWO,3558.TWO,27,神準科技股份有限公司
3564,.TWO,3564.TWO,27,其陽科技股份有限公司
3567,.TWO,3567.TWO,24,逸昌科技股份有限公司
3570,.TWO,3570.TWO,30,大塚資訊科技股份有限公司
3577,.TWO,3577.TWO,25,泓格科技股份有限公司
3580,.TWO,3580.TWO,31,友威科技股份有限公司
3581,.TWO,3581.TWO,24,博磊科技股份有限公司
3587,.TWO,3587.TWO,31,閎康科技股份有限公司
3594,.TWO,3594.TWO,25,磐儀科技股份有限公司
3597,.TWO,3597.TWO,28,映興電子股份有限公司
3609,.TWO,3609.TWO,28,三一東林科技股份有限公司
3611,.TWO,3611.TWO,25,鼎翰科技股份有限公司
3615,.TWO,3615.TWO,26,安可光電股份有限公司
3623,.TWO,3623.TWO,26,富晶通科技股份有限公司
3624,.TWO,3624.TWO,28,光頡科技股份有限公司
3625,.TWO,3625.TWO,25,西勝國際股份有限公司
3628,.TWO,3628.TWO,31,盈正豫順電子股份有限公司
3629,.TWO,3629.TWO,32,地心引力股份有限公司
3630,.TWO,3630.TWO,26,新鉅科技股份有限公司
3631,.TWO,3631.TWO,28,晟楠科技股份有限公司
3632,.TWO,3632.TWO,27,研勤科技股份有限公司
3646,.TWO,3646.TWO,28,艾恩特精密工業股份有限公司
3663,.TWO,3663.TWO,31,鑫科材料科技股份有限公司
3664,.TWO,3664.TWO,27,安瑞科技股份有限公司
3666,.TWO,3666.TWO,26,光耀科技股份有限公司
3672,.TWO,3672.TWO,27,康聯訊科技股份有限公司
3675,.TWO,3675.TWO,24,德微科技股份有限公司
3680,.TWO,3680.TWO,24,家登精密工業股份有限公司
3684,.TWO,3684.TWO,27,榮昌科技股份有限公司
3685,.TWO,3685.TWO,5,元創精密車業股份有限公司
3687,.TWO,3687.TWO,36,茂為歐買尬數位科技股份有限公司
3689,.TWO,3689.TWO,28,湧德電子股份有限公司
3691,.TWO,3691.TWO,26,碩禾電子材料股份有限公司
3693,.TWO,3693.TWO,25,營邦企業股份有限公司
3707,.TWO,3707.TWO,24,漢磊科技股份有限公司
3709,.TWO,3709.TWO,25,鑫聯大投資控股股份有限公司
3710,.TWO,3710.TWO,28,連展投資控股股份有限公司
3713,.TWO,3713.TWO,35,新晶投資控股股份有限公司
4102,.TWO,4102.TWO,22,永日化學工業股份有限公司
4105,.TWO,4105.TWO,22,台灣東洋藥品工業股份有限公司
4107,.TWO,4107.TWO,22,邦特生物科技股份有限公司
4109,.TWO,4109.TWO,22,加捷生醫股份有限公司
4111,.TWO,4111.TWO,22,濟生醫藥生技股份有限公司
4113,.TWO,4113.TWO,14,聯上實業股份有限公司
4114,.TWO,4114.TWO,22,健喬信元醫藥生技股份有限公司
4116,.TWO,4116.TWO,22,明基三豐醫療器材股份有限公司
4120,.TWO,4120.TWO,22,友華生技醫藥股份有限公司
4121,.TWO,4121.TWO,22,優盛醫學科技股份有限公司
4123,.TWO,4123.TWO,22,晟德大藥廠股份有限公司
4126,.TWO,4126.TWO,22,太平洋醫材股份有限公司
4127,.TWO,4127.TWO,22,天良生物科技企業股份有限公司
4128,.TWO,4128.TWO,22,中天生物科技股份有限公司
4129,.TWO,4129.TWO,22,聯合骨科器材股份有限公司
4130,.TWO,4130.TWO,22,健亞生物科技股份有限公司
4131,.TWO,4131.TWO,22,浩泰精準股份有限公司
4138,.TWO,4138.TWO,22,曜亞國際股份有限公司
4139,.TWO,4139.TWO,22,馬光保健控股股份有限公司
4147,.TWO,4147.TWO,22,中裕新藥股份有限公司
4153,.TWO,4153.TWO,22,鈺緯科技開發股份有限公司
4154,.TWO,4154.TWO,20,樂威科股份有限公司
4157,.TWO,4157.TWO,22,太景醫藥研發控股股份有限公司
4160,.TWO,4160.TWO,22,訊聯基因數位股份有限公司
4161,.TWO,4161.TWO,22,聿新生物科技股份有限公司
4162,.TWO,4162.TWO,22,智擎生技製藥股份有限公司
4163,.TWO,4163.TWO,22,鐿鈦科技股份有限公司
4166,.TWO,4166.TWO,22,友霖生技醫藥股份有限公司
4167,.TWO,4167.TWO,22,松瑞製藥股份有限公司
4168,.TWO,4168.TWO,22,台灣醣聯生技醫藥股份有限公司
4171,.TWO,4171.TWO,33,瑞基海洋生物科技股份有限公司
4173,.TWO,4173.TWO,22,久裕企業股份有限公司
4174,.TWO,4174.TWO,22,台灣浩鼎生技股份有限公司
4175,.TWO,4175.TWO,22,杏一醫療用品股份有限公司
4183,.TWO,4183.TWO,22,福永生物科技股份有限公司
4188,.TWO,4188.TWO,22,安克生醫股份有限公司
4192,.TWO,4192.TWO,22,杏國新藥股份有限公司
4198,.TWO,4198.TWO,22,欣大健康投資控股股份有限公司
4205,.TWO,4205.TWO,2,中華食品實業股份有限公司
4207,.TWO,4207.TWO,2,環泰企業股份有限公司
4303,.TWO,4303.TWO,3,信立化學工業股份有限公司
4304,.TWO,4304.TWO,3,勝昱科技股份有限公司
4305,.TWO,4305.TWO,3,世坤塑膠股份有限公司
4401,.TWO,4401.TWO,4,東隆興業股份有限公司
4402,.TWO,4402.TWO,4,郡都開發股份有限公司
4406,.TWO,4406.TWO,4,新昕纖維股份有限公司
4413,.TWO,4413.TWO,4,飛寶企業股份有限公司
4416,.TWO,4416.TWO,14,三圓建設股份有限公司
4417,.TWO,4417.TWO,4,金洲海洋科技股份有限公司
4419,.TWO,4419.TWO,16,皇家國際美食股份有限公司
4420,.TWO,4420.TWO,4,光明絲織廠股份有限公司
4430,.TWO,4430.TWO,20,耀億工業股份有限公司
4432,.TWO,4432.TWO,4,銘旺實業股份有限公司
4433,.TWO,4433.TWO,4,興采實業股份有限公司
4442,.TWO,4442.TWO,4,開曼群島商竣邦國際股份有限公司
4502,.TWO,4502.TWO,5,健信科技工業股份有限公司
4503,.TWO,4503.TWO,5,金雨企業股份有限公司
4506,.TWO,4506.TWO,5,崇友實業(股)公司
4510,.TWO,4510.TWO,5,高鋒工業股份有限公司
4513,.TWO,4513.TWO,5,福裕事業股份有限公司
4523,.TWO,4523.TWO,5,永彰科技股份有限公司
4527,.TWO,4527.TWO,5,(方方土)霖冷凍機械股份有限公司
4528,.TWO,4528.TWO,5,江興鍛壓工業股份有限公司
4529,.TWO,4529.TWO,20,淳紳股份有限公司
4530,.TWO,4530.TWO,16,宏易創新國際股份有限公司
4533,.TWO,4533.TWO,5,協易機械工業股份有限公司
4534,.TWO,4534.TWO,5,慶騰精密科技股份有限公司
4535,.TWO,4535.TWO,5,至興精機股份有限公司
4538,.TWO,4538.TWO,5,大詠城機械股份有限公司
4541,.TWO,4541.TWO,20,晟田科技工業股份有限公司
4542,.TWO,4542.TWO,28,科嶠工業股份有限公司
4543,.TWO,4543.TWO,5,萬在工業股份有限公司
4549,.TWO,4549.TWO,5,桓達科技股份有限公司
4550,.TWO,4550.TWO,5,長佳機電工程股份有限公司
4554,.TWO,4554.TWO,31,橙的電子股份有限公司
4556,.TWO,4556.TWO,20,旭然國際股份有限公司
4558,.TWO,4558.TWO,5,寶緯工業股份有限公司
4561,.TWO,4561.TWO,5,健椿工業股份有限公司
4563,.TWO,4563.TWO,5,百德機械股份有限公司
4568,.TWO,4568.TWO,5,科際精密股份有限公司
4577,.TWO,4577.TWO,31,達航科技股份有限公司
4580,.TWO,4580.TWO,5,捷流閥業股份有限公司
4584,.TWO,4584.TWO,5,君帆工業股份有限公司
4609,.TWO,4609.TWO,38,唐鋒實業股份有限公司
4702,.TWO,4702.TWO,38,中美聯合實業股份有限公司
4706,.TWO,4706.TWO,21,大恭化學工業股份有限公司
4707,.TWO,4707.TWO,21,磐亞股份有限公司
4711,.TWO,4711.TWO,21,永純化學工業股份有限公司
4714,.TWO,4714.TWO,21,永捷創新科技股份有限公司
4716,.TWO,4716.TWO,21,大立高分子工業股份有限公司
4721,.TWO,4721.TWO,21,美琪瑪國際股份有限公司
4726,.TWO,4726.TWO,22,永昕生物醫藥股份有限公司
4728,.TWO,4728.TWO,22,雙美生物科技股份有限公司
4729,.TWO,4729.TWO,26,熒茂光學股份有限公司
4735,.TWO,4735.TWO,22,豪展醫療科技股份有限公司
4741,.TWO,4741.TWO,21,泓瀚科技股份有限公司
4743,.TWO,4743.TWO,22,合一生技股份有限公司
4744,.TWO,4744.TWO,22,皇將科技股份有限公司
4745,.TWO,4745.TWO,22,合富醫療控股股份有限公司
4747,.TWO,4747.TWO,22,強生化學製藥廠股份有限公司
4749,.TWO,4749.TWO,24,新應材股份有限公司
4754,.TWO,4754.TWO,21,國碳科技股份有限公司
4760,.TWO,4760.TWO,31,勤凱科技股份有限公司
4767,.TWO,4767.TWO,21,誠泰工業科技股份有限公司
4768,.TWO,4768.TWO,21,晶呈科技股份有限公司
4772,.TWO,4772.TWO,21,台灣特品化學股份有限公司
4804,.TWO,4804.TWO,16,大略國際控股有限公司
4806,.TWO,4806.TWO,32,桂田文創娛樂股份有限公司
4903,.TWO,4903.TWO,27,聯合光纖通信股份有限公司
4905,.TWO,4905.TWO,27,台聯電訊股份有限公司
4907,.TWO,4907.TWO,14,富宇地產股份有限公司
4908,.TWO,4908.TWO,27,前鼎光電股份有限公司
4909,.TWO,4909.TWO,27,新復興微波通訊股份有限公司
4911,.TWO,4911.TWO,22,德英生物科技股份有限公司
4923,.TWO,4923.TWO,24,力士科技股份有限公司
4924,.TWO,4924.TWO,25,欣厚科技股份有限公司
4931,.TWO,4931.TWO,25,新盛力科技股份有限公司
4933,.TWO,4933.TWO,26,友輝光電股份有限公司
4939,.TWO,4939.TWO,28,亞洲電材股份有限公司
4946,.TWO,4946.TWO,32,紅心辣椒娛樂科技股份有限公司
4950,.TWO,4950.TWO,10,金耘國際股份有限公司
4951,.TWO,4951.TWO,24,精拓科技股份有限公司
4953,.TWO,4953.TWO,30,緯創軟體股份有限公司
4966,.TWO,4966.TWO,24,譜瑞科技股份有限公司
4971,.TWO,4971.TWO,24,英特磊科技股份有限公司
4972,.TWO,4972.TWO,26,湯石照明科技股份有限公司
4973,.TWO,4973.TWO,24,廣穎電通股份有限公司
4974,.TWO,4974.TWO,28,亞泰影像科技股份有限公司
4979,.TWO,4979.TWO,27,華星光通科技股份有限公司
4987,.TWO,4987.TWO,25,科誠股份有限公司
4991,.TWO,4991.TWO,24,環宇通訊半導體控股股份有限公司
4995,.TWO,4995.TWO,26,晶達光電股份有限公司
5009,.TWO,5009.TWO,10,榮剛材料科技股份有限公司
5011,.TWO,5011.TWO,10,久陽精密股份有限公司
5013,.TWO,5013.TWO,10,強新工業股份有限公司
5014,.TWO,5014.TWO,10,建錩實業股份有限公司
5015,.TWO,5015.TWO,10,華祺工業股份有限公司
5016,.TWO,5016.TWO,10,松和工業股份有限公司
5201,.TWO,5201.TWO,30,凱衛資訊股份有限公司
5202,.TWO,5202.TWO,30,力新國際科技股份有限公司
5205,.TWO,5205.TWO,35,中茂能資系統整合科技(股)公司
5206,.TWO,5206.TWO,14,坤悅開發股份有限公司
5209,.TWO,5209.TWO,20,新鼎系統股份有限公司
5210,.TWO,5210.TWO,30,寶碩財務科技股份有限公司
5211,.TWO,5211.TWO,30,蒙恬科技股份有限公司
5212,.TWO,5212.TWO,30,凌網科技股份有限公司
5213,.TWO,5213.TWO,14,亞昕國際開發股份有限公司
5220,.TWO,5220.TWO,26,萬達光電科技股份有限公司
5223,.TWO,5223.TWO,25,安力國際股份有限公司
5227,.TWO,5227.TWO,28,蓋曼立凱電能科技(股)公司
5228,.TWO,5228.TWO,28,鈺鎧科技股份有限公司
5230,.TWO,5230.TWO,26,雷笛克光學股份有限公司
5236,.TWO,5236.TWO,24,凌陽創新科技股份有限公司
5245,.TWO,5245.TWO,26,智晶光電股份有限公司
5251,.TWO,5251.TWO,26,天鉞電子股份有限公司
5263,.TWO,5263.TWO,32,智崴資訊科技股份有限公司
5272,.TWO,5272.TWO,24,笙科電子股份有限公司
5274,.TWO,5274.TWO,24,信驊科技股份有限公司
5276,.TWO,5276.TWO,20,達輝股份有限公司
5278,.TWO,5278.TWO,36,尚凡國際創新科技股份有限公司
5287,.TWO,5287.TWO,36,數字科技股份有限公司
5289,.TWO,5289.TWO,25,宜鼎國際股份有限公司
5291,.TWO,5291.TWO,28,邑昇實業股份有限公司
5299,.TWO,5299.TWO,24,杰力科技股份有限公司
5301,.TWO,5301.TWO,16,寶得利國際股份有限公司
5302,.TWO,5302.TWO,24,太欣半導體股份有限公司
5309,.TWO,5309.TWO,28,系統電子工業股份有限公司
5310,.TWO,5310.TWO,30,天剛資訊股份有限公司
5312,.TWO,5312.TWO,22,寶島光學科技股份有限公司
5314,.TWO,5314.TWO,20,世紀民生科技股份有限公司
5315,.TWO,5315.TWO,26,光聯科技股份有限公司
5321,.TWO,5321.TWO,36,美而快國際股份有限公司
5324,.TWO,5324.TWO,14,士林開發股份有限公司
5328,.TWO,5328.TWO,28,華容股份有限公司
5340,.TWO,5340.TWO,28,建榮工業材料股份有限公司
5344,.TWO,5344.TWO,24,立衛科技股份有限公司
5345,.TWO,5345.TWO,20,馥鴻建設股份有限公司
5347,.TWO,5347.TWO,24,世界先進積體電路股份有限公司
5348,.TWO,5348.TWO,37,正能量智能股份有限公司
5351,.TWO,5351.TWO,24,鈺創科技股份有限公司
5353,.TWO,5353.TWO,27,台林電通股份有限公司
5355,.TWO,5355.TWO,28,佳總興業股份有限公司
5356,.TWO,5356.TWO,25,協益電子股份有限公司
5364,.TWO,5364.TWO,16,力麗觀光開發股份有限公司
5371,.TWO,5371.TWO,26,中強光電股份有限公司
5381,.TWO,5381.TWO,28,光譜電工股份有限公司
5386,.TWO,5386.TWO,25,青雲國際科技股份有限公司
5392,.TWO,5392.TWO,26,能率創新股份有限公司
5398,.TWO,5398.TWO,20,慕康生技醫藥股份有限公司
5403,.TWO,5403.TWO,30,中菲電腦股份有限公司
5410,.TWO,5410.TWO,30,國眾電腦股份有限公司
5425,.TWO,5425.TWO,24,台灣半導體股份有限公司
5426,.TWO,5426.TWO,25,振發實業股份有限公司
5432,.TWO,5432.TWO,35,新門科技股份有限公司
5438,.TWO,5438.TWO,25,東友科技股份有限公司
5439,.TWO,5439.TWO,28,高技企業股份有限公司
5443,.TWO,5443.TWO,24,均豪精密工業股份有限公司
5450,.TWO,5450.TWO,20,南良國際股份有限公司
5452,.TWO,5452.TWO,31,佶優科技股份有限公司
5455,.TWO,5455.TWO,14,昇益開發股份有限公司
5457,.TWO,5457.TWO,28,宣德科技股份有限公司
5460,.TWO,5460.TWO,28,同協電子股份有限公司
5464,.TWO,5464.TWO,28,霖宏科技股份有限公司
5465,.TWO,5465.TWO,25,富驊企業股份有限公司
5468,.TWO,5468.TWO,24,凱鈺科技股份有限公司
5474,.TWO,5474.TWO,25,聰泰科技開發股份有限公司
5475,.TWO,5475.TWO,28,德宏工業股份有限公司
5478,.TWO,5478.TWO,32,智冠科技股份有限公司
5481,.TWO,5481.TWO,20,新華泰富股份有限公司
5483,.TWO,5483.TWO,24,中美矽晶製品股份有限公司
5487,.TWO,5487.TWO,24,通泰積體電路股份有限公司
5488,.TWO,5488.TWO,28,松普科技股份有限公司
5489,.TWO,5489.TWO,31,彩富電子股份有限公司
5490,.TWO,5490.TWO,25,同亨科技股份有限公司
5493,.TWO,5493.TWO,31,三聯科技股份有限公司
5498,.TWO,5498.TWO,28,凱崴電子股份有限公司
5508,.TWO,5508.TWO,14,永信建設開發股份有限公司
5511,.TWO,5511.TWO,14,德昌營造股份有限公司
5512,.TWO,5512.TWO,14,力麒建設股份有限公司
5514,.TWO,5514.TWO,14,三豐建設股份有限公司
5516,.TWO,5516.TWO,14,雙喜營造股份有限公司
5520,.TWO,5520.TWO,14,力泰建設企業股份有限公司
5523,.TWO,5523.TWO,14,豐謙建設股份有限公司
5529,.TWO,5529.TWO,14,鉅陞國際開發股份有限公司
5530,.TWO,5530.TWO,20,龍巖股份有限公司
5536,.TWO,5536.TWO,31,聖暉工程科技股份有限公司
5543,.TWO,5543.TWO,14,桓鼎股份有限公司
5547,.TWO,5547.TWO,14,久舜營造股份有限公司
5548,.TWO,5548.TWO,14,安倉營造股份有限公司
5601,.TWO,5601.TWO,15,臺聯貨櫃通運股份有限公司
5603,.TWO,5603.TWO,15,陸海股份有限公司
5604,.TWO,5604.TWO,20,中連誠企業股份有限公司
5609,.TWO,5609.TWO,15,中菲行國際物流股份有限公司
5701,.TWO,5701.TWO,16,劍湖山世界股份有限公司
5703,.TWO,5703.TWO,16,亞都麗緻大飯店股份有限公司
5704,.TWO,5704.TWO,16,知本老爺大酒店股份有限公司
5864,.TWO,5864.TWO,17,致和證券股份有限公司
5878,.TWO,5878.TWO,17,台名保險經紀人股份有限公司
5902,.TWO,5902.TWO,38,德記洋行股份有限公司
5903,.TWO,5903.TWO,38,全家便利商店股份有限公司
5904,.TWO,5904.TWO,38,寶雅國際股份有限公司
5905,.TWO,5905.TWO,16,南仁湖育樂股份有限公司
6015,.TWO,6015.TWO,17,宏遠證券股份有限公司
6016,.TWO,6016.TWO,17,康和綜合證券股份有限公司
6020,.TWO,6020.TWO,17,大展證券股份有限公司
6021,.TWO,6021.TWO,17,美好證券股份有限公司
6023,.TWO,6023.TWO,17,元大期貨股份有限公司
6026,.TWO,6026.TWO,17,福邦證券股份有限公司
6028,.TWO,6028.TWO,17,公勝保險經紀人股份有限公司
6101,.TWO,6101.TWO,32,寬魚國際股份有限公司
6103,.TWO,6103.TWO,24,合邦電子股份有限公司
6104,.TWO,6104.TWO,24,創惟科技股份有限公司
6109,.TWO,6109.TWO,27,亞元科技股份有限公司
6111,.TWO,6111.TWO,32,光聚晶電聯合股份有限公司
6113,.TWO,6113.TWO,29,亞矽科技股份有限公司
6114,.TWO,6114.TWO,28,久威國際股份有限公司
6118,.TWO,6118.TWO,29,建達國際股份有限公司
6121,.TWO,6121.TWO,25,新普科技股份有限公司
6122,.TWO,6122.TWO,5,擎邦國際科技工程股份有限公司
6123,.TWO,6123.TWO,30,上奇科技股份有限公司
6124,.TWO,6124.TWO,28,業強科技股份有限公司
6125,.TWO,6125.TWO,26,廣運機械工程股份有限公司
6126,.TWO,6126.TWO,28,信音企業股份有限公司
6127,.TWO,6127.TWO,28,九豪精密陶瓷股份有限公司
6129,.TWO,6129.TWO,24,普誠科技股份有限公司
6130,.TWO,6130.TWO,22,上亞科技股份有限公司
6134,.TWO,6134.TWO,28,萬旭電業股份有限公司
6138,.TWO,6138.TWO,24,茂達電子股份有限公司
6140,.TWO,6140.TWO,30,訊達電腦股份有限公司
6143,.TWO,6143.TWO,27,振曜科技股份有限公司
6144,.TWO,6144.TWO,32,得利影視股份有限公司
6146,.TWO,6146.TWO,31,耕興股份有限公司
6147,.TWO,6147.TWO,24,頎邦科技股份有限公司
6148,.TWO,6148.TWO,30,驊宏資通股份有限公司
6150,.TWO,6150.TWO,25,撼訊科技股份有限公司
6151,.TWO,6151.TWO,31,晉倫科技股份有限公司
6154,.TWO,6154.TWO,29,順發電腦股份有限公司
6156,.TWO,6156.TWO,28,松上電子股份有限公司
6158,.TWO,6158.TWO,28,禾昌興業股份有限公司
6160,.TWO,6160.TWO,25,欣技資訊股份有限公司
6161,.TWO,6161.TWO,25,捷波資訊股份有限公司
6163,.TWO,6163.TWO,27,華電聯網股份有限公司
6167,.TWO,6167.TWO,26,久正光電股份有限公司
6169,.TWO,6169.TWO,32,昱泉國際股份有限公司
6170,.TWO,6170.TWO,27,統振股份有限公司
6171,.TWO,6171.TWO,14,大城地產股份有限公司
6173,.TWO,6173.TWO,28,信昌電子陶瓷股份有限公司
6174,.TWO,6174.TWO,28,安碁科技股份有限公司
6175,.TWO,6175.TWO,28,立敦科技股份有限公司
6179,.TWO,6179.TWO,20,亞通利大能源股份有限公司
6180,.TWO,6180.TWO,32,遊戲橘子數位科技股份有限公司
6182,.TWO,6182.TWO,24,合晶科技股份有限公司
6185,.TWO,6185.TWO,28,幃翔精密股份有限公司
6186,.TWO,6186.TWO,14,新潤興業股份有限公司
6187,.TWO,6187.TWO,24,萬潤科技股份有限公司
6188,.TWO,6188.TWO,25,廣明光電股份有限公司
6190,.TWO,6190.TWO,27,萬泰科技股份有限公司
6194,.TWO,6194.TWO,28,育富電子股份有限公司
6195,.TWO,6195.TWO,38,詩肯股份有限公司
6198,.TWO,6198.TWO,14,瑞築建設股份有限公司
6199,.TWO,6199.TWO,20,天品聯合企業股份有限公司
6203,.TWO,6203.TWO,28,海韻電子工業股份有限公司
6204,.TWO,6204.TWO,28,台灣艾華電子工業股份有限公司
6207,.TWO,6207.TWO,28,雷科股份有限公司
6208,.TWO,6208.TWO,24,日揚科技股份有限公司
6210,.TWO,6210.TWO,28,慶生電子股份有限公司
6212,.TWO,6212.TWO,14,理銘開發股份有限公司
6217,.TWO,6217.TWO,28,中國探針股份有限公司
6218,.TWO,6218.TWO,27,豪勉科技股份有限公司
6219,.TWO,6219.TWO,14,富旺國際開發股份有限公司
6220,.TWO,6220.TWO,28,岳豐科技股份有限公司
6221,.TWO,6221.TWO,30,晉泰科技股份有限公司
6222,.TWO,6222.TWO,26,立軒開發建設股份有限公司
6223,.TWO,6223.TWO,24,旺矽科技股份有限公司
6227,.TWO,6227.TWO,29,茂綸股份有限公司
6228,.TWO,6228.TWO,25,全譜科技股份有限公司
6229,.TWO,6229.TWO,24,研通科技股份有限公司
6231,.TWO,6231.TWO,30,系微股份有限公司
6233,.TWO,6233.TWO,24,旺玖科技股份有限公司
6234,.TWO,6234.TWO,26,高僑自動化科技股份有限公司
6236,.TWO,6236.TWO,20,中湛股份有限公司
6237,.TWO,6237.TWO,24,驊訊電子企業股份有限公司
6240,.TWO,6240.TWO,30,松崗國際興業股份有限公司
6241,.TWO,6241.TWO,27,鑫永洋科技股份有限公司
6242,.TWO,6242.TWO,22,立康生醫事業股份有限公司
6244,.TWO,6244.TWO,26,茂迪股份有限公司
6245,.TWO,6245.TWO,27,立端科技股份有限公司
6246,.TWO,6246.TWO,26,臺龍電子股份有限公司
6248,.TWO,6248.TWO,10,沛波鋼鐵股份有限公司
6259,.TWO,6259.TWO,28,百徽股份有限公司
6261,.TWO,6261.TWO,24,久元電子股份有限公司
6263,.TWO,6263.TWO,27,普萊德科技股份有限公司
6264,.TWO,6264.TWO,14,富裔實業股份有限公司
6265,.TWO,6265.TWO,29,方土昶股份有限公司
6266,.TWO,6266.TWO,28,泰詠電子股份有限公司
6270,.TWO,6270.TWO,29,倍微科技股份有限公司
6274,.TWO,6274.TWO,28,台燿科技股份有限公司
6275,.TWO,6275.TWO,28,元山科技工業股份有限公司
6276,.TWO,6276.TWO,25,安鈦克科技股份有限公司
6279,.TWO,6279.TWO,28,胡連精密股份有限公司
6284,.TWO,6284.TWO,28,佳邦科技股份有限公司
6290,.TWO,6290.TWO,28,良維科技股份有限公司
6291,.TWO,6291.TWO,24,沛亨半導體股份有限公司
6292,.TWO,6292.TWO,28,迅德興業股份有限公司
6294,.TWO,6294.TWO,32,智基科技開發股份有限公司
6411,.TWO,6411.TWO,24,晶焱科技股份有限公司
6417,.TWO,6417.TWO,27,韋僑科技股份有限公司
6418,.TWO,6418.TWO,28,詠昇電子股份有限公司
6419,.TWO,6419.TWO,26,京晨科技股份有限公司
6423,.TWO,6423.TWO,24,億而得微電子股份有限公司
6425,.TWO,6425.TWO,5,易發精機股份有限公司
6432,.TWO,6432.TWO,28,今展科技股份有限公司
6435,.TWO,6435.TWO,24,大中積體電路股份有限公司
6441,.TWO,6441.TWO,25,廣錠科技股份有限公司
6461,.TWO,6461.TWO,22,益得生物科技股份有限公司
6462,.TWO,6462.TWO,24,神盾股份有限公司
6465,.TWO,6465.TWO,27,威潤科技股份有限公司
6469,.TWO,6469.TWO,22,大樹醫藥股份有限公司
6470,.TWO,6470.TWO,27,宇智網通股份有限公司
6474,.TWO,6474.TWO,29,華豫寧股份有限公司
6482,.TWO,6482.TWO,32,弘煜科技事業股份有限公司
6485,.TWO,6485.TWO,24,點序科技股份有限公司
6486,.TWO,6486.TWO,27,互動國際數位股份有限公司
6488,.TWO,6488.TWO,24,環球晶圓股份有限公司
6492,.TWO,6492.TWO,22,生華生物科技股份有限公司
6494,.TWO,6494.TWO,24,九齊科技股份有限公司
6496,.TWO,6496.TWO,22,科懋生物科技股份有限公司
6498,.TWO,6498.TWO,26,久禾光電股份有限公司
6499,.TWO,6499.TWO,22,益安生醫股份有限公司
6506,.TWO,6506.TWO,4,雙邦實業股份有限公司
6508,.TWO,6508.TWO,33,惠光股份有限公司
6509,.TWO,6509.TWO,21,聚和國際股份有限公司
6510,.TWO,6510.TWO,24,中華精測科技股份有限公司
6512,.TWO,6512.TWO,31,啟發電子股份有限公司
6516,.TWO,6516.TWO,30,勤崴國際科技股份有限公司
6517,.TWO,6517.TWO,26,保勝光學股份有限公司
6523,.TWO,6523.TWO,22,達爾膚生醫科技股份有限公司
6527,.TWO,6527.TWO,22,明達醫學科技股份有限公司
6530,.TWO,6530.TWO,27,創威光電股份有限公司
6532,.TWO,6532.TWO,24,瑞耘科技股份有限公司
6535,.TWO,6535.TWO,22,順天醫藥生技股份有限公司
6538,.TWO,6538.TWO,28,倉和股份有限公司
6542,.TWO,6542.TWO,32,隆中網絡股份有限公司
6546,.TWO,6546.TWO,27,正基科技股份有限公司
6547,.TWO,6547.TWO,22,高端疫苗生物製劑股份有限公司
6548,.TWO,6548.TWO,24,長華科技股份有限公司
6556,.TWO,6556.TWO,26,勝品電通股份有限公司
6560,.TWO,6560.TWO,26,欣普羅光電股份有限公司
6561,.TWO,6561.TWO,27,是方電訊股份有限公司
6568,.TWO,6568.TWO,24,宏觀微電子股份有限公司
6569,.TWO,6569.TWO,22,醫揚科技股份有限公司
6570,.TWO,6570.TWO,25,維田科技股份有限公司
6574,.TWO,6574.TWO,22,霈方國際股份有限公司
6576,.TWO,6576.TWO,22,逸達生物科技股份有限公司
6577,.TWO,6577.TWO,25,勁豐電子股份有限公司
6578,.TWO,6578.TWO,33,達邦蛋白生技股份有限公司
6584,.TWO,6584.TWO,28,南俊國際股份有限公司
6588,.TWO,6588.TWO,27,東典光電科技股份有限公司
6590,.TWO,6590.TWO,30,普鴻資訊股份有限公司
6593,.TWO,6593.TWO,30,台灣銘板股份有限公司
6596,.TWO,6596.TWO,32,寬宏藝術經紀股份有限公司
6597,.TWO,6597.TWO,28,立誠光電股份有限公司
6603,.TWO,6603.TWO,5,富強鑫精密工業股份有限公司
6609,.TWO,6609.TWO,5,台灣瀧澤科技股份有限公司
6612,.TWO,6612.TWO,22,應用奈米醫材科技股份有限公司
6613,.TWO,6613.TWO,31,朋億股份有限公司
6615,.TWO,6615.TWO,22,慧智基因股份有限公司
6616,.TWO,6616.TWO,38,特昇國際股份有限公司
6617,.TWO,6617.TWO,22,共信醫藥科技控股股份有限公司
6620,.TWO,6620.TWO,22,漢達生技醫藥股份有限公司
6624,.TWO,6624.TWO,35,萬年清環境工程股份有限公司
6629,.TWO,6629.TWO,38,泰金投資控股股份有限公司
6637,.TWO,6637.TWO,22,醫影股份有限公司
6640,.TWO,6640.TWO,24,均華精密工業股份有限公司
6642,.TWO,6642.TWO,28,富致科技股份有限公司
6643,.TWO,6643.TWO,24,&#20870;星科技股份有限公司
6649,.TWO,6649.TWO,22,台灣生醫材料股份有限公司
6651,.TWO,6651.TWO,24,全宇昕科技股份有限公司
6654,.TWO,6654.TWO,31,天正國際精密機械股份有限公司
6661,.TWO,6661.TWO,22,威健股份有限公司
6662,.TWO,6662.TWO,22,樂斯科生物科技股份有限公司
6664,.TWO,6664.TWO,28,群翊工業股份有限公司
6667,.TWO,6667.TWO,31,信紘科技股份有限公司
6679,.TWO,6679.TWO,24,鈺太科技股份有限公司
6680,.TWO,6680.TWO,25,鑫創電子股份有限公司
6683,.TWO,6683.TWO,24,雍智科技股份有限公司
6684,.TWO,6684.TWO,24,安格科技股份有限公司
6690,.TWO,6690.TWO,36,安碁資訊股份有限公司
6692,.TWO,6692.TWO,35,進金生能源服務股份有限公司
6693,.TWO,6693.TWO,24,廣閎科技股份有限公司
6697,.TWO,6697.TWO,30,東捷資訊服務股份有限公司
6703,.TWO,6703.TWO,22,軒郁國際股份有限公司
6708,.TWO,6708.TWO,24,天擎積體電路股份有限公司
6712,.TWO,6712.TWO,22,長聖國際生技股份有限公司
6716,.TWO,6716.TWO,24,應廣科技股份有限公司
6720,.TWO,6720.TWO,24,久昌科技股份有限公司
6721,.TWO,6721.TWO,20,信實保全股份有限公司
6725,.TWO,6725.TWO,31,台灣矽科宏晟科技股份有限公司
6727,.TWO,6727.TWO,28,亞泰金屬工業股份有限公司
6728,.TWO,6728.TWO,38,上洋產業股份有限公司
6730,.TWO,6730.TWO,22,常廣股份有限公司
6732,.TWO,6732.TWO,24,昇佳電子股份有限公司
6733,.TWO,6733.TWO,22,博晟生醫股份有限公司
6735,.TWO,6735.TWO,31,美達科技股份有限公司
6739,.TWO,6739.TWO,31,竹陞科技股份有限公司
6741,.TWO,6741.TWO,36,"91APP, Inc."
6751,.TWO,6751.TWO,30,智聯服務股份有限公司
6752,.TWO,6752.TWO,30,叡揚資訊股份有限公司
6761,.TWO,6761.TWO,28,穩得實業股份有限公司
6762,.TWO,6762.TWO,22,達亞國際股份有限公司
6763,.TWO,6763.TWO,36,綠界科技股份有限公司
6767,.TWO,6767.TWO,22,台灣微創醫療器材股份有限公司
6785,.TWO,6785.TWO,22,昱展新藥生技股份有限公司
6788,.TWO,6788.TWO,24,華景電通股份有限公司
6791,.TWO,6791.TWO,30,虎門科技股份有限公司
6803,.TWO,6803.TWO,35,崑鼎綠能環保股份有限公司
6804,.TWO,6804.TWO,37,明係事業股份有限公司
6811,.TWO,6811.TWO,36,宏碁資訊服務股份有限公司
6821,.TWO,6821.TWO,28,聯寶電子股份有限公司
6823,.TWO,6823.TWO,24,濾能股份有限公司
6829,.TWO,6829.TWO,24,千附精密股份有限公司
6840,.TWO,6840.TWO,31,東研信超股份有限公司
6841,.TWO,6841.TWO,22,長佳智能股份有限公司
6843,.TWO,6843.TWO,5,進典工業股份有限公司
6844,.TWO,6844.TWO,22,諾貝兒寶貝股份有限公司
6846,.TWO,6846.TWO,2,綠茵生技股份有限公司
6855,.TWO,6855.TWO,31,數泓科技股份有限公司
6856,.TWO,6856.TWO,32,鑫傳國際多媒體科技股份有限公司
6859,.TWO,6859.TWO,26,伯特光電股份有限公司
6865,.TWO,6865.TWO,36,偉康科技股份有限公司
6870,.TWO,6870.TWO,36,騰雲科技服務股份有限公司
6872,.TWO,6872.TWO,22,浩宇生醫股份有限公司
6874,.TWO,6874.TWO,30,倍力資訊股份有限公司
6875,.TWO,6875.TWO,22,國邑藥品科技股份有限公司
6877,.TWO,6877.TWO,31,鏵友益科技股份有限公司
6881,.TWO,6881.TWO,20,潤德室內裝修設計工程(股)公司
6884,.TWO,6884.TWO,30,海柏特股份有限公司
6894,.TWO,6894.TWO,35,衛司特科技股份有限公司
6895,.TWO,6895.TWO,24,宏碩系統股份有限公司
6899,.TWO,6899.TWO,26,創為精密材料股份有限公司
6903,.TWO,6903.TWO,31,巨漢系統科技股份有限公司
6904,.TWO,6904.TWO,20,伯鑫工具股份有限公司
6907,.TWO,6907.TWO,24,雅特力科技(開曼)股份有限公司
6910,.TWO,6910.TWO,36,德鴻科技股份有限公司
6913,.TWO,6913.TWO,28,鴻呈實業股份有限公司
6922,.TWO,6922.TWO,25,宸曜科技股份有限公司
6925,.TWO,6925.TWO,36,意藍資訊股份有限公司
6929,.TWO,6929.TWO,22,佑全藥品股份有限公司
6953,.TWO,6953.TWO,24,家碩科技股份有限公司
6961,.TWO,6961.TWO,16,旅天下聯合國際旅行社(股)公司
6967,.TWO,6967.TWO,28,汎瑋材料科技股份有限公司
6968,.TWO,6968.TWO,38,萬達寵物事業股份有限公司
6971,.TWO,6971.TWO,35,惠民實業股份有限公司
6982,.TWO,6982.TWO,5,大井泵浦工業股份有限公司
6996,.TWO,6996.TWO,24,力領科技股份有限公司
6997,.TWO,6997.TWO,36,博弘雲端科技股份有限公司
7402,.TWO,7402.TWO,26,邑錡股份有限公司
7547,.TWO,7547.TWO,36,碩網資訊股份有限公司
7556,.TWO,7556.TWO,24,意德士科技股份有限公司
7584,.TWO,7584.TWO,32,樂意傳播股份有限公司
7642,.TWO,7642.TWO,5,昶瑞機電股份有限公司
7703,.TWO,7703.TWO,31,銳澤實業股份有限公司
7704,.TWO,7704.TWO,24,明遠精密科技股份有限公司
7708,.TWO,7708.TWO,16,全家國際餐飲股份有限公司
7709,.TWO,7709.TWO,5,榮田精機股份有限公司
7712,.TWO,7712.TWO,24,博盛半導體股份有限公司
7713,.TWO,7713.TWO,22,威力德生醫股份有限公司
7714,.TWO,7714.TWO,36,創泓科技股份有限公司
7715,.TWO,7715.TWO,35,裕山環境工程股份有限公司
7716,.TWO,7716.TWO,15,昱臺國際股份有限公司
7717,.TWO,7717.TWO,27,英屬開曼群島商萊德光電(股)公司
7718,.TWO,7718.TWO,10,友鋮股份有限公司
7723,.TWO,7723.TWO,16,築間餐飲事業股份有限公司
7728,.TWO,7728.TWO,31,光焱科技股份有限公司
7734,.TWO,7734.TWO,24,印能科技股份有限公司
7738,.TWO,7738.TWO,36,東聯互動股份有限公司
7743,.TWO,7743.TWO,2,金利食安科技股份有限公司
7744,.TWO,7744.TWO,28,崴寶精密科技股份有限公司
7747,.TWO,7747.TWO,36,昕奇雲端科技股份有限公司
7751,.TWO,7751.TWO,24,竑騰科技股份有限公司
7753,.TWO,7753.TWO,26,星亞視覺股份有限公司
7757,.TWO,7757.TWO,16,金色三麥餐飲股份有限公司
7767,.TWO,7767.TWO,30,仁大資訊股份有限公司
7770,.TWO,7770.TWO,24,君曜科技股份有限公司
7777,.TWO,7777.TWO,20,能率亞洲資本股份有限公司
7782,.TWO,7782.TWO,38,光速火箭股份有限公司
7792,.TWO,7792.TWO,31,安葆國際實業股份有限公司
7805,.TWO,7805.TWO,36,威聯通科技股份有限公司
7810,.TWO,7810.TWO,24,捷創科技股份有限公司
7811,.TWO,7811.TWO,37,民盛應用企業股份有限公司
8024,.TWO,8024.TWO,24,佑華微電子股份有限公司
8027,.TWO,8027.TWO,5,鈦昇科技股份有限公司
8032,.TWO,8032.TWO,29,光菱電子股份有限公司
8034,.TWO,8034.TWO,27,榮群電訊股份有限公司
8038,.TWO,8038.TWO,28,長園科技實業股份有限公司
8040,.TWO,8040.TWO,24,九暘電子股份有限公司
8042,.TWO,8042.TWO,28,臺灣金山電子工業股份有限公司
8043,.TWO,8043.TWO,28,蜜望實企業股份有限公司
8044,.TWO,8044.TWO,36,網路家庭國際資訊股份有限公司
8047,.TWO,8047.TWO,31,星雲電腦股份有限公司
8048,.TWO,8048.TWO,27,德勝科技股份有限公司
8049,.TWO,8049.TWO,26,晶采光電科技股份有限公司
8050,.TWO,8050.TWO,25,廣積科技股份有限公司
8054,.TWO,8054.TWO,24,安國國際科技股份有限公司
8059,.TWO,8059.TWO,27,凱碩科技股份有限公司
8064,.TWO,8064.TWO,26,東捷科技股份有限公司
8066,.TWO,8066.TWO,38,來思達國際企業股份有限公司
8067,.TWO,8067.TWO,29,志旭國際股份有限公司
8068,.TWO,8068.TWO,29,全達國際股份有限公司
8069,.TWO,8069.TWO,26,元太科技工業股份有限公司
8071,.TWO,8071.TWO,28,能率網通股份有限公司
8074,.TWO,8074.TWO,28,鉅橡企業股份有限公司
8076,.TWO,8076.TWO,25,伍豐科技股份有限公司
8077,.TWO,8077.TWO,16,洛碁實業股份有限公司
8080,.TWO,8080.TWO,14,泰霖事業股份有限公司
8083,.TWO,8083.TWO,5,瑞穎股份有限公司
8084,.TWO,8084.TWO,29,巨虹電子股份有限公司
8085,.TWO,8085.TWO,31,福華電子股份有限公司
8086,.TWO,8086.TWO,24,宏捷科技股份有限公司
8087,.TWO,8087.TWO,35,麗升能源科技股份有限公司
8088,.TWO,8088.TWO,24,品安科技股份有限公司
8089,.TWO,8089.TWO,27,康全電訊股份有限公司
8091,.TWO,8091.TWO,24,翔名科技股份有限公司
8092,.TWO,8092.TWO,31,建暐精密科技股份有限公司
8093,.TWO,8093.TWO,28,保銳科技股份有限公司
8096,.TWO,8096.TWO,29,擎亞電子股份有限公司
8097,.TWO,8097.TWO,27,常珵科技股份有限公司
8099,.TWO,8099.TWO,30,大同世界科技股份有限公司
8102,.TWO,8102.TWO,24,傑霖科技股份有限公司
8107,.TWO,8107.TWO,5,大億金茂股份有限公司
8109,.TWO,8109.TWO,28,博大科技股份有限公司
8111,.TWO,8111.TWO,26,立碁電子工業股份有限公司
8121,.TWO,8121.TWO,28,越峰電子材料股份有限公司
8147,.TWO,8147.TWO,28,正淩精密工業股份有限公司
8155,.TWO,8155.TWO,28,博智電子股份有限公司
8171,.TWO,8171.TWO,35,天宇工業股份有限公司
8176,.TWO,8176.TWO,27,智捷科技股份有限公司
8182,.TWO,8182.TWO,28,加高電子股份有限公司
8183,.TWO,8183.TWO,31,台灣精星科技股份有限公司
8227,.TWO,8227.TWO,24,巨有科技股份有限公司
8234,.TWO,8234.TWO,25,新漢股份有限公司
8240,.TWO,8240.TWO,26,華宏新技股份有限公司
8255,.TWO,8255.TWO,5,朋程科技股份有限公司
8272,.TWO,8272.TWO,30,全景軟體股份有限公司
8277,.TWO,8277.TWO,24,商丞科技股份有限公司
8279,.TWO,8279.TWO,22,生展生物科技股份有限公司
8284,.TWO,8284.TWO,30,三竹資訊股份有限公司
8289,.TWO,8289.TWO,28,泰藝電子股份有限公司
8291,.TWO,8291.TWO,28,尚茂電子材料股份有限公司
8299,.TWO,8299.TWO,24,群聯電子股份有限公司
8342,.TWO,8342.TWO,20,益張實業股份有限公司
8349,.TWO,8349.TWO,10,恒耀國際股份有限公司
8354,.TWO,8354.TWO,20,冠好科技股份有限公司
8358,.TWO,8358.TWO,28,金居開發股份有限公司
8383,.TWO,8383.TWO,24,千附實業股份有限公司
8390,.TWO,8390.TWO,35,金益鼎企業股份有限公司
8401,.TWO,8401.TWO,20,白紗科技印刷股份有限公司
8403,.TWO,8403.TWO,22,盛弘醫藥股份有限公司
8409,.TWO,8409.TWO,22,商之器科技股份有限公司
8410,.TWO,8410.TWO,25,森田印刷廠股份有限公司
8415,.TWO,8415.TWO,10,大成國際鋼鐵股份有限公司
8416,.TWO,8416.TWO,30,實威國際股份有限公司
8421,.TWO,8421.TWO,20,旭源包裝科技股份有限公司
8423,.TWO,8423.TWO,35,保綠資源股份有限公司
8424,.TWO,8424.TWO,14,惠普股份有限公司
8426,.TWO,8426.TWO,20,紅木集團有限公司
8431,.TWO,8431.TWO,31,匯鑽科技股份有限公司
8432,.TWO,8432.TWO,22,東生華製藥股份有限公司
8433,.TWO,8433.TWO,38,弘帆股份有限公司
8435,.TWO,8435.TWO,20,台灣鉅邁股份有限公司
8436,.TWO,8436.TWO,22,大江生醫股份有限公司
8437,.TWO,8437.TWO,20,大地幼教股份有限公司
8440,.TWO,8440.TWO,35,綠電再生股份有限公司
8444,.TWO,8444.TWO,20,綠河股份有限公司
8446,.TWO,8446.TWO,32,華研國際音樂股份有限公司
8450,.TWO,8450.TWO,32,霹靂國際多媒體股份有限公司
8455,.TWO,8455.TWO,31,蓋曼群島商日本大拓股份有限公司
8472,.TWO,8472.TWO,36,夠麻吉股份有限公司
8477,.TWO,8477.TWO,36,創業家數位股份有限公司
8489,.TWO,8489.TWO,20,三貝德數位文創股份有限公司
8905,.TWO,8905.TWO,20,裕國冷凍冷藏股份有限公司
8906,.TWO,8906.TWO,20,花王企業股份有限公司
8908,.TWO,8908.TWO,23,欣雄天然氣股份有限公司
8916,.TWO,8916.TWO,20,光隆實業股份有限公司
8917,.TWO,8917.TWO,23,欣泰石油氣股份有限公司
8921,.TWO,8921.TWO,20,沈氏藝術印刷股份有限公司
8923,.TWO,8923.TWO,32,時報文化出版企業股份有限公司
8924,.TWO,8924.TWO,37,大田精密工業股份有限公司
8927,.TWO,8927.TWO,23,北基國際股份有限公司
8928,.TWO,8928.TWO,37,鉅明股份有限公司
8929,.TWO,8929.TWO,20,富堡工業股份有限公司
8930,.TWO,8930.TWO,10,青鋼應用材料股份有限公司
8931,.TWO,8931.TWO,23,大園汽電共生股份有限公司
8932,.TWO,8932.TWO,20,智通科創股份有限公司
8933,.TWO,8933.TWO,37,愛地雅工業股份有限公司
8935,.TWO,8935.TWO,20,邦泰複合材料股份有限公司
8936,.TWO,8936.TWO,20,國統國際股份有限公司
8937,.TWO,8937.TWO,20,合騏工業股份有限公司
8938,.TWO,8938.TWO,37,明安國際企業股份有限公司
8941,.TWO,8941.TWO,38,關中股份有限公司
8942,.TWO,8942.TWO,20,森鉅科技材料股份有限公司
9949,.TWO,9949.TWO,32,琉園股份有限公司
9950,.TWO,9950.TWO,3,萬國通路股份有限公司
9951,.TWO,9951.TWO,5,皇田工業股份有限公司
9960,.TWO,9960.TWO,37,邁達康網路事業股份有限公司
9962,.TWO,9962.TWO,10,有益鋼鐵股份有限公司
