Ticker SYMBOL,公司名稱,產業類別,資料年月日,單月營收年增率(%)
1101.TW,臺灣水泥股份有限公司,1,2026-02-01,-5.81
1102.TW,亞洲水泥股份有限公司,1,2026-02-01,-16.52
1103.TW,嘉新水泥股份有限公司,1,2026-02-01,-13.45
1104.TW,環球水泥股份有限公司,1,2026-02-01,-14.59
1108.TW,幸福水泥股份有限公司,1,2026-02-01,-27.24
1109.TW,信大水泥股份有限公司,1,2026-02-01,-29.79
1110.TW,東南水泥股份有限公司,1,2026-02-01,-30.32
1201.TW,味全食品工業股份有限公司,2,2026-02-01,7.25
1203.TW,味王股份有限公司,2,2026-02-01,-17.94
1210.TW,大成長城企業股份有限公司,2,2026-02-01,-5.68
1213.TW,大西洋飲料股份有限公司,2,2026-02-01,20.55
1215.TW,台灣卜蜂企業股份有限公司,2,2026-02-01,-0.03
1216.TW,統一企業股份有限公司,2,2026-02-01,8.32
1217.TW,愛之味股份有限公司,2,2026-02-01,1.83
1218.TW,泰山企業股份有限公司,2,2026-02-01,6.49
1219.TW,福壽實業股份有限公司,2,2026-02-01,-8.84
1220.TW,台榮產業股份有限公司,2,2026-02-01,-32.3
1225.TW,福懋油脂股份有限公司,2,2026-02-01,-16.79
1227.TW,佳格食品股份有限公司,2,2026-02-01,16.64
1229.TW,聯華實業控股股份有限公司,2,2026-02-01,-12.87
1231.TW,聯華食品工業股份有限公司,2,2026-02-01,32.2
1232.TW,大統益股份有限公司,2,2026-02-01,1.69
1233.TW,天仁茶業股份有限公司,2,2026-02-01,23.66
1234.TW,黑松股份有限公司,2,2026-02-01,3.6
1235.TW,興泰實業股份有限公司,2,2026-02-01,807.67
1236.TW,宏亞食品股份有限公司,2,2026-02-01,57.78
1256.TW,鮮活控股股份有限公司,2,2026-02-01,87.61
1301.TW,台灣塑膠工業股份有限公司,3,2026-02-01,-33.42
1303.TW,南亞塑膠工業股份有限公司,3,2026-02-01,-15.96
1304.TW,台灣聚合化學品股份有限公司,3,2026-02-01,-31.73
1305.TW,華夏海灣塑膠股份有限公司,3,2026-02-01,-7.66
1307.TW,三芳化學工業股份有限公司,3,2026-02-01,-16.78
1308.TW,亞洲聚合股份有限公司,3,2026-02-01,-29.18
1309.TW,台達化學工業股份有限公司,3,2026-02-01,-43.0
1310.TW,台灣苯乙烯工業股份有限公司,3,2026-02-01,-13.34
1312.TW,國喬石油化學股份有限公司,3,2026-02-01,15.72
1313.TW,聯成化學科技股份有限公司,3,2026-02-01,-40.15
1314.TW,中國石油化學工業開發(股)公司,3,2026-02-01,-46.05
1315.TW,達新工業股份有限公司,3,2026-02-01,-21.76
1316.TW,上曜建設開發股份有限公司,14,2026-02-01,108.62
1319.TW,東陽實業廠股份有限公司,12,2026-02-01,-42.81
1321.TW,大洋塑膠工業股份有限公司,3,2026-02-01,-36.34
1323.TW,永裕塑膠工業股份有限公司,3,2026-02-01,4.41
1324.TW,地球綜合工業股份有限公司,3,2026-02-01,-40.68
1325.TW,恒大股份有限公司,3,2026-02-01,-36.01
1326.TW,台灣化學纖維股份有限公司,3,2026-02-01,-15.33
1337.TW,亞洲塑膠再生資源控股有限公司,3,2026-02-01,-40.72
1338.TW,廣華控股有限公司,12,2026-02-01,-26.62
1339.TW,昭輝實業股份有限公司,12,2026-02-01,-29.24
1340.TW,勝悅新材料有限公司,3,2026-02-01,-68.52
1341.TW,富林塑膠工業(開曼)控股(股)公司,3,2026-02-01,-33.94
1342.TW,八貫企業股份有限公司,20,2026-02-01,1.07
1402.TW,遠東新世紀股份有限公司,4,2026-02-01,-8.92
1409.TW,新光合成纖維股份有限公司,4,2026-02-01,-18.38
1410.TW,南洋染整股份有限公司,4,2026-02-01,-34.55
1413.TW,宏洲纖維工業股份有限公司,4,2026-02-01,-40.75
1414.TW,東和紡織股份有限公司,4,2026-02-01,-20.17
1416.TW,廣豐實業股份有限公司,20,2026-02-01,18.63
1417.TW,嘉裕股份有限公司,4,2026-02-01,41.84
1418.TW,東華龍股份有限公司,4,2026-02-01,-98.63
1419.TW,新光紡織股份有限公司,4,2026-02-01,14.87
1423.TW,利華羊毛工業股份有限公司,4,2026-02-01,57.17
1432.TW,大魯閣實業股份有限公司,37,2026-02-01,-33.22
1434.TW,福懋興業股份有限公司,4,2026-02-01,-27.07
1435.TW,中福國際(股)公司,20,2026-02-01,0.0
1436.TW,華友聯開發股份有限公司,14,2026-02-01,-83.13
1437.TW,勤益投資控股股份有限公司,20,2026-02-01,-20.17
1439.TW,雋揚國際股份有限公司,14,2026-02-01,3.14
1440.TW,臺南紡織股份有限公司,4,2026-02-01,-38.99
1441.TW,大東紡織股份有限公司,4,2026-02-01,-47.41
1442.TW,名軒開發股份有限公司,14,2026-02-01,-83.46
1443.TW,立益物流開發股份有限公司,20,2026-02-01,-8.02
1444.TW,力麗企業股份有限公司,4,2026-02-01,14.0
1445.TW,大宇紡織股份有限公司,4,2026-02-01,-10.8
1446.TW,宏和精密紡織股份有限公司,4,2026-02-01,601.56
1447.TW,力鵬企業股份有限公司,4,2026-02-01,0.49
1449.TW,佳和實業股份有限公司,4,2026-02-01,22.2
1451.TW,年興紡織股份有限公司,4,2026-02-01,4.75
1452.TW,宏益纖維工業股份有限公司,4,2026-02-01,-42.09
1453.TW,大將開發股份有限公司,14,2026-02-01,0.81
1454.TW,台灣富綢纖維股份有限公司,4,2026-02-01,-45.37
1455.TW,集盛實業股份有限公司,4,2026-02-01,-50.38
1456.TW,怡華實業股份有限公司,14,2026-02-01,72.48
1457.TW,宜進實業股份有限公司,4,2026-02-01,-38.52
1459.TW,聯發紡織纖維股份有限公司,4,2026-02-01,-60.63
1460.TW,宏遠興業股份有限公司,4,2026-02-01,-38.31
1463.TW,強盛新投資控股股份有限公司,4,2026-02-01,-90.85
1464.TW,得力實業股份有限公司,4,2026-02-01,-34.05
1465.TW,偉全實業股份有限公司,4,2026-02-01,26.96
1466.TW,聚隆纖維股份有限公司,4,2026-02-01,-31.49
1467.TW,南緯實業股份有限公司,4,2026-02-01,-20.47
1468.TW,昶和纖維興業股份有限公司,4,2026-02-01,-60.33
1470.TW,大統新創股份有限公司,4,2026-02-01,-12.28
1471.TW,首利實業股份有限公司,28,2026-02-01,-61.11
1472.TW,三洋實業股份有限公司,14,2026-02-01,28.97
1473.TW,台南企業股份有限公司,4,2026-02-01,-27.67
1474.TW,弘裕企業股份有限公司,4,2026-02-01,-40.89
1475.TW,台灣業旺股份有限公司,4,2026-02-01,-39.77
1476.TW,儒鴻企業股份有限公司,4,2026-02-01,-7.36
1477.TW,聚陽實業股份有限公司,4,2026-02-01,-1.06
1503.TW,士林電機廠股份有限公司,5,2026-02-01,-2.62
1504.TW,東元電機股份有限公司,5,2026-02-01,-0.16
1506.TW,正道工業股份有限公司,5,2026-02-01,19.5
1512.TW,瑞利企業股份有限公司,12,2026-02-01,77.18
1513.TW,中興電工機械股份有限公司,5,2026-02-01,-12.81
1514.TW,亞力電機股份有限公司,5,2026-02-01,14.5
1515.TW,力山工業股份有限公司,5,2026-02-01,20.37
1516.TW,川飛能源股份有限公司,20,2026-02-01,69.0
1517.TW,利奇機械工業股份有限公司,5,2026-02-01,-42.15
1519.TW,華城電機股份有限公司,5,2026-02-01,15.88
1521.TW,大億交通工業製造股份有限公司,12,2026-02-01,-10.14
1522.TW,堤維西交通工業股份有限公司,12,2026-02-01,24.35
1524.TW,耿鼎企業股份有限公司,12,2026-02-01,-40.85
1525.TW,江申工業股份有限公司,12,2026-02-01,-9.32
1526.TW,日馳企業股份有限公司,5,2026-02-01,-41.48
1527.TW,鑽全實業股份有限公司,5,2026-02-01,-45.82
1528.TW,恩德科技股份有限公司,5,2026-02-01,18.56
1529.TW,樂事綠能科技股份有限公司,5,2026-02-01,-50.54
1530.TW,亞崴機電股份有限公司,5,2026-02-01,-23.74
1531.TW,高林股份有限公司,5,2026-02-01,-10.25
1532.TW,勤美股份有限公司,5,2026-02-01,16.24
1533.TW,車王電子股份有限公司,12,2026-02-01,80.74
1535.TW,中宇環保工程股份有限公司,5,2026-02-01,-2.58
1536.TW,和大工業股份有限公司,12,2026-02-01,-33.8
1537.TW,廣隆光電科技股份有限公司,5,2026-02-01,8.93
1538.TW,正峰工業股份有限公司,5,2026-02-01,-81.41
1539.TW,巨庭機械股份有限公司,5,2026-02-01,-6.54
1540.TW,喬福機械工業股份有限公司,5,2026-02-01,-24.49
1541.TW,錩泰工業股份有限公司,5,2026-02-01,2.42
1558.TW,伸興工業股份有限公司,5,2026-02-01,-15.59
1560.TW,中國砂輪企業股份有限公司,5,2026-02-01,24.35
1563.TW,巧新科技工業股份有限公司,12,2026-02-01,-12.4
1568.TW,倉佑實業股份有限公司,12,2026-02-01,-28.38
1582.TW,信錦企業股份有限公司,28,2026-02-01,-22.88
1583.TW,程泰機械股份有限公司,5,2026-02-01,-23.83
1587.TW,吉茂精密股份有限公司,12,2026-02-01,42.77
1589.TW,永冠能源科技集團有限公司,5,2026-02-01,-17.22
1590.TW,亞德客國際集團,5,2026-02-01,-8.42
1597.TW,直得科技股份有限公司,5,2026-02-01,18.81
1598.TW,岱宇國際股份有限公司,37,2026-02-01,-15.71
1603.TW,中華電線電纜股份有限公司,6,2026-02-01,-36.93
1604.TW,聲寶股份有限公司,6,2026-02-01,-5.74
1605.TW,華新麗華股份有限公司,6,2026-02-01,-23.1
1608.TW,華榮電線電纜股份有限公司,6,2026-02-01,24.68
1609.TW,大亞電線電纜股份有限公司,6,2026-02-01,-5.73
1611.TW,中國電器股份有限公司,6,2026-02-01,-27.79
1612.TW,宏泰電工股份有限公司,6,2026-02-01,-20.53
1614.TW,台灣三洋電機股份有限公司,6,2026-02-01,-6.17
1615.TW,大山電線電纜股份有限公司,6,2026-02-01,-60.7
1616.TW,億泰電線電纜股份有限公司,6,2026-02-01,-22.26
1617.TW,榮星電線工業股份有限公司,6,2026-02-01,-29.58
1618.TW,合機電線電纜股份有限公司,6,2026-02-01,-74.19
1623.TW,大東電業廠股份有限公司,6,2026-02-01,14.37
1626.TW,艾美特(開曼)國際有限公司,6,2026-02-01,-29.42
1702.TW,南僑投資控股股份有限公司,2,2026-02-01,0.75
1707.TW,葡萄王生技股份有限公司,22,2026-02-01,-1.35
1708.TW,東南實業股份有限公司,21,2026-02-01,-18.95
1709.TW,和益化學工業股份有限公司,21,2026-02-01,-20.66
1710.TW,東聯化學股份有限公司,21,2026-02-01,-38.75
1711.TW,臺灣永光化學工業股份有限公司,21,2026-02-01,-25.0
1712.TW,興農股份有限公司,21,2026-02-01,-9.0
1713.TW,國泰化工廠股份有限公司,21,2026-02-01,-7.98
1714.TW,和桐化學股份有限公司,21,2026-02-01,14.87
1717.TW,長興材料工業股份有限公司,21,2026-02-01,-19.29
1718.TW,中國人造纖維股份有限公司,21,2026-02-01,-0.06
1720.TW,生達化學製藥股份有限公司,22,2026-02-01,-16.44
1721.TW,三晃股份有限公司,21,2026-02-01,-40.31
1722.TW,台灣肥料股份有限公司,21,2026-02-01,-6.35
1723.TW,中鋼碳素化學股份有限公司,21,2026-02-01,-34.14
1725.TW,元禎企業股份有限公司,21,2026-02-01,-23.81
1726.TW,永記造漆工業股份有限公司,21,2026-02-01,-18.41
1727.TW,臺灣中華化學工業股份有限公司,21,2026-02-01,-0.01
1730.TW,花仙子企業股份有限公司,21,2026-02-01,0.01
1731.TW,美吾華股份有限公司,22,2026-02-01,3.67
1732.TW,毛寶股份有限公司,21,2026-02-01,-9.33
1733.TW,五鼎生物技術股份有限公司,22,2026-02-01,-12.03
1734.TW,杏輝藥品工業股份有限公司,22,2026-02-01,-17.36
1735.TW,日勝化工股份有限公司,21,2026-02-01,-44.45
1736.TW,喬山健康科技股份有限公司,37,2026-02-01,4.63
1737.TW,臺鹽實業股份有限公司,2,2026-02-01,-11.22
1752.TW,南光化學製藥股份有限公司,22,2026-02-01,-20.04
1760.TW,寶齡富錦生技股份有限公司,22,2026-02-01,-4.46
1762.TW,中化合成生技股份有限公司,22,2026-02-01,161.27
1773.TW,勝一化工股份有限公司,21,2026-02-01,-9.9
1776.TW,展宇科技材料股份有限公司,21,2026-02-01,-38.83
1783.TW,和康生物科技股份有限公司,22,2026-02-01,20.91
1786.TW,科妍生物科技股份有限公司,22,2026-02-01,0.07
1789.TW,台灣神隆股份有限公司,22,2026-02-01,26.34
1795.TW,美時化學製藥股份有限公司,22,2026-02-01,131.52
1802.TW,台灣玻璃工業股份有限公司,8,2026-02-01,-17.59
1805.TW,寶徠建設股份有限公司,14,2026-02-01,-99.73
1806.TW,冠軍建材股份有限公司,8,2026-02-01,-57.7
1808.TW,潤隆建設股份有限公司,14,2026-02-01,117765.91
1809.TW,中國製釉股份有限公司,8,2026-02-01,1.09
1810.TW,和成欣業股份有限公司,8,2026-02-01,-23.45
1817.TW,凱撒衛浴股份有限公司,8,2026-02-01,-19.16
1903.TW,士林紙業股份有限公司,9,2026-02-01,-16.11
1904.TW,正隆股份有限公司,9,2026-02-01,-24.6
1905.TW,中華紙漿股份有限公司,9,2026-02-01,-35.56
1906.TW,寶隆國際股份有限公司,9,2026-02-01,-47.65
1907.TW,永豐餘投資控股股份有限公司,9,2026-02-01,-20.63
1909.TW,榮成紙業股份有限公司,9,2026-02-01,-23.1
2002.TW,中國鋼鐵股份有限公司,10,2026-02-01,-12.93
2006.TW,東和鋼鐵企業股份有限公司,10,2026-02-01,-30.64
2007.TW,燁興企業股份有限公司,10,2026-02-01,-49.71
2008.TW,高興昌鋼鐵股份有限公司,10,2026-02-01,-36.09
2009.TW,第一伸銅科技股份有限公司,10,2026-02-01,41.89
2010.TW,春源鋼鐵工業股份有限公司,10,2026-02-01,1.07
2012.TW,春雨工廠股份有限公司,10,2026-02-01,-22.73
2013.TW,中國鋼鐵結構股份有限公司,10,2026-02-01,-9.88
2014.TW,中鴻鋼鐵股份有限公司,10,2026-02-01,-24.46
2015.TW,豐興鋼鐵股份有限公司,10,2026-02-01,-41.9
2017.TW,官田鋼鐵股份有限公司,10,2026-02-01,-2.96
2020.TW,美亞鋼管廠股份有限公司,10,2026-02-01,-34.95
2022.TW,聚亨企業股份有限公司,10,2026-02-01,47.66
2023.TW,燁輝企業股份有限公司,10,2026-02-01,-22.3
2024.TW,志聯工業股份有限公司,10,2026-02-01,-40.59
2025.TW,千興不銹鋼(股)公司,10,2026-02-01,-16.09
2027.TW,大成不銹鋼工業股份有限公司,10,2026-02-01,13.64
2028.TW,威致鋼鐵工業股份有限公司,10,2026-02-01,-35.4
2029.TW,盛餘股份有限公司,10,2026-02-01,-38.35
2030.TW,彰源企業股份有限公司,10,2026-02-01,-5.3
2031.TW,新光鋼鐵股份有限公司,10,2026-02-01,-38.59
2032.TW,新鋼工業股份有限公司,10,2026-02-01,-29.12
2033.TW,佳大世界股份有限公司,10,2026-02-01,-40.98
2034.TW,允強實業股份有限公司,10,2026-02-01,-41.42
2038.TW,海光企業股份有限公司,10,2026-02-01,-55.97
2049.TW,上銀科技股份有限公司,5,2026-02-01,-3.03
2059.TW,川湖科技股份有限公司,28,2026-02-01,31.15
2062.TW,橋椿金屬股份有限公司,38,2026-02-01,-22.71
2069.TW,運錩鋼鐵股份有限公司,10,2026-02-01,-9.13
2101.TW,南港輪胎股份有限公司,11,2026-02-01,-23.52
2102.TW,泰豐輪胎股份有限公司,11,2026-02-01,-63.83
2103.TW,台橡股份有限公司,11,2026-02-01,-17.23
2104.TW,國際中橡投資控股股份有限公司,11,2026-02-01,-22.98
2105.TW,正新橡膠工業股份有限公司,11,2026-02-01,-17.0
2106.TW,建大工業股份有限公司,11,2026-02-01,-11.79
2107.TW,厚生股份有限公司,11,2026-02-01,-47.26
2108.TW,南帝化學工業股份有限公司,11,2026-02-01,0.19
2109.TW,華豐橡膠工業股份有限公司,11,2026-02-01,-19.23
2114.TW,鑫永銓股份有限公司,11,2026-02-01,-12.37
2115.TW,六暉控股股份有限公司,12,2026-02-01,-13.43
2201.TW,裕隆汽車製造股份有限公司,12,2026-02-01,-3.6
2204.TW,中華汽車工業股份有限公司,12,2026-02-01,3.59
2206.TW,三陽工業股份有限公司,12,2026-02-01,-10.75
2207.TW,和泰汽車股份有限公司,12,2026-02-01,-15.38
2208.TW,台灣國際造船股份有限公司,15,2026-02-01,38.94
2211.TW,長榮鋼鐵股份有限公司,10,2026-02-01,-30.88
2227.TW,裕隆日產汽車股份有限公司,12,2026-02-01,-40.93
2228.TW,劍麟股份有限公司,12,2026-02-01,-5.31
2231.TW,為升電裝工業股份有限公司,12,2026-02-01,-16.66
2233.TW,宇隆科技股份有限公司,12,2026-02-01,-21.54
2236.TW,百達精密工業股份有限公司,12,2026-02-01,-1.07
2239.TW,開曼英利工業股份有限公司,12,2026-02-01,-3.14
2241.TW,艾姆勒科技股份有限公司,12,2026-02-01,45.48
2243.TW,宏旭控股股份有限公司,12,2026-02-01,739.37
2247.TW,汎德永業汽車股份有限公司,12,2026-02-01,-46.52
2248.TW,華勝汽車電子股份有限公司,12,2026-02-01,7.35
2250.TW,第一化成控股(開曼)股份有限公司,12,2026-02-01,-16.98
2254.TW,巨鎧精密工業股份有限公司,12,2026-02-01,-90.98
2258.TW,鴻華先進科技股份有限公司,12,2026-02-01,-29.99
2301.TW,光寶科技股份有限公司,25,2026-02-01,17.36
2302.TW,麗正國際科技股份有限公司,24,2026-02-01,38.91
2303.TW,聯華電子股份有限公司,24,2026-02-01,6.33
2305.TW,全友電腦股份有限公司,25,2026-02-01,34.16
2308.TW,台達電子工業股份有限公司,28,2026-02-01,31.0
2312.TW,金寶電子工業股份有限公司,31,2026-02-01,-19.38
2313.TW,華通電腦股份有限公司,28,2026-02-01,0.01
2314.TW,台揚科技股份有限公司,27,2026-02-01,3.1
2316.TW,楠梓電子股份有限公司,28,2026-02-01,-4.32
2317.TW,鴻海精密工業股份有限公司,31,2026-02-01,8.06
2321.TW,東訊股份有限公司,27,2026-02-01,-17.45
2323.TW,中環股份有限公司,26,2026-02-01,13.13
2324.TW,仁寶電腦工業股份有限公司,25,2026-02-01,-21.91
2327.TW,國巨股份有限公司,28,2026-02-01,17.97
2328.TW,廣宇科技股份有限公司,28,2026-02-01,-34.32
2329.TW,華泰電子股份有限公司,24,2026-02-01,12.21
2330.TW,台灣積體電路製造股份有限公司,24,2026-02-01,22.17
2331.TW,精英電腦股份有限公司,25,2026-02-01,66.97
2332.TW,友訊科技股份有限公司,27,2026-02-01,-1.37
2337.TW,旺宏電子股份有限公司,24,2026-02-01,59.98
2338.TW,台灣光罩股份有限公司,24,2026-02-01,-14.5
2340.TW,台亞半導體股份有限公司,24,2026-02-01,-2.76
2342.TW,台灣茂矽電子股份有限公司,24,2026-02-01,-15.28
2344.TW,華邦電子股份有限公司,24,2026-02-01,88.45
2345.TW,智邦科技股份有限公司,27,2026-02-01,82.7
2347.TW,聯強國際股份有限公司,29,2026-02-01,5.78
2348.TW,海悅國際開發股份有限公司,20,2026-02-01,239.77
2349.TW,錸德科技股份有限公司,26,2026-02-01,-22.32
2351.TW,順德工業股份有限公司,24,2026-02-01,1.74
2352.TW,佳世達科技股份有限公司,25,2026-02-01,-7.34
2353.TW,宏碁股份有限公司,25,2026-02-01,25.68
2354.TW,鴻準精密工業股份有限公司,31,2026-02-01,-23.53
2355.TW,敬鵬工業股份有限公司,28,2026-02-01,-4.9
2356.TW,英業達股份有限公司,25,2026-02-01,-1.43
2357.TW,華碩電腦股份有限公司,25,2026-02-01,19.12
2359.TW,所羅門股份有限公司,31,2026-02-01,-38.49
2360.TW,致茂電子股份有限公司,31,2026-02-01,86.04
2362.TW,藍天電腦股份有限公司,25,2026-02-01,19.04
2363.TW,矽統科技股份有限公司,24,2026-02-01,210.94
2364.TW,倫飛電腦實業股份有限公司,25,2026-02-01,-1.34
2365.TW,昆盈企業股份有限公司,25,2026-02-01,0.51
2367.TW,燿華電子股份有限公司,28,2026-02-01,-19.13
2368.TW,金像電子(股)公司,28,2026-02-01,53.91
2369.TW,菱生精密工業股份有限公司,24,2026-02-01,26.07
2371.TW,大同股份有限公司,5,2026-02-01,-1.94
2373.TW,震旦行股份有限公司,31,2026-02-01,-15.04
2374.TW,佳能企業股份有限公司,26,2026-02-01,32.22
2375.TW,凱美電機股份有限公司,28,2026-02-01,5.49
2376.TW,技嘉科技股份有限公司,25,2026-02-01,47.4
2377.TW,微星科技股份有限公司,25,2026-02-01,-2.9
2379.TW,瑞昱半導體股份有限公司,24,2026-02-01,-7.41
2380.TW,虹光精密工業股份有限公司,25,2026-02-01,0.7
2382.TW,廣達電腦股份有限公司,25,2026-02-01,43.18
2383.TW,台光電子材料股份有限公司,28,2026-02-01,45.01
2385.TW,群光電子股份有限公司,28,2026-02-01,-12.58
2387.TW,精元電腦股份有限公司,25,2026-02-01,-32.69
2388.TW,威盛電子股份有限公司,24,2026-02-01,-3.76
2390.TW,云辰電子開發股份有限公司,31,2026-02-01,-38.89
2392.TW,正崴精密工業股份有限公司,28,2026-02-01,-20.97
2393.TW,億光電子工業股份有限公司,26,2026-02-01,-5.11
2395.TW,研華股份有限公司,25,2026-02-01,6.27
2397.TW,友通資訊股份有限公司,25,2026-02-01,3.28
2399.TW,映泰股份有限公司,25,2026-02-01,2.56
2401.TW,凌陽科技股份有限公司,24,2026-02-01,-7.21
2402.TW,毅嘉科技股份有限公司,28,2026-02-01,10.62
2404.TW,漢唐集成股份有限公司,31,2026-02-01,68.9
2405.TW,輔信科技股份有限公司,25,2026-02-01,-20.7
2406.TW,國碩科技工業股份有限公司,26,2026-02-01,159.77
2408.TW,南亞科技股份有限公司,24,2026-02-01,586.71
2409.TW,友達光電股份有限公司,26,2026-02-01,-16.66
2412.TW,中華電信股份有限公司,27,2026-02-01,2.73
2413.TW,環隆科技股份有限公司,28,2026-02-01,-23.82
2414.TW,精技電腦股份有限公司,29,2026-02-01,-12.12
2415.TW,錩新科技股份有限公司,28,2026-02-01,29.48
2417.TW,圓剛科技股份有限公司,25,2026-02-01,9.51
2419.TW,仲琦科技股份有限公司,27,2026-02-01,-6.94
2420.TW,新巨企業股份有限公司,28,2026-02-01,-11.12
2421.TW,建準電機工業股份有限公司,28,2026-02-01,2.33
2423.TW,固緯電子實業股份有限公司,31,2026-02-01,6.06
2424.TW,隴華電子股份有限公司,27,2026-02-01,90.09
2425.TW,承啟科技股份有限公司,25,2026-02-01,113.51
2426.TW,鼎元光電科技股份有限公司,26,2026-02-01,-14.78
2427.TW,三商電腦股份有限公司,30,2026-02-01,-31.93
2428.TW,興勤電子工業股份有限公司,28,2026-02-01,-13.4
2429.TW,銘旺科技股份有限公司,26,2026-02-01,-54.46
2430.TW,燦坤實業股份有限公司,29,2026-02-01,2.44
2431.TW,聯昌電子企業股份有限公司,28,2026-02-01,-65.62
2432.TW,倚天酷碁股份有限公司,25,2026-02-01,26.05
2433.TW,互盛股份有限公司,31,2026-02-01,-1.99
2434.TW,統懋半導體股份有限公司,24,2026-02-01,-28.82
2436.TW,偉詮電子股份有限公司,24,2026-02-01,9.26
2438.TW,翔耀實業股份有限公司,26,2026-02-01,19.74
2439.TW,美律實業股份有限公司,27,2026-02-01,15.51
2440.TW,太空梭高傳真資訊科技(股)公司,28,2026-02-01,-42.62
2441.TW,超豐電子股份有限公司,24,2026-02-01,19.0
2442.TW,新美齊股份有限公司,14,2026-02-01,9886.17
2444.TW,兆勁科技股份有限公司,27,2026-02-01,-45.06
2449.TW,京元電子股份有限公司,24,2026-02-01,41.04
2450.TW,神腦國際企業股份有限公司,27,2026-02-01,-13.93
2451.TW,創見資訊股份有限公司,24,2026-02-01,246.28
2453.TW,凌群電腦股份有限公司,30,2026-02-01,4.68
2454.TW,聯發科技股份有限公司,24,2026-02-01,-15.63
2455.TW,全新光電科技股份有限公司,27,2026-02-01,15.89
2457.TW,飛宏科技股份有限公司,28,2026-02-01,-4.93
2458.TW,義隆電子股份有限公司,24,2026-02-01,-11.43
2459.TW,敦吉科技股份有限公司,31,2026-02-01,-7.35
2460.TW,建通精密工業股份有限公司,28,2026-02-01,14.42
2461.TW,光群雷射科技股份有限公司,31,2026-02-01,-6.12
2462.TW,台灣良得電子股份有限公司,28,2026-02-01,-4.51
2464.TW,盟立自動化股份有限公司,31,2026-02-01,7.79
2465.TW,麗臺科技股份有限公司,25,2026-02-01,127.43
2466.TW,冠西電子企業股份有限公司,26,2026-02-01,-31.02
2467.TW,志聖工業股份有限公司,28,2026-02-01,3.25
2468.TW,華經資訊企業股份有限公司,30,2026-02-01,-31.25
2471.TW,資通電腦股份有限公司,30,2026-02-01,29.0
2472.TW,立隆電子工業股份有限公司,28,2026-02-01,0.48
2474.TW,可成科技股份有限公司,31,2026-02-01,-21.19
2476.TW,鉅祥企業股份有限公司,28,2026-02-01,13.53
2477.TW,美隆工業股份有限公司,31,2026-02-01,23.5
2478.TW,大毅科技股份有限公司,28,2026-02-01,-20.21
2480.TW,敦陽科技股份有限公司,30,2026-02-01,11.04
2481.TW,強茂股份有限公司,24,2026-02-01,-0.98
2482.TW,連宇股份有限公司,31,2026-02-01,-1.01
2483.TW,百容電子股份有限公司,28,2026-02-01,-8.49
2484.TW,希華晶體科技股份有限公司,28,2026-02-01,-18.05
2485.TW,兆赫電子股份有限公司,27,2026-02-01,84.86
2486.TW,一詮精密工業股份有限公司,26,2026-02-01,5.74
2488.TW,漢平電子工業股份有限公司,31,2026-02-01,0.05
2489.TW,瑞軒科技股份有限公司,26,2026-02-01,6.97
2491.TW,吉祥全球實業股份有限公司,26,2026-02-01,-42.24
2492.TW,華新科技股份有限公司,28,2026-02-01,-3.73
2493.TW,揚博科技股份有限公司,28,2026-02-01,1.25
2495.TW,普安科技股份有限公司,25,2026-02-01,6.74
2496.TW,卓越成功股份有限公司,20,2026-02-01,8.05
2497.TW,怡利電子工業股份有限公司,12,2026-02-01,15.18
2498.TW,宏達國際電子股份有限公司,27,2026-02-01,-13.92
2501.TW,國泰建設股份有限公司,14,2026-02-01,193.52
2504.TW,國產建材實業股份有限公司,14,2026-02-01,-11.01
2505.TW,國揚實業股份有限公司,14,2026-02-01,713.37
2506.TW,太平洋建設股份有限公司,14,2026-02-01,-61.49
2509.TW,全坤建設開發股份有限公司,14,2026-02-01,-0.97
2511.TW,太子建設開發股份有限公司,14,2026-02-01,4.83
2514.TW,龍邦國際興業股份有限公司,20,2026-02-01,25.54
2515.TW,中華工程股份有限公司,14,2026-02-01,-12.73
2516.TW,新亞建設開發股份有限公司,14,2026-02-01,-38.28
2520.TW,冠德建設股份有限公司,14,2026-02-01,8.87
2524.TW,京城建設股份有限公司,14,2026-02-01,-80.84
2527.TW,宏璟建設股份有限公司,14,2026-02-01,-4.37
2528.TW,皇普建設股份有限公司,14,2026-02-01,-99.95
2530.TW,大華建設股份有限公司,14,2026-02-01,-97.95
2534.TW,宏盛建設股份有限公司,14,2026-02-01,-87.97
2535.TW,達欣工程股份有限公司,14,2026-02-01,18.31
2536.TW,宏普建設股份有限公司,14,2026-02-01,-61.75
2537.TW,聯上開發股份有限公司,14,2026-02-01,272.74
2538.TW,基泰建設股份有限公司,14,2026-02-01,2.61
2539.TW,櫻花建設股份有限公司,14,2026-02-01,-33.58
2540.TW,愛山林建設開發股份有限公司,14,2026-02-01,-33.02
2542.TW,興富發建設股份有限公司,14,2026-02-01,774.7
2543.TW,皇昌營造股份有限公司,14,2026-02-01,5.89
2545.TW,皇翔建設股份有限公司,14,2026-02-01,7.93
2546.TW,根基營造股份有限公司,14,2026-02-01,-21.47
2547.TW,日勝生活科技股份有限公司,14,2026-02-01,-9.32
2548.TW,華固建設股份有限公司,14,2026-02-01,19257.44
2597.TW,潤弘精密工程事業股份有限公司,14,2026-02-01,-4.62
2601.TW,益航股份有限公司,18,2026-02-01,-6.43
2603.TW,長榮海運股份有限公司,15,2026-02-01,-20.72
2605.TW,新興航運股份有限公司,15,2026-02-01,87.46
2606.TW,裕民航運股份有限公司,15,2026-02-01,16.23
2607.TW,長榮國際儲運股份有限公司,15,2026-02-01,-15.09
2608.TW,嘉里大榮物流股份有限公司,15,2026-02-01,-14.77
2609.TW,陽明海運股份有限公司,15,2026-02-01,-15.32
2610.TW,中華航空股份有限公司,15,2026-02-01,14.57
2611.TW,志信國際股份有限公司,15,2026-02-01,36.72
2612.TW,中國航運股份有限公司,15,2026-02-01,-3.63
2613.TW,中國貨櫃運輸股份有限公司,15,2026-02-01,2.09
2614.TW,東森國際股份有限公司,20,2026-02-01,2.8
2615.TW,萬海航運股份有限公司,15,2026-02-01,-0.49
2616.TW,山隆通運股份有限公司,23,2026-02-01,-23.19
2617.TW,台灣航業股份有限公司,15,2026-02-01,6.33
2618.TW,長榮航空股份有限公司,15,2026-02-01,13.96
2630.TW,亞洲航空股份有限公司,15,2026-02-01,21.13
2633.TW,台灣高速鐵路股份有限公司,15,2026-02-01,13.35
2634.TW,漢翔航空工業股份有限公司,15,2026-02-01,-12.73
2636.TW,台驊國際控股股份有限公司,15,2026-02-01,-13.99
2637.TW,慧洋海運股份有限公司,15,2026-02-01,29.94
2642.TW,台灣宅配通股份有限公司,15,2026-02-01,-11.46
2645.TW,長榮航太科技股份有限公司,15,2026-02-01,-5.63
2646.TW,星宇航空股份有限公司,15,2026-02-01,41.5
2701.TW,萬華企業股份有限公司,16,2026-02-01,8.16
2702.TW,華園飯店股份有限公司,16,2026-02-01,6.85
2704.TW,國賓大飯店股份有限公司,16,2026-02-01,23.12
2705.TW,六福開發股份有限公司,16,2026-02-01,18.92
2706.TW,第一華僑大飯店股份有限公司,16,2026-02-01,-1.79
2707.TW,晶華國際酒店股份有限公司,16,2026-02-01,24.17
2712.TW,遠雄悅來大飯店股份有限公司,16,2026-02-01,103.75
2722.TW,夏都國際開發股份有限公司,16,2026-02-01,54.65
2723.TW,開曼美食達人股份有限公司,16,2026-02-01,-12.8
2727.TW,王品餐飲股份有限公司,16,2026-02-01,24.01
2731.TW,雄獅旅行社股份有限公司,16,2026-02-01,41.04
2739.TW,寒舍餐旅管理顧問股份有限公司,16,2026-02-01,17.17
2748.TW,雲品國際酒店股份有限公司,16,2026-02-01,42.62
2753.TW,八方雲集國際股份有限公司,16,2026-02-01,-5.74
2762.TW,世界健身股份有限公司,37,2026-02-01,6.13
2801.TW,彰化商業銀行股份有限公司,17,2026-02-01,4.38
2812.TW,台中商業銀行股份有限公司,17,2026-02-01,11.77
2816.TW,旺旺友聯產物保險股份有限公司,17,2026-02-01,27.07
2820.TW,中華票券金融股份有限公司,17,2026-02-01,30.76
2832.TW,台灣產物保險股份有限公司,17,2026-02-01,-4.79
2834.TW,臺灣中小企業銀行股份有限公司,17,2026-02-01,-4.63
2836.TW,高雄銀行股份有限公司,17,2026-02-01,4.57
2838.TW,聯邦商業銀行股份有限公司,17,2026-02-01,10.98
2845.TW,遠東國際商業銀行股份有限公司,17,2026-02-01,11.82
2849.TW,安泰商業銀行股份有限公司,17,2026-02-01,21.23
2850.TW,新光產物保險股份有限公司,17,2026-02-01,6.91
2851.TW,中央再保險股份有限公司,17,2026-02-01,103.16
2852.TW,第一產物保險股份有限公司,17,2026-02-01,-7.27
2855.TW,統一綜合證券股份有限公司,17,2026-02-01,221.36
2867.TW,三商美邦人壽保險股份有限公司,17,2026-02-01,-12.72
2880.TW,華南金融控股股份有限公司,17,2026-02-01,7.93
2881.TW,富邦金融控股股份有限公司,17,2026-02-01,69.03
2882.TW,國泰金融控股股份有限公司,17,2026-02-01,-11.03
2883.TW,凱基金融控股股份有限公司,17,2026-02-01,25.21
2884.TW,玉山金融控股股份有限公司,17,2026-02-01,4.01
2885.TW,元大金融控股股份有限公司,17,2026-02-01,52.07
2886.TW,兆豐金融控股股份有限公司,17,2026-02-01,-0.73
2887.TW,台新新光金融控股股份有限公司,17,2026-02-01,187.37
2889.TW,國票金融控股股份有限公司,17,2026-02-01,16.41
2890.TW,永豐金融控股股份有限公司,17,2026-02-01,13.29
2891.TW,中國信託金融控股股份有限公司,17,2026-02-01,14.16
2892.TW,第一金融控股股份有限公司,17,2026-02-01,2.94
2897.TW,王道商業銀行股份有限公司,17,2026-02-01,7.27
2901.TW,欣欣大眾市場股份有限公司,18,2026-02-01,20.08
2903.TW,遠東百貨股份有限公司,18,2026-02-01,24.8
2904.TW,匯僑股份有限公司,20,2026-02-01,-21.7
2905.TW,三商投資控股股份有限公司,18,2026-02-01,5.07
2906.TW,高林實業股份有限公司,18,2026-02-01,0.37
2908.TW,特力股份有限公司,18,2026-02-01,22.97
2910.TW,統領百貨股份有限公司,18,2026-02-01,16.99
2911.TW,麗嬰房股份有限公司,18,2026-02-01,-16.11
2912.TW,統一超商股份有限公司,18,2026-02-01,9.08
2913.TW,台灣農林股份有限公司,18,2026-02-01,2.09
2915.TW,潤泰全球股份有限公司,18,2026-02-01,-26.63
2923.TW,鼎固控股有限公司,14,2026-02-01,28.87
2929.TW,淘帝國際控股有限公司,18,2026-02-01,-17.87
2939.TW,永邑國際集團股份有限公司,18,2026-02-01,-23.9
2945.TW,三商家購股份有限公司,18,2026-02-01,17.16
3002.TW,歐格電子股份有限公司,25,2026-02-01,23.26
3003.TW,健和興端子股份有限公司,28,2026-02-01,-3.27
3004.TW,豐達科技股份有限公司,10,2026-02-01,19.59
3005.TW,神基控股股份有限公司,25,2026-02-01,-0.02
3006.TW,晶豪科技股份有限公司,24,2026-02-01,128.4
3008.TW,大立光電股份有限公司,26,2026-02-01,-2.61
3010.TW,華立企業股份有限公司,29,2026-02-01,21.97
3011.TW,今皓實業股份有限公司,28,2026-02-01,-46.42
3013.TW,晟銘電子科技股份有限公司,25,2026-02-01,-30.83
3014.TW,聯陽半導體股份有限公司,24,2026-02-01,-13.96
3015.TW,全漢企業股份有限公司,28,2026-02-01,-11.63
3016.TW,嘉晶電子股份有限公司,24,2026-02-01,14.87
3017.TW,奇鋐科技股份有限公司,25,2026-02-01,74.74
3018.TW,隆銘綠能科技工程股份有限公司,31,2026-02-01,-70.75
3019.TW,亞洲光學股份有限公司,26,2026-02-01,6.83
3021.TW,鴻名企業股份有限公司,28,2026-02-01,-24.13
3022.TW,威強電工業電腦股份有限公司,25,2026-02-01,-30.54
3023.TW,信邦電子股份有限公司,28,2026-02-01,-5.43
3024.TW,憶聲電子股份有限公司,26,2026-02-01,-65.38
3025.TW,星通資訊股份有限公司,27,2026-02-01,113.07
3026.TW,禾伸堂企業股份有限公司,28,2026-02-01,-2.3
3027.TW,盛達電業股份有限公司,27,2026-02-01,-47.76
3028.TW,增你強股份有限公司,29,2026-02-01,44.51
3029.TW,零壹科技股份有限公司,30,2026-02-01,-37.38
3030.TW,德律科技股份有限公司,31,2026-02-01,24.94
3031.TW,佰鴻工業股份有限公司,26,2026-02-01,-17.98
3032.TW,偉訓科技股份有限公司,28,2026-02-01,1.47
3033.TW,威健實業股份有限公司,29,2026-02-01,-10.33
3034.TW,聯詠科技股份有限公司,24,2026-02-01,-23.82
3035.TW,智原科技股份有限公司,24,2026-02-01,-74.02
3036.TW,文曄科技股份有限公司,29,2026-02-01,28.98
3037.TW,欣興電子股份有限公司,28,2026-02-01,16.18
3038.TW,全台晶像股份有限公司,26,2026-02-01,-13.46
3040.TW,遠見科技股份有限公司,20,2026-02-01,22.05
3041.TW,揚智科技股份有限公司,24,2026-02-01,31.31
3042.TW,台灣晶技股份有限公司,28,2026-02-01,7.31
3043.TW,科風股份有限公司,31,2026-02-01,-1.06
3044.TW,健鼎科技股份有限公司,28,2026-02-01,10.68
3045.TW,台灣大哥大股份有限公司,27,2026-02-01,-0.03
3046.TW,建碁股份有限公司,25,2026-02-01,-15.9
3047.TW,訊舟科技股份有限公司,27,2026-02-01,-40.47
3048.TW,益登科技股份有限公司,29,2026-02-01,10.73
3049.TW,精金科技股份有限公司,26,2026-02-01,-74.44
3050.TW,鈺德科技股份有限公司,26,2026-02-01,-12.62
3051.TW,力特光電科技股份有限公司,26,2026-02-01,-34.01
3052.TW,夆典科技開發股份有限公司,14,2026-02-01,-11.65
3054.TW,立萬利創新股份有限公司,2,2026-02-01,750.99
3055.TW,蔚華科技股份有限公司,29,2026-02-01,-17.89
3056.TW,富華創新股份有限公司,14,2026-02-01,-96.9
3057.TW,喬鼎資訊股份有限公司,25,2026-02-01,-22.74
3058.TW,立德電子股份有限公司,28,2026-02-01,-22.41
3059.TW,華晶科技股份有限公司,26,2026-02-01,10.87
3060.TW,銘異科技股份有限公司,25,2026-02-01,-4.07
3062.TW,建漢科技股份有限公司,27,2026-02-01,-19.93
3090.TW,日電貿股份有限公司,28,2026-02-01,9.44
3092.TW,鴻碩精密電工股份有限公司,28,2026-02-01,-27.42
3094.TW,聯傑國際股份有限公司,24,2026-02-01,-10.37
3130.TW,一零四資訊科技股份有限公司,36,2026-02-01,-12.49
3135.TW,凌航科技股份有限公司,24,2026-02-01,104.12
3138.TW,耀登科技股份有限公司,27,2026-02-01,19.48
3149.TW,正達國際光電股份有限公司,26,2026-02-01,72.58
3150.TW,鈺寶科技股份有限公司,24,2026-02-01,-20.5
3164.TW,景岳生物科技股份有限公司,22,2026-02-01,-35.48
3167.TW,大量科技股份有限公司,5,2026-02-01,123.02
3168.TW,眾福科技股份有限公司,26,2026-02-01,-2.29
3189.TW,景碩科技股份有限公司,24,2026-02-01,10.0
3209.TW,全科科技股份有限公司,29,2026-02-01,35.04
3229.TW,晟鈦股份有限公司,28,2026-02-01,-1.93
3231.TW,緯創資通股份有限公司,25,2026-02-01,177.37
3257.TW,虹冠電子工業股份有限公司,24,2026-02-01,-43.53
3266.TW,昇陽建設企業股份有限公司,14,2026-02-01,-2.52
3296.TW,勝德國際研發股份有限公司,28,2026-02-01,-15.03
3305.TW,昇貿科技股份有限公司,31,2026-02-01,62.39
3308.TW,聯德電子股份有限公司,28,2026-02-01,-4.21
3311.TW,閎暉實業股份有限公司,27,2026-02-01,-23.59
3312.TW,弘憶國際股份有限公司,29,2026-02-01,-23.51
3321.TW,同泰電子科技股份有限公司,28,2026-02-01,-24.45
3338.TW,泰碩電子股份有限公司,28,2026-02-01,-38.42
3346.TW,麗清科技股份有限公司,12,2026-02-01,-32.68
3356.TW,奇偶科技股份有限公司,26,2026-02-01,11.74
3376.TW,新日興股份有限公司,28,2026-02-01,-21.6
3380.TW,明泰科技股份有限公司,27,2026-02-01,-9.05
3406.TW,玉晶光電股份有限公司,26,2026-02-01,5.14
3413.TW,京鼎精密科技股份有限公司,24,2026-02-01,4.17
3416.TW,融程電訊股份有限公司,25,2026-02-01,37.85
3419.TW,譁裕實業股份有限公司,27,2026-02-01,-3.5
3432.TW,台端興業股份有限公司,28,2026-02-01,477.03
3437.TW,榮創能源科技股份有限公司,26,2026-02-01,-32.47
3443.TW,創意電子股份有限公司,24,2026-02-01,60.15
3447.TW,展達通訊股份有限公司,27,2026-02-01,21.02
3450.TW,聯鈞光電股份有限公司,24,2026-02-01,-36.61
3481.TW,群創光電股份有限公司,26,2026-02-01,5.6
3494.TW,誠研科技股份有限公司,25,2026-02-01,17.85
3501.TW,維熹科技股份有限公司,28,2026-02-01,-31.59
3504.TW,揚明光學股份有限公司,26,2026-02-01,-18.56
3515.TW,華擎科技股份有限公司,25,2026-02-01,-29.86
3518.TW,柏騰科技股份有限公司,31,2026-02-01,-34.19
3528.TW,安馳科技股份有限公司,29,2026-02-01,21.54
3530.TW,晶相光電股份有限公司,24,2026-02-01,33.12
3532.TW,台塑勝高科技股份有限公司,24,2026-02-01,-3.74
3533.TW,嘉澤端子工業股份有限公司,28,2026-02-01,5.07
3535.TW,晶彩科技股份有限公司,26,2026-02-01,4841.75
3543.TW,州巧科技股份有限公司,26,2026-02-01,-20.43
3545.TW,敦泰電子股份有限公司,24,2026-02-01,-22.07
3550.TW,聯穎科技股份有限公司,28,2026-02-01,-28.5
3557.TW,嘉威生活股份有限公司,38,2026-02-01,-37.47
3563.TW,牧德科技股份有限公司,26,2026-02-01,4.91
3576.TW,聯合再生能源股份有限公司,26,2026-02-01,-55.94
3583.TW,辛耘企業股份有限公司,24,2026-02-01,12.67
3588.TW,通嘉科技股份有限公司,24,2026-02-01,2.27
3591.TW,艾笛森光電股份有限公司,26,2026-02-01,-4.1
3592.TW,瑞鼎科技股份有限公司,24,2026-02-01,-12.82
3593.TW,力銘科技股份有限公司,28,2026-02-01,-68.48
3596.TW,智易科技股份有限公司,27,2026-02-01,-6.6
3605.TW,宏致電子股份有限公司,28,2026-02-01,7.18
3607.TW,谷崧精密工業股份有限公司,28,2026-02-01,-6.77
3617.TW,碩天科技股份有限公司,31,2026-02-01,0.85
3622.TW,洋華光電股份有限公司,26,2026-02-01,30.8
3645.TW,達邁科技股份有限公司,28,2026-02-01,-8.5
3652.TW,精聯電子股份有限公司,25,2026-02-01,2.35
3653.TW,健策精密工業股份有限公司,28,2026-02-01,-14.57
3661.TW,世芯電子股份有限公司,24,2026-02-01,-77.08
3665.TW,貿聯控股(BizLink Holding Inc.),31,2026-02-01,27.71
3669.TW,圓展科技股份有限公司,27,2026-02-01,28.9
3673.TW,"TPK Holding Co., Ltd.",26,2026-02-01,18.91
3679.TW,新至陞科技股份有限公司,28,2026-02-01,-38.94
3686.TW,達能科技股份有限公司,24,2026-02-01,9.38
3694.TW,海華科技股份有限公司,27,2026-02-01,-3.67
3701.TW,大眾全球投資控股股份有限公司,25,2026-02-01,-38.44
3702.TW,大聯大控股股份有限公司,29,2026-02-01,9.4
3703.TW,欣陸投資控股股份有限公司,14,2026-02-01,-30.89
3704.TW,合勤投資控股股份有限公司,27,2026-02-01,-17.67
3705.TW,永信國際投資控股股份有限公司,22,2026-02-01,-16.66
3706.TW,神達控股股份有限公司,25,2026-02-01,25.33
3708.TW,上緯國際投資控股股份有限公司,35,2026-02-01,-73.15
3711.TW,日月光投資控股股份有限公司,24,2026-02-01,15.87
3712.TW,永崴投資控股股份有限公司,25,2026-02-01,-45.72
3714.TW,富采控股股份有限公司,26,2026-02-01,-17.01
3715.TW,定穎投資控股股份有限公司,28,2026-02-01,23.08
3716.TW,中化控股股份有限公司,22,2026-02-01,-7.15
4104.TW,佳醫健康事業股份有限公司,22,2026-02-01,-3.44
4106.TW,雃博股份有限公司,22,2026-02-01,10.6
4108.TW,懷特生技新藥股份有限公司,22,2026-02-01,4.99
4119.TW,旭富製藥科技股份有限公司,22,2026-02-01,39.94
4133.TW,亞諾法生技股份有限公司,22,2026-02-01,-12.42
4137.TW,麗豐股份有限公司,22,2026-02-01,-32.92
4142.TW,國光生物科技股份有限公司,22,2026-02-01,-19.67
4148.TW,全宇生技控股有限公司,22,2026-02-01,10.84
4155.TW,訊映光電股份有限公司,22,2026-02-01,10.83
4164.TW,承業生醫投資控股股份有限公司,22,2026-02-01,22.75
4190.TW,佐登妮絲集團股份有限公司,22,2026-02-01,-22.9
4306.TW,炎洲股份有限公司,3,2026-02-01,-17.57
4414.TW,如興股份有限公司,4,2026-02-01,-6.98
4426.TW,利勤實業股份有限公司,4,2026-02-01,-33.72
4438.TW,廣越企業股份有限公司,4,2026-02-01,-6.56
4439.TW,冠星集團控股有限公司,4,2026-02-01,-24.58
4440.TW,宜新實業股份有限公司,4,2026-02-01,-0.08
4441.TW,振大環球股份有限公司,4,2026-02-01,15.59
4526.TW,東台精機股份有限公司,5,2026-02-01,-29.48
4532.TW,瑞智精密股份有限公司,5,2026-02-01,-11.04
4536.TW,拓凱實業股份有限公司,37,2026-02-01,-19.84
4540.TW,全球傳動科技股份有限公司,5,2026-02-01,34.44
4545.TW,銘鈺精密工業股份有限公司,28,2026-02-01,-7.46
4551.TW,智伸科技股份有限公司,12,2026-02-01,11.7
4552.TW,力達控股有限公司,5,2026-02-01,-20.93
4555.TW,台灣氣立股份有限公司,5,2026-02-01,5.09
4557.TW,永新控股股份有限公司,12,2026-02-01,-33.27
4560.TW,強信機械科技股份有限公司,5,2026-02-01,-6.59
4562.TW,穎漢科技股份有限公司,5,2026-02-01,-40.48
4564.TW,元翎精密工業股份有限公司,5,2026-02-01,-27.36
4566.TW,時碩工業股份有限公司,5,2026-02-01,-2.8
4569.TW,六方科技股份有限公司,12,2026-02-01,-10.88
4571.TW,鈞興機電國際股份有限公司,5,2026-02-01,-6.77
4572.TW,駐龍精密機械股份有限公司,5,2026-02-01,24.46
4576.TW,大銀微系統股份有限公司,5,2026-02-01,22.0
4581.TW,World Known MFG(Cayman)Limited,12,2026-02-01,5.96
4583.TW,台灣精銳科技股份有限公司,5,2026-02-01,-9.01
4585.TW,達明機器人股份有限公司,31,2026-02-01,-11.64
4588.TW,玖鼎電力資訊股份有限公司,31,2026-02-01,-83.73
4590.TW,富田電機股份有限公司,5,2026-02-01,-16.3
4720.TW,德淵企業股份有限公司,21,2026-02-01,-20.55
4722.TW,國精化學股份有限公司,21,2026-02-01,-20.72
4736.TW,泰博科技股份有限公司,22,2026-02-01,-15.64
4737.TW,華廣生技股份有限公司,22,2026-02-01,-28.95
4739.TW,康普材料科技股份有限公司,21,2026-02-01,192.15
4746.TW,台耀化學股份有限公司,22,2026-02-01,-20.47
4755.TW,三福化工股份有限公司,21,2026-02-01,-16.1
4763.TW,濟南大自然新材料股份有限公司,21,2026-02-01,-47.65
4764.TW,雙鍵化工股份有限公司,21,2026-02-01,25.59
4766.TW,南寶樹脂化學工廠股份有限公司,21,2026-02-01,-14.66
4770.TW,上品綜合工業股份有限公司,21,2026-02-01,-31.06
4771.TW,望隼科技股份有限公司,22,2026-02-01,21.32
4807.TW,日成控股股份有限公司,18,2026-02-01,8.29
4904.TW,遠傳電信股份有限公司,27,2026-02-01,5.09
4906.TW,正文科技股份有限公司,27,2026-02-01,-45.63
4912.TW,聯德控股股份有限公司,28,2026-02-01,22.39
4915.TW,致伸科技股份有限公司,28,2026-02-01,-17.11
4916.TW,事欣科技股份有限公司,25,2026-02-01,40.99
4919.TW,新唐科技股份有限公司,24,2026-02-01,-7.27
4927.TW,泰鼎國際股份有限公司,28,2026-02-01,-15.69
4930.TW,燦星網通股份有限公司,6,2026-02-01,-24.25
4934.TW,太極能源科技股份有限公司,26,2026-02-01,130.03
4935.TW,茂林光電科技(開曼)股份有限公司,26,2026-02-01,-37.73
4938.TW,和碩聯合科技股份有限公司,25,2026-02-01,-17.58
4942.TW,嘉彰股份有限公司,26,2026-02-01,-23.99
4943.TW,開曼康而富控股股份有限公司,28,2026-02-01,44.58
4949.TW,有成精密股份有限公司,26,2026-02-01,38.12
4952.TW,凌通科技股份有限公司,24,2026-02-01,0.67
4956.TW,光鋐科技股份有限公司,26,2026-02-01,-6.19
4958.TW,臻鼎科技控股股份有限公司,28,2026-02-01,-3.97
4960.TW,誠美材料科技股份有限公司,26,2026-02-01,-21.4
4961.TW,天鈺科技股份有限公司,24,2026-02-01,-10.35
4967.TW,十銓科技股份有限公司,24,2026-02-01,-22.19
4968.TW,立積電子股份有限公司,24,2026-02-01,-6.87
4976.TW,佳凌科技股份有限公司,26,2026-02-01,1.38
4977.TW,眾達科技股份有限公司,27,2026-02-01,-17.45
4989.TW,李長榮科技股份有限公司,28,2026-02-01,78.68
4994.TW,傳奇網路遊戲股份有限公司,30,2026-02-01,16.37
4999.TW,鑫禾科技股份有限公司,28,2026-02-01,-0.34
5007.TW,三星科技股份有限公司,10,2026-02-01,-15.51
5203.TW,訊連科技股份有限公司,30,2026-02-01,5.93
5215.TW,科嘉(開曼)股份有限公司,25,2026-02-01,50.94
5222.TW,全訊科技股份有限公司,24,2026-02-01,-15.72
5225.TW,東科控股股份有限公司,31,2026-02-01,-27.91
5234.TW,達興材料股份有限公司,26,2026-02-01,1.17
5243.TW,乙盛精密工業股份有限公司,26,2026-02-01,-4.3
5244.TW,弘凱光電股份有限公司,26,2026-02-01,-15.76
5258.TW,虹堡科技股份有限公司,25,2026-02-01,-21.09
5269.TW,祥碩科技股份有限公司,24,2026-02-01,17.65
5283.TW,禾聯碩股份有限公司,6,2026-02-01,-14.3
5284.TW,經寶精密控股股份有限公司,20,2026-02-01,50.24
5285.TW,界霖科技股份有限公司,24,2026-02-01,-3.23
5288.TW,開曼商豐祥控股股份有限公司,5,2026-02-01,-25.24
5292.TW,華懋科技股份有限公司,35,2026-02-01,-43.09
5306.TW,桂盟國際股份有限公司,37,2026-02-01,-14.68
5388.TW,中磊電子股份有限公司,27,2026-02-01,21.11
5434.TW,崇越科技股份有限公司,29,2026-02-01,13.92
5469.TW,瀚宇博德股份有限公司,28,2026-02-01,38.66
5471.TW,松翰科技股份有限公司,24,2026-02-01,-2.59
5484.TW,慧友電子股份有限公司,26,2026-02-01,183.64
5515.TW,建國工程股份有限公司,14,2026-02-01,-9.08
5519.TW,隆大營建事業股份有限公司,14,2026-02-01,-39.22
5521.TW,工信工程股份有限公司,14,2026-02-01,-0.7
5522.TW,遠雄建設事業股份有限公司,14,2026-02-01,1220.01
5525.TW,順天建設股份有限公司,14,2026-02-01,1275.96
5531.TW,鄉林建設事業股份有限公司,14,2026-02-01,22.84
5533.TW,皇鼎建設開發股份有限公司,14,2026-02-01,-47.7
5534.TW,長虹建設股份有限公司,14,2026-02-01,-69.26
5538.TW,開曼東明控股股份有限公司,10,2026-02-01,-31.35
5546.TW,永固集團股份有限公司,14,2026-02-01,-75.92
5607.TW,遠雄自貿港投資控股股份有限公司,15,2026-02-01,26.38
5608.TW,四維航業股份有限公司,15,2026-02-01,0.99
5706.TW,鳳凰國際旅行社股份有限公司,16,2026-02-01,74.55
5871.TW,中租控股股份有限公司,20,2026-02-01,-3.57
5876.TW,上海商業儲蓄銀行股份有限公司,17,2026-02-01,0.6
5880.TW,合作金庫金融控股股份有限公司,17,2026-02-01,18.31
5906.TW,台南生活(開曼)股份有限公司,18,2026-02-01,36.91
5907.TW,Grand Ocean RetailGroupLimited,18,2026-02-01,4.62
6005.TW,群益金鼎證券股份有限公司,17,2026-02-01,54.46
6024.TW,群益期貨股份有限公司,17,2026-02-01,152.89
6108.TW,競國實業股份有限公司,28,2026-02-01,-7.23
6112.TW,邁達特數位股份有限公司,30,2026-02-01,19.66
6115.TW,鎰勝工業股份有限公司,28,2026-02-01,-25.49
6116.TW,瀚宇彩晶股份有限公司,26,2026-02-01,-10.19
6117.TW,迎廣科技股份有限公司,25,2026-02-01,3.56
6120.TW,達運精密工業股份有限公司,26,2026-02-01,-27.83
6128.TW,上福全球科技股份有限公司,25,2026-02-01,-1.02
6133.TW,金橋科技股份有限公司,28,2026-02-01,7.16
6136.TW,富爾特科技股份有限公司,27,2026-02-01,6.55
6139.TW,亞翔工程股份有限公司,31,2026-02-01,81.4
6141.TW,柏承科技股份有限公司,28,2026-02-01,-18.96
6142.TW,友勁科技股份有限公司,27,2026-02-01,4.36
6152.TW,百一電子股份有限公司,27,2026-02-01,-29.86
6153.TW,嘉聯益科技股份有限公司,28,2026-02-01,-16.7
6155.TW,鈞寶電子工業股份有限公司,28,2026-02-01,-8.61
6164.TW,華興電子工業股份有限公司,26,2026-02-01,-14.18
6165.TW,浪凡網路科技股份有限公司,36,2026-02-01,10.72
6166.TW,凌華科技股份有限公司,25,2026-02-01,16.16
6168.TW,宏齊科技股份有限公司,26,2026-02-01,16.04
6176.TW,瑞儀光電股份有限公司,26,2026-02-01,-5.25
6177.TW,達麗建設事業股份有限公司,14,2026-02-01,554.93
6183.TW,關貿網路股份有限公司,30,2026-02-01,4.98
6184.TW,大豐有線電視股份有限公司,20,2026-02-01,4.16
6189.TW,豐藝電子股份有限公司,29,2026-02-01,-16.33
6191.TW,精成科技股份有限公司,28,2026-02-01,71.02
6192.TW,巨路國際股份有限公司,31,2026-02-01,-28.68
6196.TW,帆宣系統科技股份有限公司,31,2026-02-01,5.44
6197.TW,佳必琪國際股份有限公司,28,2026-02-01,20.32
6201.TW,亞弘電科技股份有限公司,31,2026-02-01,-33.57
6202.TW,盛群半導體股份有限公司,24,2026-02-01,-21.05
6205.TW,詮欣股份有限公司,28,2026-02-01,-35.92
6206.TW,飛捷科技股份有限公司,25,2026-02-01,9.37
6209.TW,今國光學工業股份有限公司,26,2026-02-01,11.49
6213.TW,聯茂電子股份有限公司,28,2026-02-01,9.01
6214.TW,精誠資訊股份有限公司,30,2026-02-01,-7.43
6215.TW,和椿科技股份有限公司,31,2026-02-01,51.23
6216.TW,居易科技股份有限公司,27,2026-02-01,-48.02
6224.TW,聚鼎科技股份有限公司,28,2026-02-01,-15.14
6225.TW,天瀚科技股份有限公司,26,2026-02-01,-31.9
6226.TW,光鼎電子股份有限公司,26,2026-02-01,-11.06
6230.TW,尼得科超眾科技股份有限公司,25,2026-02-01,-1.88
6235.TW,華孚科技股份有限公司,25,2026-02-01,-0.77
6239.TW,力成科技股份有限公司,24,2026-02-01,34.63
6243.TW,迅杰科技股份有限公司,24,2026-02-01,-59.52
6257.TW,矽格股份有限公司,24,2026-02-01,8.46
6269.TW,台郡科技股份有限公司,28,2026-02-01,-8.71
6271.TW,同欣電子工業股份有限公司,24,2026-02-01,-9.2
6272.TW,驊陞科技股份有限公司,28,2026-02-01,-31.02
6277.TW,宏正自動科技股份有限公司,25,2026-02-01,10.91
6278.TW,台灣表面黏著科技股份有限公司,26,2026-02-01,-5.29
6281.TW,全國電子股份有限公司,29,2026-02-01,12.98
6282.TW,康舒科技股份有限公司,28,2026-02-01,14.63
6283.TW,淳安電子股份有限公司,31,2026-02-01,-46.11
6285.TW,啟碁科技股份有限公司,27,2026-02-01,-6.93
6405.TW,悅城科技股份有限公司,26,2026-02-01,-64.0
6409.TW,旭隼科技股份有限公司,31,2026-02-01,-15.58
6412.TW,群光電能科技股份有限公司,28,2026-02-01,-21.67
6414.TW,樺漢科技股份有限公司,25,2026-02-01,3.26
6415.TW,矽力杰股份有限公司,24,2026-02-01,2.28
6416.TW,瑞祺電通股份有限公司,27,2026-02-01,-17.98
6426.TW,統新光訊股份有限公司,27,2026-02-01,7.26
6431.TW,光麗生技控股股份有限公司,22,2026-02-01,-15.57
6438.TW,迅得機械股份有限公司,31,2026-02-01,9.1
6442.TW,光紅建聖股份有限公司,27,2026-02-01,44.09
6443.TW,元晶太陽能科技股份有限公司,26,2026-02-01,-43.33
6446.TW,藥華醫藥股份有限公司,22,2026-02-01,56.65
6449.TW,鈺邦科技股份有限公司,28,2026-02-01,15.64
6451.TW,訊芯科技控股股份有限公司,24,2026-02-01,-45.37
6456.TW,GIS Holding Limited,26,2026-02-01,7.75
6464.TW,台灣數位光訊科技股份有限公司,20,2026-02-01,-5.05
6472.TW,保瑞藥業股份有限公司,22,2026-02-01,-23.23
6477.TW,安集科技股份有限公司,26,2026-02-01,78.94
6491.TW,晶碩光學股份有限公司,22,2026-02-01,6.03
6504.TW,南六企業股份有限公司,20,2026-02-01,-27.59
6505.TW,台塑石化股份有限公司,23,2026-02-01,-17.26
6515.TW,穎崴科技股份有限公司,24,2026-02-01,-3.83
6525.TW,捷敏股份有限公司,24,2026-02-01,3.53
6526.TW,達發科技股份有限公司,24,2026-02-01,2.44
6531.TW,愛普科技股份有限公司,24,2026-02-01,146.68
6533.TW,晶心科技股份有限公司,24,2026-02-01,12.26
6534.TW,正瀚生技股份有限公司,22,2026-02-01,2.07
6541.TW,泰福生技股份有限公司,22,2026-02-01,218.71
6550.TW,北極星藥業集團股份有限公司,22,2026-02-01,322.86
6552.TW,易華電子股份有限公司,24,2026-02-01,-44.19
6558.TW,興能高科技股份有限公司,31,2026-02-01,-37.18
6573.TW,虹揚發展科技股份有限公司,24,2026-02-01,-36.81
6579.TW,研揚科技股份有限公司,25,2026-02-01,21.14
6581.TW,台灣鋼聯股份有限公司,35,2026-02-01,62.29
6582.TW,申豐特用應材股份有限公司,11,2026-02-01,-64.72
6585.TW,鼎基先進材料股份有限公司,20,2026-02-01,-22.22
6589.TW,台康生技股份有限公司,22,2026-02-01,100.63
6591.TW,動力科技股份有限公司,25,2026-02-01,-34.3
6592.TW,和潤企業股份有限公司,20,2026-02-01,-8.22
6598.TW,Applied BioCode Corporation,22,2026-02-01,81.28
6605.TW,帝寶工業股份有限公司,12,2026-02-01,7.92
6606.TW,建德工業股份有限公司,5,2026-02-01,-12.32
6614.TW,資拓宏宇國際股份有限公司,36,2026-02-01,39.16
6625.TW,必應創造股份有限公司,20,2026-02-01,-21.2
6641.TW,基士德科技股份有限公司,35,2026-02-01,-29.05
6645.TW,金萬林企業股份有限公司,22,2026-02-01,12.01
6655.TW,科定企業股份有限公司,20,2026-02-01,-22.77
6657.TW,華安醫學股份有限公司,22,2026-02-01,-8.47
6658.TW,聯策科技股份有限公司,31,2026-02-01,-5.21
6666.TW,羅麗芬控股股份有限公司,22,2026-02-01,-12.5
6668.TW,中揚光電股份有限公司,26,2026-02-01,2.07
6669.TW,緯穎科技服務股份有限公司,25,2026-02-01,103.44
6670.TW,復盛應用科技股份有限公司,37,2026-02-01,29.32
6671.TW,三能集團控股股份有限公司,38,2026-02-01,-35.57
6672.TW,騰輝電子國際集團股份有限公司,28,2026-02-01,4.55
6674.TW,鋐寶科技股份有限公司,27,2026-02-01,-62.95
6689.TW,伊雲谷數位科技股份有限公司,36,2026-02-01,-10.97
6691.TW,洋基工程股份有限公司,31,2026-02-01,37.09
6695.TW,芯鼎科技股份有限公司,24,2026-02-01,-6.27
6698.TW,旭暉應用材料股份有限公司,31,2026-02-01,-17.68
6706.TW,惠特科技股份有限公司,26,2026-02-01,-62.38
6715.TW,嘉基科技股份有限公司,28,2026-02-01,17.74
6719.TW,力智電子股份有限公司,24,2026-02-01,-0.88
6722.TW,輝創電子股份有限公司,31,2026-02-01,-14.35
6742.TW,澤米科技股份有限公司,26,2026-02-01,-39.37
6743.TW,安普新股份有限公司,31,2026-02-01,-24.09
6753.TW,龍德造船工業股份有限公司,15,2026-02-01,-18.46
6754.TW,匯僑室內裝修設計股份有限公司,38,2026-02-01,-39.29
6756.TW,威鋒電子股份有限公司,24,2026-02-01,-14.43
6757.TW,台灣虎航股份有限公司,15,2026-02-01,36.73
6768.TW,志強國際企業股份有限公司,37,2026-02-01,-24.86
6770.TW,力晶積成電子製造股份有限公司,24,2026-02-01,12.01
6771.TW,平和環保科技股份有限公司,35,2026-02-01,-37.35
6776.TW,展碁國際股份有限公司,29,2026-02-01,-3.35
6781.TW,"AES Holding Co., Ltd.",28,2026-02-01,24.88
6782.TW,視陽光學股份有限公司,22,2026-02-01,11.64
6789.TW,采鈺科技股份有限公司,24,2026-02-01,7.39
6790.TW,永豐餘消費品實業股份有限公司,9,2026-02-01,-8.36
6792.TW,詠業科技股份有限公司,27,2026-02-01,1.98
6794.TW,向榮生醫科技股份有限公司,22,2026-02-01,186.18
6796.TW,晉弘科技股份有限公司,22,2026-02-01,8.09
6799.TW,來頡科技股份有限公司,24,2026-02-01,-4.53
6805.TW,富世達股份有限公司,28,2026-02-01,51.13
6806.TW,森崴能源股份有限公司,35,2026-02-01,-49.74
6807.TW,峰源集團股份有限公司,38,2026-02-01,-27.31
6830.TW,汎銓科技股份有限公司,31,2026-02-01,25.77
6831.TW,邁&#33834;科技股份有限公司,25,2026-02-01,43.88
6834.TW,天二科技股份有限公司,28,2026-02-01,1.74
6835.TW,圓裕企業股份有限公司,28,2026-02-01,-12.69
6838.TW,台新藥股份有限公司,22,2026-02-01,120.2
6854.TW,PlayNitride Inc.,24,2026-02-01,-67.69
6861.TW,睿生光電股份有限公司,22,2026-02-01,44.0
6862.TW,三集瑞科技國際集團股份有限公司,28,2026-02-01,-48.26
6863.TW,Arizon RFID Technology,27,2026-02-01,1.72
6869.TW,雲豹能源科技股份有限公司,35,2026-02-01,69.08
6873.TW,泓德能源科技股份有限公司,35,2026-02-01,2.65
6885.TW,全福生物科技股份有限公司,22,2026-02-01,1758.82
6887.TW,寶綠特資源再生工程股份有限公司,35,2026-02-01,-38.09
6890.TW,來億興業股份有限公司,37,2026-02-01,-29.43
6901.TW,鑽石生技投資股份有限公司,20,2026-02-01,-157.42
6902.TW,走著瞧股份有限公司,36,2026-02-01,16.56
6906.TW,現觀科技股份有限公司,36,2026-02-01,0.42
6909.TW,創控科技股份有限公司,24,2026-02-01,-41.21
6914.TW,阜爾運通股份有限公司,20,2026-02-01,9.63
6916.TW,華凌光電股份有限公司,26,2026-02-01,-19.57
6918.TW,愛派司生技股份有限公司,22,2026-02-01,6.51
6921.TW,嘉雨思科技股份有限公司,24,2026-02-01,-59.03
6923.TW,中台資源科技股份有限公司,35,2026-02-01,-2.69
6924.TW,榮惠集團(開曼)股份有限公司,28,2026-02-01,19.27
6928.TW,攸泰科技股份有限公司,25,2026-02-01,-25.45
6931.TW,青松健康股份有限公司,22,2026-02-01,6.36
6933.TW,艾瑪斯科技控股股份有限公司,25,2026-02-01,-22.5
6934.TW,心誠鎂行動醫電股份有限公司,22,2026-02-01,-91.22
6936.TW,永鴻國際生技股份有限公司,22,2026-02-01,-11.74
6937.TW,天虹科技股份有限公司,24,2026-02-01,31.25
6944.TW,兆聯實業股份有限公司,35,2026-02-01,100.6
6949.TW,沛爾生技醫藥股份有限公司,22,2026-02-01,61.16
6951.TW,青新環境工程股份有限公司,35,2026-02-01,17.83
6952.TW,大武山牧場科技股份有限公司,20,2026-02-01,25.7
6955.TW,邦睿生技股份有限公司,22,2026-02-01,13.04
6957.TW,裕慶金屬股份有限公司,20,2026-02-01,43.06
6958.TW,日盛台駿國際租賃股份有限公司,20,2026-02-01,-13.83
6962.TW,ITH Corporation,24,2026-02-01,-26.61
6965.TW,中傑投資控股股份有限公司,37,2026-02-01,-18.23
6969.TW,成信實業股份有限公司,35,2026-02-01,-4.59
6988.TW,威力暘電子股份有限公司,12,2026-02-01,-39.73
6994.TW,富威電力股份有限公司,35,2026-02-01,19.18
7610.TW,聯友金屬科技股份有限公司,35,2026-02-01,252.95
7631.TW,聚賢研發股份有限公司,31,2026-02-01,81.09
7705.TW,三商餐飲股份有限公司,16,2026-02-01,23.98
7711.TW,永擎電子股份有限公司,25,2026-02-01,-0.15
7721.TW,微程式資訊股份有限公司,36,2026-02-01,30.21
7722.TW,連加網路商業股份有限公司,36,2026-02-01,15.84
7730.TW,暉盛科技股份有限公司,24,2026-02-01,274.05
7732.TW,金興精密工業股份有限公司,12,2026-02-01,-19.01
7736.TW,虎山實業股份有限公司,12,2026-02-01,-24.97
7740.TW,熙特爾新能源股份有限公司,35,2026-02-01,515.18
7749.TW,意騰科技股份有限公司,24,2026-02-01,74.82
7750.TW,新代科技股份有限公司,5,2026-02-01,2.67
7765.TW,中華資安國際股份有限公司,36,2026-02-01,-15.34
7769.TW,鴻勁精密股份有限公司,24,2026-02-01,57.02
7780.TW,大研生醫國際股份有限公司,2,2026-02-01,18.67
7786.TW,東方風能科技股份有限公司,35,2026-02-01,0.16
7788.TW,松川精密股份有限公司,28,2026-02-01,13.59
7791.TW,皇家可口股份有限公司,2,2026-02-01,11.91
7795.TW,長廣精機股份有限公司,28,2026-02-01,-22.83
7823.TW,奧義賽博科技股份有限公司,36,2026-02-01,6.45
8011.TW,台通光電股份有限公司,27,2026-02-01,-20.66
8016.TW,矽創電子股份有限公司,24,2026-02-01,10.11
8021.TW,尖點科技股份有限公司,31,2026-02-01,42.47
8028.TW,昇陽國際半導體股份有限公司,24,2026-02-01,18.65
8033.TW,雷虎科技股份有限公司,20,2026-02-01,-28.32
8039.TW,台虹科技股份有限公司,28,2026-02-01,-4.79
8045.TW,達運光電股份有限公司,27,2026-02-01,11.28
8046.TW,南亞電路板股份有限公司,28,2026-02-01,12.84
8070.TW,長華電材股份有限公司,29,2026-02-01,6.79
8072.TW,陞泰科技股份有限公司,29,2026-02-01,-12.7
8081.TW,致新科技股份有限公司,24,2026-02-01,-14.07
8101.TW,華冠通訊股份有限公司,27,2026-02-01,42.63
8103.TW,瀚荃股份有限公司,28,2026-02-01,-2.97
8104.TW,錸寶科技股份有限公司,26,2026-02-01,-54.07
8105.TW,凌巨科技股份有限公司,26,2026-02-01,-11.49
8110.TW,華東科技股份有限公司,24,2026-02-01,6.8
8112.TW,至上電子股份有限公司,29,2026-02-01,136.81
8114.TW,振樺電子股份有限公司,25,2026-02-01,-37.28
8131.TW,福懋科技股份有限公司,24,2026-02-01,23.83
8150.TW,南茂科技股份有限公司,24,2026-02-01,22.12
8162.TW,微矽電子股份有限公司,24,2026-02-01,-19.53
8163.TW,達方電子股份有限公司,25,2026-02-01,11.55
8201.TW,無敵科技股份有限公司,31,2026-02-01,-37.71
8210.TW,勤誠興業股份有限公司,25,2026-02-01,49.62
8213.TW,志超科技股份有限公司,28,2026-02-01,-7.62
8215.TW,明基材料股份有限公司,26,2026-02-01,-14.19
8222.TW,寶一科技股份有限公司,5,2026-02-01,-5.02
8249.TW,菱光科技股份有限公司,28,2026-02-01,-39.24
8261.TW,富鼎先進電子股份有限公司,24,2026-02-01,-3.33
8271.TW,宇瞻科技股份有限公司,24,2026-02-01,193.82
8341.TW,日友環保科技股份有限公司,35,2026-02-01,13.19
8367.TW,建新國際股份有限公司,15,2026-02-01,-11.08
8374.TW,羅昇企業股份有限公司,5,2026-02-01,3.9
8404.TW,百和興業股份有限公司(開曼),20,2026-02-01,-23.61
8411.TW,福貞控股股份有限公司,20,2026-02-01,2.29
8422.TW,可寧衛股份有限公司,35,2026-02-01,-42.52
8429.TW,金麗集團控股有限公司,18,2026-02-01,-31.37
8438.TW,昶昕實業股份有限公司,35,2026-02-01,28.57
8442.TW,威宏控股股份有限公司,20,2026-02-01,9.79
8443.TW,阿瘦實業股份有限公司,18,2026-02-01,6.35
8454.TW,富邦媒體科技股份有限公司,36,2026-02-01,-2.07
8462.TW,柏文健康事業股份有限公司,37,2026-02-01,8.5
8463.TW,潤泰精密材料股份有限公司,20,2026-02-01,-18.17
8464.TW,億豐綜合工業股份有限公司,38,2026-02-01,-2.25
8466.TW,美吉吉國際股份有限公司,20,2026-02-01,-21.07
8467.TW,波力環球企業股份有限公司,37,2026-02-01,-39.47
8473.TW,山林水環境工程股份有限公司,35,2026-02-01,-2.57
8476.TW,台境企業股份有限公司,35,2026-02-01,43.43
8478.TW,東哥企業股份有限公司,37,2026-02-01,151.13
8481.TW,政伸企業股份有限公司,20,2026-02-01,-29.2
8482.TW,商億全球控股有限公司,38,2026-02-01,14.51
8487.TW,愛爾達科技股份有限公司,36,2026-02-01,-11.19
8488.TW,吉源控股股份有限公司,20,2026-02-01,43.26
8499.TW,鼎炫投資控股股份有限公司,31,2026-02-01,79.89
8926.TW,台灣汽電共生股份有限公司,23,2026-02-01,300.39
8940.TW,新天地國際實業股份有限公司,16,2026-02-01,99.62
8996.TW,高力熱處理工業股份有限公司,5,2026-02-01,205.73
9105.TW,泰金寶科技股份有限公司,91,2026-02-01,-20.0
9802.TW,鈺齊國際股份有限公司,37,2026-02-01,8.14
9902.TW,台火開發股份有限公司,20,2026-02-01,-93.08
9904.TW,寶成工業股份有限公司,37,2026-02-01,14.69
9905.TW,大華金屬工業股份有限公司,20,2026-02-01,7.77
9906.TW,欣巴巴事業股份有限公司,14,2026-02-01,351.05
9907.TW,統一實業股份有限公司,20,2026-02-01,-24.35
9908.TW,大台北區瓦斯股份有限公司,23,2026-02-01,-6.98
9910.TW,豐泰企業股份有限公司,37,2026-02-01,-12.32
9911.TW,台灣櫻花股份有限公司,38,2026-02-01,1.12
9912.TW,偉聯科技股份有限公司,25,2026-02-01,-16.51
9914.TW,美利達工業股份有限公司,37,2026-02-01,-22.06
9917.TW,中興保全科技股份有限公司,20,2026-02-01,-2.17
9918.TW,欣欣天然氣股份有限公司,23,2026-02-01,-15.91
9919.TW,康那香企業股份有限公司,20,2026-02-01,-1.04
9921.TW,巨大機械工業股份有限公司,37,2026-02-01,-40.05
9924.TW,台灣福興工業股份有限公司,38,2026-02-01,-17.32
9925.TW,台灣新光保全股份有限公司,20,2026-02-01,4.04
9926.TW,新海瓦斯股份有限公司,23,2026-02-01,-7.28
9927.TW,泰銘實業股份有限公司,20,2026-02-01,-20.76
9928.TW,中國電視事業股份有限公司,20,2026-02-01,23.32
9929.TW,秋雨創新股份有限公司,20,2026-02-01,-8.68
9930.TW,中聯資源股份有限公司,35,2026-02-01,-20.91
9931.TW,欣高石油氣股份有限公司,23,2026-02-01,8.35
9933.TW,中鼎工程股份有限公司,20,2026-02-01,-34.95
9934.TW,成霖企業股份有限公司,38,2026-02-01,10.24
9935.TW,慶豐富實業股份有限公司,38,2026-02-01,3.34
9937.TW,全國加油站股份有限公司,23,2026-02-01,-13.0
9938.TW,台灣百和工業股份有限公司,20,2026-02-01,-27.18
9939.TW,宏全國際股份有限公司,20,2026-02-01,-16.02
9940.TW,信義房屋股份有限公司,20,2026-02-01,7.5
9941.TW,裕融企業股份有限公司,20,2026-02-01,0.01
9942.TW,茂順密封元件科技股份有限公司,20,2026-02-01,-7.95
9943.TW,好樂迪股份有限公司,16,2026-02-01,31.59
9944.TW,新麗企業股份有限公司,20,2026-02-01,-17.27
9945.TW,潤泰創新國際股份有限公司,20,2026-02-01,-0.19
9946.TW,三發地產股份有限公司,14,2026-02-01,34244.54
9955.TW,佳龍科技工程股份有限公司,35,2026-02-01,95.59
9958.TW,世紀鋼鐵結構股份有限公司,10,2026-02-01,24.07
