Ticker,Reference_Price,Source
2330.TW,150.0,decision:daily_decision_desk.csv
2471.TW,52.0,C:\test\test-2026-3-22OK\data\auto_price_snapshot_candidates.csv
2467.TW,449.0,C:\test\test-2026-3-22OK\data\auto_price_snapshot_candidates.csv
2317.TW,110.0,C:\test\test-2026-3-22OK\data\auto_price_snapshot_candidates.csv
2454.TW,220.0,C:\test\test-2026-3-22OK\data\auto_price_snapshot_candidates.csv
1101.TW,25.100000381469727,C:\test\test-2026-3-22OK\data\auto_price_snapshot_candidates.csv
1102.TW,35.900001525878906,C:\test\test-2026-3-22OK\data\auto_price_snapshot_candidates.csv
1103.TW,13.699999809265137,C:\test\test-2026-3-22OK\data\auto_price_snapshot_candidates.csv
1104.TW,29.200000762939453,C:\test\test-2026-3-22OK\data\auto_price_snapshot_candidates.csv
1108.TW,14.800000190734863,C:\test\test-2026-3-22OK\data\auto_price_snapshot_candidates.csv
1109.TW,15.449999809265137,C:\test\test-2026-3-22OK\data\auto_price_snapshot_candidates.csv
1110.TW,15.399999618530272,C:\test\test-2026-3-22OK\data\auto_price_snapshot_candidates.csv
1201.TW,13.350000381469728,C:\test\test-2026-3-22OK\data\auto_price_snapshot_candidates.csv
1203.TW,39.900001525878906,C:\test\test-2026-3-22OK\data\auto_price_snapshot_candidates.csv
1210.TW,54.400001525878906,C:\test\test-2026-3-22OK\data\auto_price_snapshot_candidates.csv
1213.TW,9.449999809265137,C:\test\test-2026-3-22OK\data\auto_price_snapshot_candidates.csv
1215.TW,141.0,C:\test\test-2026-3-22OK\data\auto_price_snapshot_candidates.csv
1216.TW,72.0,C:\test\test-2026-3-22OK\data\auto_price_snapshot_candidates.csv
1217.TW,10.25,C:\test\test-2026-3-22OK\data\auto_price_snapshot_candidates.csv
1218.TW,19.350000381469727,C:\test\test-2026-3-22OK\data\auto_price_snapshot_candidates.csv
1219.TW,13.949999809265137,C:\test\test-2026-3-22OK\data\auto_price_snapshot_candidates.csv
1220.TW,12.5,C:\test\test-2026-3-22OK\data\auto_price_snapshot_candidates.csv
1225.TW,32.45000076293945,C:\test\test-2026-3-22OK\data\auto_price_snapshot_candidates.csv
1227.TW,30.100000381469727,C:\test\test-2026-3-22OK\data\auto_price_snapshot_candidates.csv
1229.TW,44.650001525878906,C:\test\test-2026-3-22OK\data\auto_price_snapshot_candidates.csv
1231.TW,92.3000030517578,C:\test\test-2026-3-22OK\data\auto_price_snapshot_candidates.csv
1232.TW,150.5,C:\test\test-2026-3-22OK\data\auto_price_snapshot_candidates.csv
1233.TW,29.299999237060547,C:\test\test-2026-3-22OK\data\auto_price_snapshot_candidates.csv
1234.TW,35.849998474121094,C:\test\test-2026-3-22OK\data\auto_price_snapshot_candidates.csv
1235.TW,43.0,C:\test\test-2026-3-22OK\data\auto_price_snapshot_candidates.csv
1236.TW,25.39999961853028,C:\test\test-2026-3-22OK\data\auto_price_snapshot_candidates.csv
1256.TW,150.0,C:\test\test-2026-3-22OK\data\auto_price_snapshot_candidates.csv
1301.TW,47.400001525878906,C:\test\test-2026-3-22OK\data\auto_price_snapshot_candidates.csv
1303.TW,85.19999694824219,C:\test\test-2026-3-22OK\data\auto_price_snapshot_candidates.csv
1304.TW,15.850000381469728,C:\test\test-2026-3-22OK\data\auto_price_snapshot_candidates.csv
1305.TW,16.399999618530273,C:\test\test-2026-3-22OK\data\auto_price_snapshot_candidates.csv
1307.TW,31.39999961853028,C:\test\test-2026-3-22OK\data\auto_price_snapshot_candidates.csv
1308.TW,16.850000381469727,C:\test\test-2026-3-22OK\data\auto_price_snapshot_candidates.csv
1309.TW,23.450000762939453,C:\test\test-2026-3-22OK\data\auto_price_snapshot_candidates.csv
1310.TW,10.5,C:\test\test-2026-3-22OK\data\auto_price_snapshot_candidates.csv
1312.TW,12.800000190734863,C:\test\test-2026-3-22OK\data\auto_price_snapshot_candidates.csv
1313.TW,11.899999618530272,C:\test\test-2026-3-22OK\data\auto_price_snapshot_candidates.csv
1314.TW,8.039999961853027,C:\test\test-2026-3-22OK\data\auto_price_snapshot_candidates.csv
1315.TW,64.80000305175781,C:\test\test-2026-3-22OK\data\auto_price_snapshot_candidates.csv
1316.TW,12.050000190734863,C:\test\test-2026-3-22OK\data\auto_price_snapshot_candidates.csv
1319.TW,80.0999984741211,C:\test\test-2026-3-22OK\data\auto_price_snapshot_candidates.csv
1321.TW,33.400001525878906,C:\test\test-2026-3-22OK\data\auto_price_snapshot_candidates.csv
1323.TW,21.89999961853028,C:\test\test-2026-3-22OK\data\auto_price_snapshot_candidates.csv
1324.TW,11.850000381469728,C:\test\test-2026-3-22OK\data\auto_price_snapshot_candidates.csv
1325.TW,26.950000762939453,C:\test\test-2026-3-22OK\data\auto_price_snapshot_candidates.csv
1326.TW,45.59999847412109,C:\test\test-2026-3-22OK\data\auto_price_snapshot_candidates.csv
1337.TW,5.619999885559082,C:\test\test-2026-3-22OK\data\auto_price_snapshot_candidates.csv
1338.TW,15.600000381469728,C:\test\test-2026-3-22OK\data\auto_price_snapshot_candidates.csv
1339.TW,41.5,C:\test\test-2026-3-22OK\data\auto_price_snapshot_candidates.csv
1340.TW,6.579999923706055,C:\test\test-2026-3-22OK\data\auto_price_snapshot_candidates.csv
1341.TW,59.70000076293945,C:\test\test-2026-3-22OK\data\auto_price_snapshot_candidates.csv
1342.TW,87.80000305175781,C:\test\test-2026-3-22OK\data\auto_price_snapshot_candidates.csv
1402.TW,26.89999961853028,C:\test\test-2026-3-22OK\data\auto_price_snapshot_candidates.csv
1409.TW,15.850000381469728,C:\test\test-2026-3-22OK\data\auto_price_snapshot_candidates.csv
1410.TW,31.549999237060547,C:\test\test-2026-3-22OK\data\auto_price_snapshot_candidates.csv
1413.TW,9.93000030517578,C:\test\test-2026-3-22OK\data\auto_price_snapshot_candidates.csv
1414.TW,16.950000762939453,C:\test\test-2026-3-22OK\data\auto_price_snapshot_candidates.csv
1416.TW,11.600000381469728,C:\test\test-2026-3-22OK\data\auto_price_snapshot_candidates.csv
1417.TW,9.050000190734863,C:\test\test-2026-3-22OK\data\auto_price_snapshot_candidates.csv
1418.TW,18.850000381469727,C:\test\test-2026-3-22OK\data\auto_price_snapshot_candidates.csv
1419.TW,62.70000076293945,C:\test\test-2026-3-22OK\data\auto_price_snapshot_candidates.csv
1423.TW,39.95000076293945,C:\test\test-2026-3-22OK\data\auto_price_snapshot_candidates.csv
1432.TW,17.450000762939453,C:\test\test-2026-3-22OK\data\auto_price_snapshot_candidates.csv
1434.TW,16.399999618530273,C:\test\test-2026-3-22OK\data\auto_price_snapshot_candidates.csv
1435.TW,14.75,C:\test\test-2026-3-22OK\data\auto_price_snapshot_candidates.csv
1436.TW,53.0,C:\test\test-2026-3-22OK\data\auto_price_snapshot_candidates.csv
1437.TW,30.5,C:\test\test-2026-3-22OK\data\auto_price_snapshot_candidates.csv
1438.TW,28.39999961853028,C:\test\test-2026-3-22OK\data\auto_price_snapshot_candidates.csv
1439.TW,27.799999237060547,C:\test\test-2026-3-22OK\data\auto_price_snapshot_candidates.csv
1440.TW,12.649999618530272,C:\test\test-2026-3-22OK\data\auto_price_snapshot_candidates.csv
1441.TW,9.9399995803833,C:\test\test-2026-3-22OK\data\auto_price_snapshot_candidates.csv
1442.TW,26.39999961853028,C:\test\test-2026-3-22OK\data\auto_price_snapshot_candidates.csv
1443.TW,23.600000381469727,C:\test\test-2026-3-22OK\data\auto_price_snapshot_candidates.csv
1444.TW,6.21999979019165,C:\test\test-2026-3-22OK\data\auto_price_snapshot_candidates.csv
1445.TW,12.399999618530272,C:\test\test-2026-3-22OK\data\auto_price_snapshot_candidates.csv
1446.TW,16.399999618530273,C:\test\test-2026-3-22OK\data\auto_price_snapshot_candidates.csv
1447.TW,5.059999942779541,C:\test\test-2026-3-22OK\data\auto_price_snapshot_candidates.csv
1449.TW,16.399999618530273,C:\test\test-2026-3-22OK\data\auto_price_snapshot_candidates.csv
1451.TW,18.299999237060547,C:\test\test-2026-3-22OK\data\auto_price_snapshot_candidates.csv
1452.TW,12.050000190734863,C:\test\test-2026-3-22OK\data\auto_price_snapshot_candidates.csv
1453.TW,12.100000381469728,C:\test\test-2026-3-22OK\data\auto_price_snapshot_candidates.csv
1454.TW,12.850000381469728,C:\test\test-2026-3-22OK\data\auto_price_snapshot_candidates.csv
1455.TW,8.449999809265137,C:\test\test-2026-3-22OK\data\auto_price_snapshot_candidates.csv
1456.TW,14.0,C:\test\test-2026-3-22OK\data\auto_price_snapshot_candidates.csv
1457.TW,15.350000381469728,C:\test\test-2026-3-22OK\data\auto_price_snapshot_candidates.csv
1459.TW,11.649999618530272,C:\test\test-2026-3-22OK\data\auto_price_snapshot_candidates.csv
1460.TW,7.0,C:\test\test-2026-3-22OK\data\auto_price_snapshot_candidates.csv
1463.TW,17.950000762939453,C:\test\test-2026-3-22OK\data\auto_price_snapshot_candidates.csv
1464.TW,10.25,C:\test\test-2026-3-22OK\data\auto_price_snapshot_candidates.csv
1465.TW,12.25,C:\test\test-2026-3-22OK\data\auto_price_snapshot_candidates.csv
1466.TW,17.0,C:\test\test-2026-3-22OK\data\auto_price_snapshot_candidates.csv
1467.TW,7.050000190734863,C:\test\test-2026-3-22OK\data\auto_price_snapshot_candidates.csv
1468.TW,12.300000190734863,C:\test\test-2026-3-22OK\data\auto_price_snapshot_candidates.csv
1470.TW,22.100000381469727,C:\test\test-2026-3-22OK\data\auto_price_snapshot_candidates.csv
1471.TW,12.100000381469728,C:\test\test-2026-3-22OK\data\auto_price_snapshot_candidates.csv
1472.TW,96.4000015258789,C:\test\test-2026-3-22OK\data\auto_price_snapshot_candidates.csv
1473.TW,24.0,C:\test\test-2026-3-22OK\data\auto_price_snapshot_candidates.csv
1474.TW,9.989999771118164,C:\test\test-2026-3-22OK\data\auto_price_snapshot_candidates.csv
1475.TW,29.200000762939453,C:\test\test-2026-3-22OK\data\auto_price_snapshot_candidates.csv
1476.TW,330.0,C:\test\test-2026-3-22OK\data\auto_price_snapshot_candidates.csv
1477.TW,222.5,C:\test\test-2026-3-22OK\data\auto_price_snapshot_candidates.csv
1503.TW,183.0,C:\test\test-2026-3-22OK\data\auto_price_snapshot_candidates.csv
1504.TW,59.5,C:\test\test-2026-3-22OK\data\auto_price_snapshot_candidates.csv
1506.TW,11.149999618530272,C:\test\test-2026-3-22OK\data\auto_price_snapshot_candidates.csv
1512.TW,7.440000057220459,C:\test\test-2026-3-22OK\data\auto_price_snapshot_candidates.csv
1513.TW,150.0,C:\test\test-2026-3-22OK\data\auto_price_snapshot_candidates.csv
1514.TW,103.0,C:\test\test-2026-3-22OK\data\auto_price_snapshot_candidates.csv
1515.TW,23.799999237060547,C:\test\test-2026-3-22OK\data\auto_price_snapshot_candidates.csv
1516.TW,20.299999237060547,C:\test\test-2026-3-22OK\data\auto_price_snapshot_candidates.csv
1517.TW,11.100000381469728,C:\test\test-2026-3-22OK\data\auto_price_snapshot_candidates.csv
1519.TW,806.0,C:\test\test-2026-3-22OK\data\auto_price_snapshot_candidates.csv
1521.TW,25.049999237060547,C:\test\test-2026-3-22OK\data\auto_price_snapshot_candidates.csv
1522.TW,31.64999961853028,C:\test\test-2026-3-22OK\data\auto_price_snapshot_candidates.csv
1524.TW,29.850000381469727,C:\test\test-2026-3-22OK\data\auto_price_snapshot_candidates.csv
1525.TW,62.400001525878906,C:\test\test-2026-3-22OK\data\auto_price_snapshot_candidates.csv
1526.TW,16.299999237060547,C:\test\test-2026-3-22OK\data\auto_price_snapshot_candidates.csv
1527.TW,32.45000076293945,C:\test\test-2026-3-22OK\data\auto_price_snapshot_candidates.csv
1528.TW,27.049999237060547,C:\test\test-2026-3-22OK\data\auto_price_snapshot_candidates.csv
1529.TW,24.89999961853028,C:\test\test-2026-3-22OK\data\auto_price_snapshot_candidates.csv
1530.TW,26.600000381469727,C:\test\test-2026-3-22OK\data\auto_price_snapshot_candidates.csv
1531.TW,13.100000381469728,C:\test\test-2026-3-22OK\data\auto_price_snapshot_candidates.csv
1532.TW,22.100000381469727,C:\test\test-2026-3-22OK\data\auto_price_snapshot_candidates.csv
1533.TW,30.799999237060547,C:\test\test-2026-3-22OK\data\auto_price_snapshot_candidates.csv
1535.TW,52.400001525878906,C:\test\test-2026-3-22OK\data\auto_price_snapshot_candidates.csv
1536.TW,48.150001525878906,C:\test\test-2026-3-22OK\data\auto_price_snapshot_candidates.csv
1537.TW,124.0,C:\test\test-2026-3-22OK\data\auto_price_snapshot_candidates.csv
1538.TW,12.75,C:\test\test-2026-3-22OK\data\auto_price_snapshot_candidates.csv
1539.TW,16.399999618530273,C:\test\test-2026-3-22OK\data\auto_price_snapshot_candidates.csv
1540.TW,21.950000762939453,C:\test\test-2026-3-22OK\data\auto_price_snapshot_candidates.csv
1541.TW,26.549999237060547,C:\test\test-2026-3-22OK\data\auto_price_snapshot_candidates.csv
1558.TW,92.1999969482422,C:\test\test-2026-3-22OK\data\auto_price_snapshot_candidates.csv
1560.TW,508.0,C:\test\test-2026-3-22OK\data\auto_price_snapshot_candidates.csv
1563.TW,42.04999923706055,C:\test\test-2026-3-22OK\data\auto_price_snapshot_candidates.csv
1568.TW,22.600000381469727,C:\test\test-2026-3-22OK\data\auto_price_snapshot_candidates.csv
1582.TW,99.9000015258789,C:\test\test-2026-3-22OK\data\auto_price_snapshot_candidates.csv
1583.TW,44.34999847412109,C:\test\test-2026-3-22OK\data\auto_price_snapshot_candidates.csv
1587.TW,36.20000076293945,C:\test\test-2026-3-22OK\data\auto_price_snapshot_candidates.csv
1589.TW,5.539999961853027,C:\test\test-2026-3-22OK\data\auto_price_snapshot_candidates.csv
1590.TW,1075.0,C:\test\test-2026-3-22OK\data\auto_price_snapshot_candidates.csv
1597.TW,90.0999984741211,C:\test\test-2026-3-22OK\data\auto_price_snapshot_candidates.csv
1598.TW,19.350000381469727,C:\test\test-2026-3-22OK\data\auto_price_snapshot_candidates.csv
1603.TW,32.099998474121094,C:\test\test-2026-3-22OK\data\auto_price_snapshot_candidates.csv
1604.TW,25.39999961853028,C:\test\test-2026-3-22OK\data\auto_price_snapshot_candidates.csv
1605.TW,31.450000762939453,C:\test\test-2026-3-22OK\data\auto_price_snapshot_candidates.csv
1608.TW,32.0,C:\test\test-2026-3-22OK\data\auto_price_snapshot_candidates.csv
1609.TW,32.70000076293945,C:\test\test-2026-3-22OK\data\auto_price_snapshot_candidates.csv
1611.TW,12.300000190734863,C:\test\test-2026-3-22OK\data\auto_price_snapshot_candidates.csv
1612.TW,34.75,C:\test\test-2026-3-22OK\data\auto_price_snapshot_candidates.csv
1614.TW,32.0,C:\test\test-2026-3-22OK\data\auto_price_snapshot_candidates.csv
1615.TW,45.650001525878906,C:\test\test-2026-3-22OK\data\auto_price_snapshot_candidates.csv
1616.TW,23.450000762939453,C:\test\test-2026-3-22OK\data\auto_price_snapshot_candidates.csv
1617.TW,14.800000190734863,C:\test\test-2026-3-22OK\data\auto_price_snapshot_candidates.csv
1618.TW,38.34999847412109,C:\test\test-2026-3-22OK\data\auto_price_snapshot_candidates.csv
1623.TW,181.5,C:\test\test-2026-3-22OK\data\auto_price_snapshot_candidates.csv
1626.TW,10.0,C:\test\test-2026-3-22OK\data\auto_price_snapshot_candidates.csv
1702.TW,36.150001525878906,C:\test\test-2026-3-22OK\data\auto_price_snapshot_candidates.csv
1707.TW,121.0,C:\test\test-2026-3-22OK\data\auto_price_snapshot_candidates.csv
1708.TW,39.5,C:\test\test-2026-3-22OK\data\auto_price_snapshot_candidates.csv
1709.TW,18.299999237060547,C:\test\test-2026-3-22OK\data\auto_price_snapshot_candidates.csv
1710.TW,13.800000190734863,C:\test\test-2026-3-22OK\data\auto_price_snapshot_candidates.csv
1711.TW,36.650001525878906,C:\test\test-2026-3-22OK\data\auto_price_snapshot_candidates.csv
1712.TW,43.04999923706055,C:\test\test-2026-3-22OK\data\auto_price_snapshot_candidates.csv
1713.TW,47.04999923706055,C:\test\test-2026-3-22OK\data\auto_price_snapshot_candidates.csv
1714.TW,9.460000038146973,C:\test\test-2026-3-22OK\data\auto_price_snapshot_candidates.csv
1717.TW,73.80000305175781,C:\test\test-2026-3-22OK\data\auto_price_snapshot_candidates.csv
1718.TW,7.329999923706055,C:\test\test-2026-3-22OK\data\auto_price_snapshot_candidates.csv
1720.TW,63.5,C:\test\test-2026-3-22OK\data\auto_price_snapshot_candidates.csv
1721.TW,18.100000381469727,C:\test\test-2026-3-22OK\data\auto_price_snapshot_candidates.csv
1722.TW,46.70000076293945,C:\test\test-2026-3-22OK\data\auto_price_snapshot_candidates.csv
1723.TW,77.19999694824219,C:\test\test-2026-3-22OK\data\auto_price_snapshot_candidates.csv
1725.TW,30.25,C:\test\test-2026-3-22OK\data\auto_price_snapshot_candidates.csv
1726.TW,75.30000305175781,C:\test\test-2026-3-22OK\data\auto_price_snapshot_candidates.csv
1727.TW,50.70000076293945,C:\test\test-2026-3-22OK\data\auto_price_snapshot_candidates.csv
1730.TW,53.0,C:\test\test-2026-3-22OK\data\auto_price_snapshot_candidates.csv
1731.TW,21.799999237060547,C:\test\test-2026-3-22OK\data\auto_price_snapshot_candidates.csv
1732.TW,25.89999961853028,C:\test\test-2026-3-22OK\data\auto_price_snapshot_candidates.csv
1733.TW,29.350000381469727,C:\test\test-2026-3-22OK\data\auto_price_snapshot_candidates.csv
1734.TW,31.450000762939453,C:\test\test-2026-3-22OK\data\auto_price_snapshot_candidates.csv
1735.TW,25.0,C:\test\test-2026-3-22OK\data\auto_price_snapshot_candidates.csv
1736.TW,121.5,C:\test\test-2026-3-22OK\data\auto_price_snapshot_candidates.csv
1737.TW,31.950000762939453,C:\test\test-2026-3-22OK\data\auto_price_snapshot_candidates.csv
1752.TW,35.70000076293945,C:\test\test-2026-3-22OK\data\auto_price_snapshot_candidates.csv
1760.TW,64.19999694824219,C:\test\test-2026-3-22OK\data\auto_price_snapshot_candidates.csv
1762.TW,27.600000381469727,C:\test\test-2026-3-22OK\data\auto_price_snapshot_candidates.csv
1773.TW,154.0,C:\test\test-2026-3-22OK\data\auto_price_snapshot_candidates.csv
1776.TW,15.850000381469728,C:\test\test-2026-3-22OK\data\auto_price_snapshot_candidates.csv
1783.TW,42.650001525878906,C:\test\test-2026-3-22OK\data\auto_price_snapshot_candidates.csv
1786.TW,59.29999923706055,C:\test\test-2026-3-22OK\data\auto_price_snapshot_candidates.csv
1789.TW,21.100000381469727,C:\test\test-2026-3-22OK\data\auto_price_snapshot_candidates.csv
1795.TW,213.0,C:\test\test-2026-3-22OK\data\auto_price_snapshot_candidates.csv
1802.TW,59.5,C:\test\test-2026-3-22OK\data\auto_price_snapshot_candidates.csv
1805.TW,10.800000190734863,C:\test\test-2026-3-22OK\data\auto_price_snapshot_candidates.csv
1806.TW,8.289999961853027,C:\test\test-2026-3-22OK\data\auto_price_snapshot_candidates.csv
1808.TW,30.39999961853028,C:\test\test-2026-3-22OK\data\auto_price_snapshot_candidates.csv
1809.TW,26.0,C:\test\test-2026-3-22OK\data\auto_price_snapshot_candidates.csv
1810.TW,17.25,C:\test\test-2026-3-22OK\data\auto_price_snapshot_candidates.csv
1817.TW,39.0,C:\test\test-2026-3-22OK\data\auto_price_snapshot_candidates.csv
1903.TW,50.0,C:\test\test-2026-3-22OK\data\auto_price_snapshot_candidates.csv
1904.TW,18.700000762939453,C:\test\test-2026-3-22OK\data\auto_price_snapshot_candidates.csv
1905.TW,14.449999809265137,C:\test\test-2026-3-22OK\data\auto_price_snapshot_candidates.csv
1906.TW,11.899999618530272,C:\test\test-2026-3-22OK\data\auto_price_snapshot_candidates.csv
1907.TW,25.850000381469727,C:\test\test-2026-3-22OK\data\auto_price_snapshot_candidates.csv
1909.TW,9.739999771118164,C:\test\test-2026-3-22OK\data\auto_price_snapshot_candidates.csv
2002.TW,20.200000762939453,C:\test\test-2026-3-22OK\data\auto_price_snapshot_candidates.csv
2006.TW,71.69999694824219,C:\test\test-2026-3-22OK\data\auto_price_snapshot_candidates.csv
2007.TW,8.020000457763672,C:\test\test-2026-3-22OK\data\auto_price_snapshot_candidates.csv
2008.TW,28.100000381469727,C:\test\test-2026-3-22OK\data\auto_price_snapshot_candidates.csv
2009.TW,39.900001525878906,C:\test\test-2026-3-22OK\data\auto_price_snapshot_candidates.csv
2010.TW,24.950000762939453,C:\test\test-2026-3-22OK\data\auto_price_snapshot_candidates.csv
2012.TW,15.850000381469728,C:\test\test-2026-3-22OK\data\auto_price_snapshot_candidates.csv
2013.TW,44.29999923706055,C:\test\test-2026-3-22OK\data\auto_price_snapshot_candidates.csv
2014.TW,18.89999961853028,C:\test\test-2026-3-22OK\data\auto_price_snapshot_candidates.csv
2015.TW,63.900001525878906,C:\test\test-2026-3-22OK\data\auto_price_snapshot_candidates.csv
2017.TW,9.800000190734863,C:\test\test-2026-3-22OK\data\auto_price_snapshot_candidates.csv
2020.TW,25.549999237060547,C:\test\test-2026-3-22OK\data\auto_price_snapshot_candidates.csv
2022.TW,9.170000076293944,C:\test\test-2026-3-22OK\data\auto_price_snapshot_candidates.csv
2023.TW,14.050000190734863,C:\test\test-2026-3-22OK\data\auto_price_snapshot_candidates.csv
2024.TW,14.600000381469728,C:\test\test-2026-3-22OK\data\auto_price_snapshot_candidates.csv
2025.TW,11.399999618530272,C:\test\test-2026-3-22OK\data\auto_price_snapshot_candidates.csv
2027.TW,38.5,C:\test\test-2026-3-22OK\data\auto_price_snapshot_candidates.csv
2028.TW,18.200000762939453,C:\test\test-2026-3-22OK\data\auto_price_snapshot_candidates.csv
2029.TW,20.5,C:\test\test-2026-3-22OK\data\auto_price_snapshot_candidates.csv
2030.TW,16.100000381469727,C:\test\test-2026-3-22OK\data\auto_price_snapshot_candidates.csv
2031.TW,41.0,C:\test\test-2026-3-22OK\data\auto_price_snapshot_candidates.csv
2032.TW,17.100000381469727,C:\test\test-2026-3-22OK\data\auto_price_snapshot_candidates.csv
2033.TW,16.549999237060547,C:\test\test-2026-3-22OK\data\auto_price_snapshot_candidates.csv
2034.TW,20.850000381469727,C:\test\test-2026-3-22OK\data\auto_price_snapshot_candidates.csv
2038.TW,15.5,C:\test\test-2026-3-22OK\data\auto_price_snapshot_candidates.csv
2049.TW,245.0,C:\test\test-2026-3-22OK\data\auto_price_snapshot_candidates.csv
2059.TW,3275.0,C:\test\test-2026-3-22OK\data\auto_price_snapshot_candidates.csv
2062.TW,20.700000762939453,C:\test\test-2026-3-22OK\data\auto_price_snapshot_candidates.csv
2069.TW,18.75,C:\test\test-2026-3-22OK\data\auto_price_snapshot_candidates.csv
2101.TW,36.59999847412109,C:\test\test-2026-3-22OK\data\auto_price_snapshot_candidates.csv
2102.TW,20.0,C:\test\test-2026-3-22OK\data\auto_price_snapshot_candidates.csv
2103.TW,19.549999237060547,C:\test\test-2026-3-22OK\data\auto_price_snapshot_candidates.csv
2104.TW,11.949999809265137,C:\test\test-2026-3-22OK\data\auto_price_snapshot_candidates.csv
2105.TW,31.950000762939453,C:\test\test-2026-3-22OK\data\auto_price_snapshot_candidates.csv
2106.TW,18.350000381469727,C:\test\test-2026-3-22OK\data\auto_price_snapshot_candidates.csv
2107.TW,25.600000381469727,C:\test\test-2026-3-22OK\data\auto_price_snapshot_candidates.csv
2108.TW,26.299999237060547,C:\test\test-2026-3-22OK\data\auto_price_snapshot_candidates.csv
2109.TW,14.699999809265137,C:\test\test-2026-3-22OK\data\auto_price_snapshot_candidates.csv
2114.TW,89.0,C:\test\test-2026-3-22OK\data\auto_price_snapshot_candidates.csv
2115.TW,21.5,C:\test\test-2026-3-22OK\data\auto_price_snapshot_candidates.csv
2201.TW,26.950000762939453,C:\test\test-2026-3-22OK\data\auto_price_snapshot_candidates.csv
2204.TW,54.20000076293945,C:\test\test-2026-3-22OK\data\auto_price_snapshot_candidates.csv
2206.TW,59.29999923706055,C:\test\test-2026-3-22OK\data\auto_price_snapshot_candidates.csv
2207.TW,497.5,C:\test\test-2026-3-22OK\data\auto_price_snapshot_candidates.csv
2208.TW,20.549999237060547,C:\test\test-2026-3-22OK\data\auto_price_snapshot_candidates.csv
2211.TW,100.0,C:\test\test-2026-3-22OK\data\auto_price_snapshot_candidates.csv
2227.TW,50.79999923706055,C:\test\test-2026-3-22OK\data\auto_price_snapshot_candidates.csv
2228.TW,91.1999969482422,C:\test\test-2026-3-22OK\data\auto_price_snapshot_candidates.csv
2231.TW,115.0,C:\test\test-2026-3-22OK\data\auto_price_snapshot_candidates.csv
2233.TW,212.5,C:\test\test-2026-3-22OK\data\auto_price_snapshot_candidates.csv
2236.TW,116.5,C:\test\test-2026-3-22OK\data\auto_price_snapshot_candidates.csv
2239.TW,23.049999237060547,C:\test\test-2026-3-22OK\data\auto_price_snapshot_candidates.csv
2241.TW,27.100000381469727,C:\test\test-2026-3-22OK\data\auto_price_snapshot_candidates.csv
2243.TW,22.64999961853028,C:\test\test-2026-3-22OK\data\auto_price_snapshot_candidates.csv
2247.TW,239.0,C:\test\test-2026-3-22OK\data\auto_price_snapshot_candidates.csv
2248.TW,49.09999847412109,C:\test\test-2026-3-22OK\data\auto_price_snapshot_candidates.csv
2250.TW,62.20000076293945,C:\test\test-2026-3-22OK\data\auto_price_snapshot_candidates.csv
2254.TW,68.0,C:\test\test-2026-3-22OK\data\auto_price_snapshot_candidates.csv
2258.TW,27.0,C:\test\test-2026-3-22OK\data\auto_price_snapshot_candidates.csv
2301.TW,155.0,C:\test\test-2026-3-22OK\data\auto_price_snapshot_candidates.csv
2302.TW,18.14999961853028,C:\test\test-2026-3-22OK\data\auto_price_snapshot_candidates.csv
2303.TW,60.0,C:\test\test-2026-3-22OK\data\auto_price_snapshot_candidates.csv
2305.TW,17.649999618530273,C:\test\test-2026-3-22OK\data\auto_price_snapshot_candidates.csv
2308.TW,1645.0,C:\test\test-2026-3-22OK\data\auto_price_snapshot_candidates.csv
2312.TW,22.799999237060547,C:\test\test-2026-3-22OK\data\auto_price_snapshot_candidates.csv
2313.TW,281.5,C:\test\test-2026-3-22OK\data\auto_price_snapshot_candidates.csv
2314.TW,12.449999809265137,C:\test\test-2026-3-22OK\data\auto_price_snapshot_candidates.csv
2316.TW,107.5,C:\test\test-2026-3-22OK\data\auto_price_snapshot_candidates.csv
2321.TW,13.699999809265137,C:\test\test-2026-3-22OK\data\auto_price_snapshot_candidates.csv
2323.TW,10.850000381469728,C:\test\test-2026-3-22OK\data\auto_price_snapshot_candidates.csv
2324.TW,27.299999237060547,C:\test\test-2026-3-22OK\data\auto_price_snapshot_candidates.csv
2327.TW,281.5,C:\test\test-2026-3-22OK\data\auto_price_snapshot_candidates.csv
2328.TW,44.54999923706055,C:\test\test-2026-3-22OK\data\auto_price_snapshot_candidates.csv
2329.TW,52.09999847412109,C:\test\test-2026-3-22OK\data\auto_price_snapshot_candidates.csv
2331.TW,21.549999237060547,C:\test\test-2026-3-22OK\data\auto_price_snapshot_candidates.csv
2332.TW,15.149999618530272,C:\test\test-2026-3-22OK\data\auto_price_snapshot_candidates.csv
2337.TW,142.0,C:\test\test-2026-3-22OK\data\auto_price_snapshot_candidates.csv
2338.TW,45.34999847412109,C:\test\test-2026-3-22OK\data\auto_price_snapshot_candidates.csv
2340.TW,29.799999237060547,C:\test\test-2026-3-22OK\data\auto_price_snapshot_candidates.csv
2342.TW,29.350000381469727,C:\test\test-2026-3-22OK\data\auto_price_snapshot_candidates.csv
2344.TW,91.0,C:\test\test-2026-3-22OK\data\auto_price_snapshot_candidates.csv
2345.TW,1690.0,C:\test\test-2026-3-22OK\data\auto_price_snapshot_candidates.csv
2347.TW,81.0999984741211,C:\test\test-2026-3-22OK\data\auto_price_snapshot_candidates.csv
2348.TW,76.9000015258789,C:\test\test-2026-3-22OK\data\auto_price_snapshot_candidates.csv
2349.TW,13.149999618530272,C:\test\test-2026-3-22OK\data\auto_price_snapshot_candidates.csv
2351.TW,117.0,C:\test\test-2026-3-22OK\data\auto_price_snapshot_candidates.csv
2352.TW,24.350000381469727,C:\test\test-2026-3-22OK\data\auto_price_snapshot_candidates.csv
2353.TW,27.100000381469727,C:\test\test-2026-3-22OK\data\auto_price_snapshot_candidates.csv
2354.TW,50.59999847412109,C:\test\test-2026-3-22OK\data\auto_price_snapshot_candidates.csv
2355.TW,52.900001525878906,C:\test\test-2026-3-22OK\data\auto_price_snapshot_candidates.csv
2356.TW,43.79999923706055,C:\test\test-2026-3-22OK\data\auto_price_snapshot_candidates.csv
2357.TW,568.0,C:\test\test-2026-3-22OK\data\auto_price_snapshot_candidates.csv
2359.TW,112.5,C:\test\test-2026-3-22OK\data\auto_price_snapshot_candidates.csv
2360.TW,1840.0,C:\test\test-2026-3-22OK\data\auto_price_snapshot_candidates.csv
2362.TW,38.400001525878906,C:\test\test-2026-3-22OK\data\auto_price_snapshot_candidates.csv
2363.TW,47.150001525878906,C:\test\test-2026-3-22OK\data\auto_price_snapshot_candidates.csv
2364.TW,64.0,C:\test\test-2026-3-22OK\data\auto_price_snapshot_candidates.csv
2365.TW,31.25,C:\test\test-2026-3-22OK\data\auto_price_snapshot_candidates.csv
2367.TW,77.5,C:\test\test-2026-3-22OK\data\auto_price_snapshot_candidates.csv
2368.TW,1095.0,C:\test\test-2026-3-22OK\data\auto_price_snapshot_candidates.csv
2369.TW,30.450000762939453,C:\test\test-2026-3-22OK\data\auto_price_snapshot_candidates.csv
2371.TW,31.799999237060547,C:\test\test-2026-3-22OK\data\auto_price_snapshot_candidates.csv
2373.TW,56.5,C:\test\test-2026-3-22OK\data\auto_price_snapshot_candidates.csv
2374.TW,69.0,C:\test\test-2026-3-22OK\data\auto_price_snapshot_candidates.csv
2375.TW,77.9000015258789,C:\test\test-2026-3-22OK\data\auto_price_snapshot_candidates.csv
2376.TW,251.0,C:\test\test-2026-3-22OK\data\auto_price_snapshot_candidates.csv
2377.TW,91.5999984741211,C:\test\test-2026-3-22OK\data\auto_price_snapshot_candidates.csv
2379.TW,512.0,C:\test\test-2026-3-22OK\data\auto_price_snapshot_candidates.csv
2380.TW,5.210000038146973,C:\test\test-2026-3-22OK\data\auto_price_snapshot_candidates.csv
2382.TW,313.0,C:\test\test-2026-3-22OK\data\auto_price_snapshot_candidates.csv
2383.TW,3220.0,C:\test\test-2026-3-22OK\data\auto_price_snapshot_candidates.csv
2385.TW,124.5,C:\test\test-2026-3-22OK\data\auto_price_snapshot_candidates.csv
2387.TW,38.900001525878906,C:\test\test-2026-3-22OK\data\auto_price_snapshot_candidates.csv
2388.TW,54.20000076293945,C:\test\test-2026-3-22OK\data\auto_price_snapshot_candidates.csv
2390.TW,10.199999809265137,C:\test\test-2026-3-22OK\data\auto_price_snapshot_candidates.csv
2392.TW,34.0,C:\test\test-2026-3-22OK\data\auto_price_snapshot_candidates.csv
2393.TW,71.0999984741211,C:\test\test-2026-3-22OK\data\auto_price_snapshot_candidates.csv
2395.TW,348.0,C:\test\test-2026-3-22OK\data\auto_price_snapshot_candidates.csv
2397.TW,59.79999923706055,C:\test\test-2026-3-22OK\data\auto_price_snapshot_candidates.csv
2399.TW,35.45000076293945,C:\test\test-2026-3-22OK\data\auto_price_snapshot_candidates.csv
2401.TW,20.049999237060547,C:\test\test-2026-3-22OK\data\auto_price_snapshot_candidates.csv
2402.TW,55.79999923706055,C:\test\test-2026-3-22OK\data\auto_price_snapshot_candidates.csv
2404.TW,907.0,C:\test\test-2026-3-22OK\data\auto_price_snapshot_candidates.csv
2405.TW,15.199999809265137,C:\test\test-2026-3-22OK\data\auto_price_snapshot_candidates.csv
2406.TW,31.600000381469727,C:\test\test-2026-3-22OK\data\auto_price_snapshot_candidates.csv
2408.TW,205.0,C:\test\test-2026-3-22OK\data\auto_price_snapshot_candidates.csv
2409.TW,18.75,C:\test\test-2026-3-22OK\data\auto_price_snapshot_candidates.csv
2412.TW,135.0,C:\test\test-2026-3-22OK\data\auto_price_snapshot_candidates.csv
2413.TW,48.75,C:\test\test-2026-3-22OK\data\auto_price_snapshot_candidates.csv
2414.TW,43.25,C:\test\test-2026-3-22OK\data\auto_price_snapshot_candidates.csv
2415.TW,28.89999961853028,C:\test\test-2026-3-22OK\data\auto_price_snapshot_candidates.csv
2417.TW,38.95000076293945,C:\test\test-2026-3-22OK\data\auto_price_snapshot_candidates.csv
2419.TW,36.95000076293945,C:\test\test-2026-3-22OK\data\auto_price_snapshot_candidates.csv
2420.TW,52.400001525878906,C:\test\test-2026-3-22OK\data\auto_price_snapshot_candidates.csv
2421.TW,136.5,C:\test\test-2026-3-22OK\data\auto_price_snapshot_candidates.csv
2423.TW,47.59999847412109,C:\test\test-2026-3-22OK\data\auto_price_snapshot_candidates.csv
2424.TW,25.89999961853028,C:\test\test-2026-3-22OK\data\auto_price_snapshot_candidates.csv
2425.TW,26.700000762939453,C:\test\test-2026-3-22OK\data\auto_price_snapshot_candidates.csv
2426.TW,43.0,C:\test\test-2026-3-22OK\data\auto_price_snapshot_candidates.csv
2427.TW,23.100000381469727,C:\test\test-2026-3-22OK\data\auto_price_snapshot_candidates.csv
2428.TW,162.0,C:\test\test-2026-3-22OK\data\auto_price_snapshot_candidates.csv
2429.TW,38.150001525878906,C:\test\test-2026-3-22OK\data\auto_price_snapshot_candidates.csv
2430.TW,21.850000381469727,C:\test\test-2026-3-22OK\data\auto_price_snapshot_candidates.csv
2431.TW,11.649999618530272,C:\test\test-2026-3-22OK\data\auto_price_snapshot_candidates.csv
2432.TW,27.450000762939453,C:\test\test-2026-3-22OK\data\auto_price_snapshot_candidates.csv
2433.TW,45.59999847412109,C:\test\test-2026-3-22OK\data\auto_price_snapshot_candidates.csv
2434.TW,29.200000762939453,C:\test\test-2026-3-22OK\data\auto_price_snapshot_candidates.csv
2436.TW,61.5,C:\test\test-2026-3-22OK\data\auto_price_snapshot_candidates.csv
2438.TW,20.799999237060547,C:\test\test-2026-3-22OK\data\auto_price_snapshot_candidates.csv
2439.TW,85.80000305175781,C:\test\test-2026-3-22OK\data\auto_price_snapshot_candidates.csv
2440.TW,14.5,C:\test\test-2026-3-22OK\data\auto_price_snapshot_candidates.csv
2441.TW,94.0,C:\test\test-2026-3-22OK\data\auto_price_snapshot_candidates.csv
2442.TW,20.299999237060547,C:\test\test-2026-3-22OK\data\auto_price_snapshot_candidates.csv
2444.TW,12.550000190734863,C:\test\test-2026-3-22OK\data\auto_price_snapshot_candidates.csv
2449.TW,275.0,C:\test\test-2026-3-22OK\data\auto_price_snapshot_candidates.csv
2450.TW,29.75,C:\test\test-2026-3-22OK\data\auto_price_snapshot_candidates.csv
2451.TW,233.0,C:\test\test-2026-3-22OK\data\auto_price_snapshot_candidates.csv
2453.TW,53.0,C:\test\test-2026-3-22OK\data\auto_price_snapshot_candidates.csv
2455.TW,288.0,C:\test\test-2026-3-22OK\data\auto_price_snapshot_candidates.csv
2457.TW,24.350000381469727,C:\test\test-2026-3-22OK\data\auto_price_snapshot_candidates.csv
2458.TW,133.0,C:\test\test-2026-3-22OK\data\auto_price_snapshot_candidates.csv
2459.TW,65.5999984741211,C:\test\test-2026-3-22OK\data\auto_price_snapshot_candidates.csv
2460.TW,29.0,C:\test\test-2026-3-22OK\data\auto_price_snapshot_candidates.csv
2461.TW,17.5,C:\test\test-2026-3-22OK\data\auto_price_snapshot_candidates.csv
2462.TW,22.049999237060547,C:\test\test-2026-3-22OK\data\auto_price_snapshot_candidates.csv
2464.TW,67.69999694824219,C:\test\test-2026-3-22OK\data\auto_price_snapshot_candidates.csv
2465.TW,58.900001525878906,C:\test\test-2026-3-22OK\data\auto_price_snapshot_candidates.csv
2466.TW,57.70000076293945,C:\test\test-2026-3-22OK\data\auto_price_snapshot_candidates.csv
2468.TW,33.54999923706055,C:\test\test-2026-3-22OK\data\auto_price_snapshot_candidates.csv
2472.TW,145.5,C:\test\test-2026-3-22OK\data\auto_price_snapshot_candidates.csv
2474.TW,192.0,C:\test\test-2026-3-22OK\data\auto_price_snapshot_candidates.csv
2476.TW,101.5,C:\test\test-2026-3-22OK\data\auto_price_snapshot_candidates.csv
2477.TW,23.64999961853028,C:\test\test-2026-3-22OK\data\auto_price_snapshot_candidates.csv
2478.TW,62.0,C:\test\test-2026-3-22OK\data\auto_price_snapshot_candidates.csv
2480.TW,140.5,C:\test\test-2026-3-22OK\data\auto_price_snapshot_candidates.csv
2481.TW,100.5,C:\test\test-2026-3-22OK\data\auto_price_snapshot_candidates.csv
2482.TW,16.950000762939453,C:\test\test-2026-3-22OK\data\auto_price_snapshot_candidates.csv
2483.TW,21.200000762939453,C:\test\test-2026-3-22OK\data\auto_price_snapshot_candidates.csv
2484.TW,30.39999961853028,C:\test\test-2026-3-22OK\data\auto_price_snapshot_candidates.csv
2485.TW,69.9000015258789,C:\test\test-2026-3-22OK\data\auto_price_snapshot_candidates.csv
2486.TW,174.0,C:\test\test-2026-3-22OK\data\auto_price_snapshot_candidates.csv
2488.TW,49.75,C:\test\test-2026-3-22OK\data\auto_price_snapshot_candidates.csv
2489.TW,42.75,C:\test\test-2026-3-22OK\data\auto_price_snapshot_candidates.csv
2491.TW,14.949999809265137,C:\test\test-2026-3-22OK\data\auto_price_snapshot_candidates.csv
2492.TW,123.5,C:\test\test-2026-3-22OK\data\auto_price_snapshot_candidates.csv
2493.TW,116.5,C:\test\test-2026-3-22OK\data\auto_price_snapshot_candidates.csv
2495.TW,36.150001525878906,C:\test\test-2026-3-22OK\data\auto_price_snapshot_candidates.csv
2496.TW,66.5999984741211,C:\test\test-2026-3-22OK\data\auto_price_snapshot_candidates.csv
2497.TW,50.70000076293945,C:\test\test-2026-3-22OK\data\auto_price_snapshot_candidates.csv
2498.TW,40.09999847412109,C:\test\test-2026-3-22OK\data\auto_price_snapshot_candidates.csv
2501.TW,23.299999237060547,C:\test\test-2026-3-22OK\data\auto_price_snapshot_candidates.csv
2504.TW,36.70000076293945,C:\test\test-2026-3-22OK\data\auto_price_snapshot_candidates.csv
2505.TW,19.450000762939453,C:\test\test-2026-3-22OK\data\auto_price_snapshot_candidates.csv
2506.TW,8.960000038146973,C:\test\test-2026-3-22OK\data\auto_price_snapshot_candidates.csv
2509.TW,14.300000190734863,C:\test\test-2026-3-22OK\data\auto_price_snapshot_candidates.csv
2511.TW,8.15999984741211,C:\test\test-2026-3-22OK\data\auto_price_snapshot_candidates.csv
2514.TW,13.5,C:\test\test-2026-3-22OK\data\auto_price_snapshot_candidates.csv
2515.TW,13.25,C:\test\test-2026-3-22OK\data\auto_price_snapshot_candidates.csv
2516.TW,13.600000381469728,C:\test\test-2026-3-22OK\data\auto_price_snapshot_candidates.csv
2520.TW,30.950000762939453,C:\test\test-2026-3-22OK\data\auto_price_snapshot_candidates.csv
2524.TW,38.5,C:\test\test-2026-3-22OK\data\auto_price_snapshot_candidates.csv
2527.TW,31.0,C:\test\test-2026-3-22OK\data\auto_price_snapshot_candidates.csv
2528.TW,24.100000381469727,C:\test\test-2026-3-22OK\data\auto_price_snapshot_candidates.csv
2530.TW,23.549999237060547,C:\test\test-2026-3-22OK\data\auto_price_snapshot_candidates.csv
2534.TW,19.950000762939453,C:\test\test-2026-3-22OK\data\auto_price_snapshot_candidates.csv
2535.TW,68.30000305175781,C:\test\test-2026-3-22OK\data\auto_price_snapshot_candidates.csv
2536.TW,22.39999961853028,C:\test\test-2026-3-22OK\data\auto_price_snapshot_candidates.csv
2537.TW,10.350000381469728,C:\test\test-2026-3-22OK\data\auto_price_snapshot_candidates.csv
2538.TW,10.100000381469728,C:\test\test-2026-3-22OK\data\auto_price_snapshot_candidates.csv
2539.TW,47.75,C:\test\test-2026-3-22OK\data\auto_price_snapshot_candidates.csv
2540.TW,47.5,C:\test\test-2026-3-22OK\data\auto_price_snapshot_candidates.csv
2542.TW,36.150001525878906,C:\test\test-2026-3-22OK\data\auto_price_snapshot_candidates.csv
2543.TW,57.5,C:\test\test-2026-3-22OK\data\auto_price_snapshot_candidates.csv
2545.TW,35.900001525878906,C:\test\test-2026-3-22OK\data\auto_price_snapshot_candidates.csv
2546.TW,85.4000015258789,C:\test\test-2026-3-22OK\data\auto_price_snapshot_candidates.csv
2547.TW,10.649999618530272,C:\test\test-2026-3-22OK\data\auto_price_snapshot_candidates.csv
2548.TW,129.0,C:\test\test-2026-3-22OK\data\auto_price_snapshot_candidates.csv
2597.TW,152.5,C:\test\test-2026-3-22OK\data\auto_price_snapshot_candidates.csv
2601.TW,5.670000076293945,C:\test\test-2026-3-22OK\data\auto_price_snapshot_candidates.csv
2603.TW,203.0,C:\test\test-2026-3-22OK\data\auto_price_snapshot_candidates.csv
2605.TW,39.0,C:\test\test-2026-3-22OK\data\auto_price_snapshot_candidates.csv
2606.TW,60.79999923706055,C:\test\test-2026-3-22OK\data\auto_price_snapshot_candidates.csv
2607.TW,51.0,C:\test\test-2026-3-22OK\data\auto_price_snapshot_candidates.csv
2608.TW,30.850000381469727,C:\test\test-2026-3-22OK\data\auto_price_snapshot_candidates.csv
2609.TW,51.29999923706055,C:\test\test-2026-3-22OK\data\auto_price_snapshot_candidates.csv
2610.TW,18.14999961853028,C:\test\test-2026-3-22OK\data\auto_price_snapshot_candidates.csv
2611.TW,13.800000190734863,C:\test\test-2026-3-22OK\data\auto_price_snapshot_candidates.csv
2612.TW,55.70000076293945,C:\test\test-2026-3-22OK\data\auto_price_snapshot_candidates.csv
2613.TW,23.14999961853028,C:\test\test-2026-3-22OK\data\auto_price_snapshot_candidates.csv
2614.TW,20.850000381469727,C:\test\test-2026-3-22OK\data\auto_price_snapshot_candidates.csv
2615.TW,78.30000305175781,C:\test\test-2026-3-22OK\data\auto_price_snapshot_candidates.csv
2616.TW,15.5,C:\test\test-2026-3-22OK\data\auto_price_snapshot_candidates.csv
2617.TW,30.350000381469727,C:\test\test-2026-3-22OK\data\auto_price_snapshot_candidates.csv
2618.TW,34.79999923706055,C:\test\test-2026-3-22OK\data\auto_price_snapshot_candidates.csv
2630.TW,46.54999923706055,C:\test\test-2026-3-22OK\data\auto_price_snapshot_candidates.csv
2633.TW,27.0,C:\test\test-2026-3-22OK\data\auto_price_snapshot_candidates.csv
2634.TW,46.54999923706055,C:\test\test-2026-3-22OK\data\auto_price_snapshot_candidates.csv
2636.TW,68.0,C:\test\test-2026-3-22OK\data\auto_price_snapshot_candidates.csv
2637.TW,70.30000305175781,C:\test\test-2026-3-22OK\data\auto_price_snapshot_candidates.csv
2642.TW,23.25,C:\test\test-2026-3-22OK\data\auto_price_snapshot_candidates.csv
2645.TW,151.0,C:\test\test-2026-3-22OK\data\auto_price_snapshot_candidates.csv
2646.TW,21.100000381469727,C:\test\test-2026-3-22OK\data\auto_price_snapshot_candidates.csv
2701.TW,10.699999809265137,C:\test\test-2026-3-22OK\data\auto_price_snapshot_candidates.csv
2702.TW,14.300000190734863,C:\test\test-2026-3-22OK\data\auto_price_snapshot_candidates.csv
2704.TW,42.20000076293945,C:\test\test-2026-3-22OK\data\auto_price_snapshot_candidates.csv
2705.TW,16.549999237060547,C:\test\test-2026-3-22OK\data\auto_price_snapshot_candidates.csv
2706.TW,12.5,C:\test\test-2026-3-22OK\data\auto_price_snapshot_candidates.csv
2707.TW,190.0,C:\test\test-2026-3-22OK\data\auto_price_snapshot_candidates.csv
2712.TW,15.0,C:\test\test-2026-3-22OK\data\auto_price_snapshot_candidates.csv
2722.TW,23.100000381469727,C:\test\test-2026-3-22OK\data\auto_price_snapshot_candidates.csv
2723.TW,68.30000305175781,C:\test\test-2026-3-22OK\data\auto_price_snapshot_candidates.csv
2727.TW,228.5,C:\test\test-2026-3-22OK\data\auto_price_snapshot_candidates.csv
2731.TW,160.0,C:\test\test-2026-3-22OK\data\auto_price_snapshot_candidates.csv
2739.TW,34.20000076293945,C:\test\test-2026-3-22OK\data\auto_price_snapshot_candidates.csv
2748.TW,40.150001525878906,C:\test\test-2026-3-22OK\data\auto_price_snapshot_candidates.csv
2753.TW,179.5,C:\test\test-2026-3-22OK\data\auto_price_snapshot_candidates.csv
2762.TW,72.80000305175781,C:\test\test-2026-3-22OK\data\auto_price_snapshot_candidates.csv
2801.TW,21.0,C:\test\test-2026-3-22OK\data\auto_price_snapshot_candidates.csv
2812.TW,21.049999237060547,C:\test\test-2026-3-22OK\data\auto_price_snapshot_candidates.csv
2816.TW,30.89999961853028,C:\test\test-2026-3-22OK\data\auto_price_snapshot_candidates.csv
2820.TW,17.0,C:\test\test-2026-3-22OK\data\auto_price_snapshot_candidates.csv
2832.TW,47.29999923706055,C:\test\test-2026-3-22OK\data\auto_price_snapshot_candidates.csv
2834.TW,15.350000381469728,C:\test\test-2026-3-22OK\data\auto_price_snapshot_candidates.csv
2836.TW,12.199999809265137,C:\test\test-2026-3-22OK\data\auto_price_snapshot_candidates.csv
2838.TW,21.0,C:\test\test-2026-3-22OK\data\auto_price_snapshot_candidates.csv
2845.TW,12.649999618530272,C:\test\test-2026-3-22OK\data\auto_price_snapshot_candidates.csv
2849.TW,13.5,C:\test\test-2026-3-22OK\data\auto_price_snapshot_candidates.csv
2850.TW,119.0,C:\test\test-2026-3-22OK\data\auto_price_snapshot_candidates.csv
2851.TW,31.0,C:\test\test-2026-3-22OK\data\auto_price_snapshot_candidates.csv
2852.TW,25.950000762939453,C:\test\test-2026-3-22OK\data\auto_price_snapshot_candidates.csv
2855.TW,31.39999961853028,C:\test\test-2026-3-22OK\data\auto_price_snapshot_candidates.csv
2867.TW,7.800000190734863,C:\test\test-2026-3-22OK\data\auto_price_snapshot_candidates.csv
2880.TW,34.599998474121094,C:\test\test-2026-3-22OK\data\auto_price_snapshot_candidates.csv
2881.TW,88.5,C:\test\test-2026-3-22OK\data\auto_price_snapshot_candidates.csv
2882.TW,73.5999984741211,C:\test\test-2026-3-22OK\data\auto_price_snapshot_candidates.csv
2883.TW,21.299999237060547,C:\test\test-2026-3-22OK\data\auto_price_snapshot_candidates.csv
2884.TW,32.599998474121094,C:\test\test-2026-3-22OK\data\auto_price_snapshot_candidates.csv
2885.TW,47.95000076293945,C:\test\test-2026-3-22OK\data\auto_price_snapshot_candidates.csv
2886.TW,39.75,C:\test\test-2026-3-22OK\data\auto_price_snapshot_candidates.csv
2887.TW,24.64999961853028,C:\test\test-2026-3-22OK\data\auto_price_snapshot_candidates.csv
2889.TW,15.25,C:\test\test-2026-3-22OK\data\auto_price_snapshot_candidates.csv
2890.TW,33.099998474121094,C:\test\test-2026-3-22OK\data\auto_price_snapshot_candidates.csv
2891.TW,54.79999923706055,C:\test\test-2026-3-22OK\data\auto_price_snapshot_candidates.csv
2892.TW,29.100000381469727,C:\test\test-2026-3-22OK\data\auto_price_snapshot_candidates.csv
2897.TW,10.149999618530272,C:\test\test-2026-3-22OK\data\auto_price_snapshot_candidates.csv
2901.TW,23.700000762939453,C:\test\test-2026-3-22OK\data\auto_price_snapshot_candidates.csv
2903.TW,23.14999961853028,C:\test\test-2026-3-22OK\data\auto_price_snapshot_candidates.csv
2904.TW,16.75,C:\test\test-2026-3-22OK\data\auto_price_snapshot_candidates.csv
2905.TW,14.649999618530272,C:\test\test-2026-3-22OK\data\auto_price_snapshot_candidates.csv
2906.TW,12.899999618530272,C:\test\test-2026-3-22OK\data\auto_price_snapshot_candidates.csv
2908.TW,20.0,C:\test\test-2026-3-22OK\data\auto_price_snapshot_candidates.csv
2910.TW,21.39999961853028,C:\test\test-2026-3-22OK\data\auto_price_snapshot_candidates.csv
2911.TW,5.099999904632568,C:\test\test-2026-3-22OK\data\auto_price_snapshot_candidates.csv
2912.TW,231.0,C:\test\test-2026-3-22OK\data\auto_price_snapshot_candidates.csv
2913.TW,12.100000381469728,C:\test\test-2026-3-22OK\data\auto_price_snapshot_candidates.csv
2915.TW,47.400001525878906,C:\test\test-2026-3-22OK\data\auto_price_snapshot_candidates.csv
2923.TW,19.049999237060547,C:\test\test-2026-3-22OK\data\auto_price_snapshot_candidates.csv
2929.TW,6.239999771118164,C:\test\test-2026-3-22OK\data\auto_price_snapshot_candidates.csv
2939.TW,25.89999961853028,C:\test\test-2026-3-22OK\data\auto_price_snapshot_candidates.csv
2945.TW,41.5,C:\test\test-2026-3-22OK\data\auto_price_snapshot_candidates.csv
3002.TW,19.75,C:\test\test-2026-3-22OK\data\auto_price_snapshot_candidates.csv
3003.TW,50.29999923706055,C:\test\test-2026-3-22OK\data\auto_price_snapshot_candidates.csv
3004.TW,112.0,C:\test\test-2026-3-22OK\data\auto_price_snapshot_candidates.csv
3005.TW,100.5,C:\test\test-2026-3-22OK\data\auto_price_snapshot_candidates.csv
3006.TW,155.0,C:\test\test-2026-3-22OK\data\auto_price_snapshot_candidates.csv
3008.TW,2280.0,C:\test\test-2026-3-22OK\data\auto_price_snapshot_candidates.csv
3010.TW,128.5,C:\test\test-2026-3-22OK\data\auto_price_snapshot_candidates.csv
3011.TW,12.600000381469728,C:\test\test-2026-3-22OK\data\auto_price_snapshot_candidates.csv
3013.TW,102.0,C:\test\test-2026-3-22OK\data\auto_price_snapshot_candidates.csv
3014.TW,118.5,C:\test\test-2026-3-22OK\data\auto_price_snapshot_candidates.csv
3015.TW,51.20000076293945,C:\test\test-2026-3-22OK\data\auto_price_snapshot_candidates.csv
3016.TW,54.20000076293945,C:\test\test-2026-3-22OK\data\auto_price_snapshot_candidates.csv
3017.TW,2235.0,C:\test\test-2026-3-22OK\data\auto_price_snapshot_candidates.csv
3018.TW,11.25,C:\test\test-2026-3-22OK\data\auto_price_snapshot_candidates.csv
3019.TW,125.0,C:\test\test-2026-3-22OK\data\auto_price_snapshot_candidates.csv
3021.TW,15.800000190734863,C:\test\test-2026-3-22OK\data\auto_price_snapshot_candidates.csv
3022.TW,62.5,C:\test\test-2026-3-22OK\data\auto_price_snapshot_candidates.csv
3023.TW,272.0,C:\test\test-2026-3-22OK\data\auto_price_snapshot_candidates.csv
3024.TW,10.050000190734863,C:\test\test-2026-3-22OK\data\auto_price_snapshot_candidates.csv
3025.TW,64.5,C:\test\test-2026-3-22OK\data\auto_price_snapshot_candidates.csv
3026.TW,183.5,C:\test\test-2026-3-22OK\data\auto_price_snapshot_candidates.csv
3027.TW,19.299999237060547,C:\test\test-2026-3-22OK\data\auto_price_snapshot_candidates.csv
3028.TW,60.20000076293945,C:\test\test-2026-3-22OK\data\auto_price_snapshot_candidates.csv
3029.TW,97.5999984741211,C:\test\test-2026-3-22OK\data\auto_price_snapshot_candidates.csv
3030.TW,275.5,C:\test\test-2026-3-22OK\data\auto_price_snapshot_candidates.csv
3031.TW,25.799999237060547,C:\test\test-2026-3-22OK\data\auto_price_snapshot_candidates.csv
3032.TW,62.79999923706055,C:\test\test-2026-3-22OK\data\auto_price_snapshot_candidates.csv
3033.TW,33.0,C:\test\test-2026-3-22OK\data\auto_price_snapshot_candidates.csv
3034.TW,399.5,C:\test\test-2026-3-22OK\data\auto_price_snapshot_candidates.csv
3035.TW,152.0,C:\test\test-2026-3-22OK\data\auto_price_snapshot_candidates.csv
3036.TW,224.0,C:\test\test-2026-3-22OK\data\auto_price_snapshot_candidates.csv
3037.TW,625.0,C:\test\test-2026-3-22OK\data\auto_price_snapshot_candidates.csv
3038.TW,20.450000762939453,C:\test\test-2026-3-22OK\data\auto_price_snapshot_candidates.csv
3040.TW,48.59999847412109,C:\test\test-2026-3-22OK\data\auto_price_snapshot_candidates.csv
3041.TW,21.64999961853028,C:\test\test-2026-3-22OK\data\auto_price_snapshot_candidates.csv
3042.TW,107.5,C:\test\test-2026-3-22OK\data\auto_price_snapshot_candidates.csv
3043.TW,19.700000762939453,C:\test\test-2026-3-22OK\data\auto_price_snapshot_candidates.csv
3044.TW,378.0,C:\test\test-2026-3-22OK\data\auto_price_snapshot_candidates.csv
3045.TW,110.0,C:\test\test-2026-3-22OK\data\auto_price_snapshot_candidates.csv
3046.TW,48.20000076293945,C:\test\test-2026-3-22OK\data\auto_price_snapshot_candidates.csv
3047.TW,15.75,C:\test\test-2026-3-22OK\data\auto_price_snapshot_candidates.csv
3048.TW,35.04999923706055,C:\test\test-2026-3-22OK\data\auto_price_snapshot_candidates.csv
3049.TW,12.5,C:\test\test-2026-3-22OK\data\auto_price_snapshot_candidates.csv
3050.TW,13.399999618530272,C:\test\test-2026-3-22OK\data\auto_price_snapshot_candidates.csv
3051.TW,20.600000381469727,C:\test\test-2026-3-22OK\data\auto_price_snapshot_candidates.csv
3052.TW,11.0,C:\test\test-2026-3-22OK\data\auto_price_snapshot_candidates.csv
3054.TW,68.4000015258789,C:\test\test-2026-3-22OK\data\auto_price_snapshot_candidates.csv
3055.TW,60.09999847412109,C:\test\test-2026-3-22OK\data\auto_price_snapshot_candidates.csv
3056.TW,14.800000190734863,C:\test\test-2026-3-22OK\data\auto_price_snapshot_candidates.csv
3057.TW,15.800000190734863,C:\test\test-2026-3-22OK\data\auto_price_snapshot_candidates.csv
3058.TW,9.140000343322754,C:\test\test-2026-3-22OK\data\auto_price_snapshot_candidates.csv
3059.TW,36.34999847412109,C:\test\test-2026-3-22OK\data\auto_price_snapshot_candidates.csv
3060.TW,29.450000762939453,C:\test\test-2026-3-22OK\data\auto_price_snapshot_candidates.csv
3062.TW,30.799999237060547,C:\test\test-2026-3-22OK\data\auto_price_snapshot_candidates.csv
3090.TW,99.9000015258789,C:\test\test-2026-3-22OK\data\auto_price_snapshot_candidates.csv
3092.TW,28.799999237060547,C:\test\test-2026-3-22OK\data\auto_price_snapshot_candidates.csv
3094.TW,23.049999237060547,C:\test\test-2026-3-22OK\data\auto_price_snapshot_candidates.csv
3130.TW,221.0,C:\test\test-2026-3-22OK\data\auto_price_snapshot_candidates.csv
3135.TW,113.0,C:\test\test-2026-3-22OK\data\auto_price_snapshot_candidates.csv
3138.TW,182.0,C:\test\test-2026-3-22OK\data\auto_price_snapshot_candidates.csv
3149.TW,40.79999923706055,C:\test\test-2026-3-22OK\data\auto_price_snapshot_candidates.csv
3150.TW,18.0,C:\test\test-2026-3-22OK\data\auto_price_snapshot_candidates.csv
3164.TW,17.850000381469727,C:\test\test-2026-3-22OK\data\auto_price_snapshot_candidates.csv
3167.TW,576.0,C:\test\test-2026-3-22OK\data\auto_price_snapshot_candidates.csv
3168.TW,42.400001525878906,C:\test\test-2026-3-22OK\data\auto_price_snapshot_candidates.csv
3189.TW,387.0,C:\test\test-2026-3-22OK\data\auto_price_snapshot_candidates.csv
3209.TW,43.95000076293945,C:\test\test-2026-3-22OK\data\auto_price_snapshot_candidates.csv
3229.TW,18.75,C:\test\test-2026-3-22OK\data\auto_price_snapshot_candidates.csv
3231.TW,132.5,C:\test\test-2026-3-22OK\data\auto_price_snapshot_candidates.csv
3257.TW,52.400001525878906,C:\test\test-2026-3-22OK\data\auto_price_snapshot_candidates.csv
3266.TW,13.550000190734863,C:\test\test-2026-3-22OK\data\auto_price_snapshot_candidates.csv
3296.TW,21.850000381469727,C:\test\test-2026-3-22OK\data\auto_price_snapshot_candidates.csv
3305.TW,108.5,C:\test\test-2026-3-22OK\data\auto_price_snapshot_candidates.csv
3308.TW,21.14999961853028,C:\test\test-2026-3-22OK\data\auto_price_snapshot_candidates.csv
3311.TW,32.20000076293945,C:\test\test-2026-3-22OK\data\auto_price_snapshot_candidates.csv
3312.TW,36.09999847412109,C:\test\test-2026-3-22OK\data\auto_price_snapshot_candidates.csv
3321.TW,16.399999618530273,C:\test\test-2026-3-22OK\data\auto_price_snapshot_candidates.csv
3338.TW,59.5,C:\test\test-2026-3-22OK\data\auto_price_snapshot_candidates.csv
3346.TW,18.100000381469727,C:\test\test-2026-3-22OK\data\auto_price_snapshot_candidates.csv
3356.TW,49.09999847412109,C:\test\test-2026-3-22OK\data\auto_price_snapshot_candidates.csv
3376.TW,208.0,C:\test\test-2026-3-22OK\data\auto_price_snapshot_candidates.csv
3380.TW,41.29999923706055,C:\test\test-2026-3-22OK\data\auto_price_snapshot_candidates.csv
3406.TW,450.0,C:\test\test-2026-3-22OK\data\auto_price_snapshot_candidates.csv
3413.TW,308.5,C:\test\test-2026-3-22OK\data\auto_price_snapshot_candidates.csv
3416.TW,150.0,C:\test\test-2026-3-22OK\data\auto_price_snapshot_candidates.csv
3419.TW,15.5,C:\test\test-2026-3-22OK\data\auto_price_snapshot_candidates.csv
3432.TW,16.25,C:\test\test-2026-3-22OK\data\auto_price_snapshot_candidates.csv
3437.TW,22.850000381469727,C:\test\test-2026-3-22OK\data\auto_price_snapshot_candidates.csv
3443.TW,2655.0,C:\test\test-2026-3-22OK\data\auto_price_snapshot_candidates.csv
3447.TW,38.09999847412109,C:\test\test-2026-3-22OK\data\auto_price_snapshot_candidates.csv
3450.TW,289.5,C:\test\test-2026-3-22OK\data\auto_price_snapshot_candidates.csv
3481.TW,26.950000762939453,C:\test\test-2026-3-22OK\data\auto_price_snapshot_candidates.csv
3494.TW,7.860000133514404,C:\test\test-2026-3-22OK\data\auto_price_snapshot_candidates.csv
3501.TW,47.29999923706055,C:\test\test-2026-3-22OK\data\auto_price_snapshot_candidates.csv
3504.TW,51.79999923706055,C:\test\test-2026-3-22OK\data\auto_price_snapshot_candidates.csv
3515.TW,210.5,C:\test\test-2026-3-22OK\data\auto_price_snapshot_candidates.csv
3518.TW,20.049999237060547,C:\test\test-2026-3-22OK\data\auto_price_snapshot_candidates.csv
3528.TW,67.0,C:\test\test-2026-3-22OK\data\auto_price_snapshot_candidates.csv
3530.TW,59.79999923706055,C:\test\test-2026-3-22OK\data\auto_price_snapshot_candidates.csv
3532.TW,150.5,C:\test\test-2026-3-22OK\data\auto_price_snapshot_candidates.csv
3533.TW,2310.0,C:\test\test-2026-3-22OK\data\auto_price_snapshot_candidates.csv
3535.TW,122.0,C:\test\test-2026-3-22OK\data\auto_price_snapshot_candidates.csv
3543.TW,44.09999847412109,C:\test\test-2026-3-22OK\data\auto_price_snapshot_candidates.csv
3545.TW,49.70000076293945,C:\test\test-2026-3-22OK\data\auto_price_snapshot_candidates.csv
3550.TW,19.850000381469727,C:\test\test-2026-3-22OK\data\auto_price_snapshot_candidates.csv
3557.TW,30.39999961853028,C:\test\test-2026-3-22OK\data\auto_price_snapshot_candidates.csv
3563.TW,875.0,C:\test\test-2026-3-22OK\data\auto_price_snapshot_candidates.csv
3576.TW,20.200000762939453,C:\test\test-2026-3-22OK\data\auto_price_snapshot_candidates.csv
3583.TW,612.0,C:\test\test-2026-3-22OK\data\auto_price_snapshot_candidates.csv
3588.TW,52.29999923706055,C:\test\test-2026-3-22OK\data\auto_price_snapshot_candidates.csv
3591.TW,22.450000762939453,C:\test\test-2026-3-22OK\data\auto_price_snapshot_candidates.csv
3592.TW,224.5,C:\test\test-2026-3-22OK\data\auto_price_snapshot_candidates.csv
3593.TW,14.199999809265137,C:\test\test-2026-3-22OK\data\auto_price_snapshot_candidates.csv
3596.TW,172.5,C:\test\test-2026-3-22OK\data\auto_price_snapshot_candidates.csv
3605.TW,64.5,C:\test\test-2026-3-22OK\data\auto_price_snapshot_candidates.csv
3607.TW,14.199999809265137,C:\test\test-2026-3-22OK\data\auto_price_snapshot_candidates.csv
3617.TW,176.5,C:\test\test-2026-3-22OK\data\auto_price_snapshot_candidates.csv
3622.TW,55.400001525878906,C:\test\test-2026-3-22OK\data\auto_price_snapshot_candidates.csv
3645.TW,74.80000305175781,C:\test\test-2026-3-22OK\data\auto_price_snapshot_candidates.csv
3652.TW,27.049999237060547,C:\test\test-2026-3-22OK\data\auto_price_snapshot_candidates.csv
3653.TW,4240.0,C:\test\test-2026-3-22OK\data\auto_price_snapshot_candidates.csv
3661.TW,2895.0,C:\test\test-2026-3-22OK\data\auto_price_snapshot_candidates.csv
3665.TW,2130.0,C:\test\test-2026-3-22OK\data\auto_price_snapshot_candidates.csv
3669.TW,38.900001525878906,C:\test\test-2026-3-22OK\data\auto_price_snapshot_candidates.csv
3673.TW,51.29999923706055,C:\test\test-2026-3-22OK\data\auto_price_snapshot_candidates.csv
3679.TW,120.0,C:\test\test-2026-3-22OK\data\auto_price_snapshot_candidates.csv
3686.TW,17.5,C:\test\test-2026-3-22OK\data\auto_price_snapshot_candidates.csv
3694.TW,55.79999923706055,C:\test\test-2026-3-22OK\data\auto_price_snapshot_candidates.csv
3701.TW,54.59999847412109,C:\test\test-2026-3-22OK\data\auto_price_snapshot_candidates.csv
3702.TW,91.3000030517578,C:\test\test-2026-3-22OK\data\auto_price_snapshot_candidates.csv
3703.TW,22.25,C:\test\test-2026-3-22OK\data\auto_price_snapshot_candidates.csv
3704.TW,34.349998474121094,C:\test\test-2026-3-22OK\data\auto_price_snapshot_candidates.csv
3705.TW,55.29999923706055,C:\test\test-2026-3-22OK\data\auto_price_snapshot_candidates.csv
3706.TW,78.19999694824219,C:\test\test-2026-3-22OK\data\auto_price_snapshot_candidates.csv
3708.TW,114.0,C:\test\test-2026-3-22OK\data\auto_price_snapshot_candidates.csv
3711.TW,392.0,C:\test\test-2026-3-22OK\data\auto_price_snapshot_candidates.csv
3712.TW,17.200000762939453,C:\test\test-2026-3-22OK\data\auto_price_snapshot_candidates.csv
3714.TW,57.29999923706055,C:\test\test-2026-3-22OK\data\auto_price_snapshot_candidates.csv
3715.TW,187.0,C:\test\test-2026-3-22OK\data\auto_price_snapshot_candidates.csv
3716.TW,32.849998474121094,C:\test\test-2026-3-22OK\data\auto_price_snapshot_candidates.csv
3717.TW,22.89999961853028,C:\test\test-2026-3-22OK\data\auto_price_snapshot_candidates.csv
4104.TW,77.80000305175781,C:\test\test-2026-3-22OK\data\auto_price_snapshot_candidates.csv
4106.TW,22.299999237060547,C:\test\test-2026-3-22OK\data\auto_price_snapshot_candidates.csv
4108.TW,12.550000190734863,C:\test\test-2026-3-22OK\data\auto_price_snapshot_candidates.csv
4119.TW,51.0,C:\test\test-2026-3-22OK\data\auto_price_snapshot_candidates.csv
4133.TW,22.299999237060547,C:\test\test-2026-3-22OK\data\auto_price_snapshot_candidates.csv
4137.TW,106.5,C:\test\test-2026-3-22OK\data\auto_price_snapshot_candidates.csv
4142.TW,18.200000762939453,C:\test\test-2026-3-22OK\data\auto_price_snapshot_candidates.csv
4148.TW,41.70000076293945,C:\test\test-2026-3-22OK\data\auto_price_snapshot_candidates.csv
4155.TW,13.050000190734863,C:\test\test-2026-3-22OK\data\auto_price_snapshot_candidates.csv
4164.TW,31.14999961853028,C:\test\test-2026-3-22OK\data\auto_price_snapshot_candidates.csv
4190.TW,26.850000381469727,C:\test\test-2026-3-22OK\data\auto_price_snapshot_candidates.csv
4306.TW,13.5,C:\test\test-2026-3-22OK\data\auto_price_snapshot_candidates.csv
4414.TW,11.5,C:\test\test-2026-3-22OK\data\auto_price_snapshot_candidates.csv
4426.TW,8.430000305175781,C:\test\test-2026-3-22OK\data\auto_price_snapshot_candidates.csv
4438.TW,55.900001525878906,C:\test\test-2026-3-22OK\data\auto_price_snapshot_candidates.csv
4439.TW,95.8000030517578,C:\test\test-2026-3-22OK\data\auto_price_snapshot_candidates.csv
4440.TW,17.25,C:\test\test-2026-3-22OK\data\auto_price_snapshot_candidates.csv
4441.TW,204.5,C:\test\test-2026-3-22OK\data\auto_price_snapshot_candidates.csv
4526.TW,36.0,C:\test\test-2026-3-22OK\data\auto_price_snapshot_candidates.csv
4532.TW,25.950000762939453,C:\test\test-2026-3-22OK\data\auto_price_snapshot_candidates.csv
4536.TW,149.0,C:\test\test-2026-3-22OK\data\auto_price_snapshot_candidates.csv
4540.TW,43.09999847412109,C:\test\test-2026-3-22OK\data\auto_price_snapshot_candidates.csv
4545.TW,31.0,C:\test\test-2026-3-22OK\data\auto_price_snapshot_candidates.csv
4551.TW,133.0,C:\test\test-2026-3-22OK\data\auto_price_snapshot_candidates.csv
4552.TW,21.14999961853028,C:\test\test-2026-3-22OK\data\auto_price_snapshot_candidates.csv
4555.TW,35.79999923706055,C:\test\test-2026-3-22OK\data\auto_price_snapshot_candidates.csv
4557.TW,55.79999923706055,C:\test\test-2026-3-22OK\data\auto_price_snapshot_candidates.csv
4560.TW,32.75,C:\test\test-2026-3-22OK\data\auto_price_snapshot_candidates.csv
4562.TW,30.75,C:\test\test-2026-3-22OK\data\auto_price_snapshot_candidates.csv
4564.TW,18.0,C:\test\test-2026-3-22OK\data\auto_price_snapshot_candidates.csv
4566.TW,60.900001525878906,C:\test\test-2026-3-22OK\data\auto_price_snapshot_candidates.csv
4569.TW,155.5,C:\test\test-2026-3-22OK\data\auto_price_snapshot_candidates.csv
4571.TW,153.0,C:\test\test-2026-3-22OK\data\auto_price_snapshot_candidates.csv
4572.TW,142.5,C:\test\test-2026-3-22OK\data\auto_price_snapshot_candidates.csv
4576.TW,163.5,C:\test\test-2026-3-22OK\data\auto_price_snapshot_candidates.csv
4581.TW,50.0,C:\test\test-2026-3-22OK\data\auto_price_snapshot_candidates.csv
4583.TW,664.0,C:\test\test-2026-3-22OK\data\auto_price_snapshot_candidates.csv
4585.TW,298.0,C:\test\test-2026-3-22OK\data\auto_price_snapshot_candidates.csv
4588.TW,57.79999923706055,C:\test\test-2026-3-22OK\data\auto_price_snapshot_candidates.csv
4590.TW,74.0,C:\test\test-2026-3-22OK\data\auto_price_snapshot_candidates.csv
4720.TW,19.700000762939453,C:\test\test-2026-3-22OK\data\auto_price_snapshot_candidates.csv
4722.TW,176.5,C:\test\test-2026-3-22OK\data\auto_price_snapshot_candidates.csv
4736.TW,125.0,C:\test\test-2026-3-22OK\data\auto_price_snapshot_candidates.csv
4737.TW,70.9000015258789,C:\test\test-2026-3-22OK\data\auto_price_snapshot_candidates.csv
4739.TW,82.69999694824219,C:\test\test-2026-3-22OK\data\auto_price_snapshot_candidates.csv
4746.TW,53.400001525878906,C:\test\test-2026-3-22OK\data\auto_price_snapshot_candidates.csv
4755.TW,140.0,C:\test\test-2026-3-22OK\data\auto_price_snapshot_candidates.csv
4763.TW,42.150001525878906,C:\test\test-2026-3-22OK\data\auto_price_snapshot_candidates.csv
4764.TW,149.5,C:\test\test-2026-3-22OK\data\auto_price_snapshot_candidates.csv
4766.TW,332.5,C:\test\test-2026-3-22OK\data\auto_price_snapshot_candidates.csv
4770.TW,234.0,C:\test\test-2026-3-22OK\data\auto_price_snapshot_candidates.csv
4771.TW,192.5,C:\test\test-2026-3-22OK\data\auto_price_snapshot_candidates.csv
4807.TW,14.300000190734863,C:\test\test-2026-3-22OK\data\auto_price_snapshot_candidates.csv
4904.TW,95.3000030517578,C:\test\test-2026-3-22OK\data\auto_price_snapshot_candidates.csv
4906.TW,40.20000076293945,C:\test\test-2026-3-22OK\data\auto_price_snapshot_candidates.csv
4912.TW,87.69999694824219,C:\test\test-2026-3-22OK\data\auto_price_snapshot_candidates.csv
4915.TW,73.0,C:\test\test-2026-3-22OK\data\auto_price_snapshot_candidates.csv
4916.TW,55.70000076293945,C:\test\test-2026-3-22OK\data\auto_price_snapshot_candidates.csv
4919.TW,90.0,C:\test\test-2026-3-22OK\data\auto_price_snapshot_candidates.csv
4927.TW,45.400001525878906,C:\test\test-2026-3-22OK\data\auto_price_snapshot_candidates.csv
4930.TW,19.299999237060547,C:\test\test-2026-3-22OK\data\auto_price_snapshot_candidates.csv
4934.TW,16.149999618530273,C:\test\test-2026-3-22OK\data\auto_price_snapshot_candidates.csv
4935.TW,36.34999847412109,C:\test\test-2026-3-22OK\data\auto_price_snapshot_candidates.csv
4938.TW,80.0,C:\test\test-2026-3-22OK\data\auto_price_snapshot_candidates.csv
4942.TW,38.04999923706055,C:\test\test-2026-3-22OK\data\auto_price_snapshot_candidates.csv
4943.TW,11.0,C:\test\test-2026-3-22OK\data\auto_price_snapshot_candidates.csv
4949.TW,77.0,C:\test\test-2026-3-22OK\data\auto_price_snapshot_candidates.csv
4952.TW,40.650001525878906,C:\test\test-2026-3-22OK\data\auto_price_snapshot_candidates.csv
4956.TW,36.5,C:\test\test-2026-3-22OK\data\auto_price_snapshot_candidates.csv
4958.TW,263.5,C:\test\test-2026-3-22OK\data\auto_price_snapshot_candidates.csv
4960.TW,20.950000762939453,C:\test\test-2026-3-22OK\data\auto_price_snapshot_candidates.csv
4961.TW,152.5,C:\test\test-2026-3-22OK\data\auto_price_snapshot_candidates.csv
4967.TW,220.0,C:\test\test-2026-3-22OK\data\auto_price_snapshot_candidates.csv
4968.TW,105.5,C:\test\test-2026-3-22OK\data\auto_price_snapshot_candidates.csv
4976.TW,27.850000381469727,C:\test\test-2026-3-22OK\data\auto_price_snapshot_candidates.csv
4977.TW,189.0,C:\test\test-2026-3-22OK\data\auto_price_snapshot_candidates.csv
4989.TW,73.4000015258789,C:\test\test-2026-3-22OK\data\auto_price_snapshot_candidates.csv
4994.TW,99.5999984741211,C:\test\test-2026-3-22OK\data\auto_price_snapshot_candidates.csv
4999.TW,21.200000762939453,C:\test\test-2026-3-22OK\data\auto_price_snapshot_candidates.csv
5007.TW,56.5,C:\test\test-2026-3-22OK\data\auto_price_snapshot_candidates.csv
5203.TW,61.900001525878906,C:\test\test-2026-3-22OK\data\auto_price_snapshot_candidates.csv
5215.TW,36.79999923706055,C:\test\test-2026-3-22OK\data\auto_price_snapshot_candidates.csv
5222.TW,116.5,C:\test\test-2026-3-22OK\data\auto_price_snapshot_candidates.csv
5225.TW,79.5,C:\test\test-2026-3-22OK\data\auto_price_snapshot_candidates.csv
5234.TW,401.0,C:\test\test-2026-3-22OK\data\auto_price_snapshot_candidates.csv
5243.TW,113.5,C:\test\test-2026-3-22OK\data\auto_price_snapshot_candidates.csv
5244.TW,39.04999923706055,C:\test\test-2026-3-22OK\data\auto_price_snapshot_candidates.csv
5258.TW,46.20000076293945,C:\test\test-2026-3-22OK\data\auto_price_snapshot_candidates.csv
5269.TW,1085.0,C:\test\test-2026-3-22OK\data\auto_price_snapshot_candidates.csv
5283.TW,54.70000076293945,C:\test\test-2026-3-22OK\data\auto_price_snapshot_candidates.csv
5284.TW,291.0,C:\test\test-2026-3-22OK\data\auto_price_snapshot_candidates.csv
5285.TW,51.5,C:\test\test-2026-3-22OK\data\auto_price_snapshot_candidates.csv
5288.TW,143.5,C:\test\test-2026-3-22OK\data\auto_price_snapshot_candidates.csv
5292.TW,223.5,C:\test\test-2026-3-22OK\data\auto_price_snapshot_candidates.csv
5306.TW,83.5999984741211,C:\test\test-2026-3-22OK\data\auto_price_snapshot_candidates.csv
5388.TW,86.4000015258789,C:\test\test-2026-3-22OK\data\auto_price_snapshot_candidates.csv
5434.TW,365.5,C:\test\test-2026-3-22OK\data\auto_price_snapshot_candidates.csv
5469.TW,85.0999984741211,C:\test\test-2026-3-22OK\data\auto_price_snapshot_candidates.csv
5471.TW,39.75,C:\test\test-2026-3-22OK\data\auto_price_snapshot_candidates.csv
5484.TW,43.54999923706055,C:\test\test-2026-3-22OK\data\auto_price_snapshot_candidates.csv
5515.TW,37.650001525878906,C:\test\test-2026-3-22OK\data\auto_price_snapshot_candidates.csv
5519.TW,33.349998474121094,C:\test\test-2026-3-22OK\data\auto_price_snapshot_candidates.csv
5521.TW,12.300000190734863,C:\test\test-2026-3-22OK\data\auto_price_snapshot_candidates.csv
5522.TW,73.80000305175781,C:\test\test-2026-3-22OK\data\auto_price_snapshot_candidates.csv
5525.TW,25.14999961853028,C:\test\test-2026-3-22OK\data\auto_price_snapshot_candidates.csv
5531.TW,8.84000015258789,C:\test\test-2026-3-22OK\data\auto_price_snapshot_candidates.csv
5533.TW,14.449999809265137,C:\test\test-2026-3-22OK\data\auto_price_snapshot_candidates.csv
5534.TW,84.0999984741211,C:\test\test-2026-3-22OK\data\auto_price_snapshot_candidates.csv
5538.TW,30.64999961853028,C:\test\test-2026-3-22OK\data\auto_price_snapshot_candidates.csv
5546.TW,16.700000762939453,C:\test\test-2026-3-22OK\data\auto_price_snapshot_candidates.csv
5607.TW,46.45000076293945,C:\test\test-2026-3-22OK\data\auto_price_snapshot_candidates.csv
5608.TW,16.350000381469727,C:\test\test-2026-3-22OK\data\auto_price_snapshot_candidates.csv
5706.TW,51.5,C:\test\test-2026-3-22OK\data\auto_price_snapshot_candidates.csv
5871.TW,108.5,C:\test\test-2026-3-22OK\data\auto_price_snapshot_candidates.csv
5876.TW,39.75,C:\test\test-2026-3-22OK\data\auto_price_snapshot_candidates.csv
5880.TW,24.049999237060547,C:\test\test-2026-3-22OK\data\auto_price_snapshot_candidates.csv
5906.TW,48.0,C:\test\test-2026-3-22OK\data\auto_price_snapshot_candidates.csv
5907.TW,5.840000152587891,C:\test\test-2026-3-22OK\data\auto_price_snapshot_candidates.csv
6005.TW,28.299999237060547,C:\test\test-2026-3-22OK\data\auto_price_snapshot_candidates.csv
6024.TW,56.5,C:\test\test-2026-3-22OK\data\auto_price_snapshot_candidates.csv
6108.TW,16.450000762939453,C:\test\test-2026-3-22OK\data\auto_price_snapshot_candidates.csv
6112.TW,46.25,C:\test\test-2026-3-22OK\data\auto_price_snapshot_candidates.csv
6115.TW,46.95000076293945,C:\test\test-2026-3-22OK\data\auto_price_snapshot_candidates.csv
6116.TW,8.75,C:\test\test-2026-3-22OK\data\auto_price_snapshot_candidates.csv
6117.TW,71.5,C:\test\test-2026-3-22OK\data\auto_price_snapshot_candidates.csv
6120.TW,14.449999809265137,C:\test\test-2026-3-22OK\data\auto_price_snapshot_candidates.csv
6128.TW,20.75,C:\test\test-2026-3-22OK\data\auto_price_snapshot_candidates.csv
6133.TW,23.14999961853028,C:\test\test-2026-3-22OK\data\auto_price_snapshot_candidates.csv
6136.TW,24.200000762939453,C:\test\test-2026-3-22OK\data\auto_price_snapshot_candidates.csv
6139.TW,605.0,C:\test\test-2026-3-22OK\data\auto_price_snapshot_candidates.csv
6141.TW,24.049999237060547,C:\test\test-2026-3-22OK\data\auto_price_snapshot_candidates.csv
6142.TW,9.239999771118164,C:\test\test-2026-3-22OK\data\auto_price_snapshot_candidates.csv
6152.TW,18.25,C:\test\test-2026-3-22OK\data\auto_price_snapshot_candidates.csv
6153.TW,17.5,C:\test\test-2026-3-22OK\data\auto_price_snapshot_candidates.csv
6155.TW,43.900001525878906,C:\test\test-2026-3-22OK\data\auto_price_snapshot_candidates.csv
6164.TW,12.25,C:\test\test-2026-3-22OK\data\auto_price_snapshot_candidates.csv
6165.TW,45.20000076293945,C:\test\test-2026-3-22OK\data\auto_price_snapshot_candidates.csv
6166.TW,60.79999923706055,C:\test\test-2026-3-22OK\data\auto_price_snapshot_candidates.csv
6168.TW,27.700000762939453,C:\test\test-2026-3-22OK\data\auto_price_snapshot_candidates.csv
6176.TW,91.4000015258789,C:\test\test-2026-3-22OK\data\auto_price_snapshot_candidates.csv
6177.TW,47.0,C:\test\test-2026-3-22OK\data\auto_price_snapshot_candidates.csv
6183.TW,93.0999984741211,C:\test\test-2026-3-22OK\data\auto_price_snapshot_candidates.csv
6184.TW,47.54999923706055,C:\test\test-2026-3-22OK\data\auto_price_snapshot_candidates.csv
6189.TW,45.29999923706055,C:\test\test-2026-3-22OK\data\auto_price_snapshot_candidates.csv
6191.TW,95.3000030517578,C:\test\test-2026-3-22OK\data\auto_price_snapshot_candidates.csv
6192.TW,119.5,C:\test\test-2026-3-22OK\data\auto_price_snapshot_candidates.csv
6196.TW,318.5,C:\test\test-2026-3-22OK\data\auto_price_snapshot_candidates.csv
6197.TW,179.0,C:\test\test-2026-3-22OK\data\auto_price_snapshot_candidates.csv
6201.TW,50.20000076293945,C:\test\test-2026-3-22OK\data\auto_price_snapshot_candidates.csv
6202.TW,48.54999923706055,C:\test\test-2026-3-22OK\data\auto_price_snapshot_candidates.csv
6205.TW,57.0,C:\test\test-2026-3-22OK\data\auto_price_snapshot_candidates.csv
6206.TW,103.5,C:\test\test-2026-3-22OK\data\auto_price_snapshot_candidates.csv
6209.TW,55.29999923706055,C:\test\test-2026-3-22OK\data\auto_price_snapshot_candidates.csv
6213.TW,216.5,C:\test\test-2026-3-22OK\data\auto_price_snapshot_candidates.csv
6214.TW,115.0,C:\test\test-2026-3-22OK\data\auto_price_snapshot_candidates.csv
6215.TW,97.5,C:\test\test-2026-3-22OK\data\auto_price_snapshot_candidates.csv
6216.TW,25.100000381469727,C:\test\test-2026-3-22OK\data\auto_price_snapshot_candidates.csv
6224.TW,40.650001525878906,C:\test\test-2026-3-22OK\data\auto_price_snapshot_candidates.csv
6225.TW,20.299999237060547,C:\test\test-2026-3-22OK\data\auto_price_snapshot_candidates.csv
6226.TW,13.5,C:\test\test-2026-3-22OK\data\auto_price_snapshot_candidates.csv
6230.TW,144.5,C:\test\test-2026-3-22OK\data\auto_price_snapshot_candidates.csv
6235.TW,45.79999923706055,C:\test\test-2026-3-22OK\data\auto_price_snapshot_candidates.csv
6239.TW,209.5,C:\test\test-2026-3-22OK\data\auto_price_snapshot_candidates.csv
6243.TW,29.5,C:\test\test-2026-3-22OK\data\auto_price_snapshot_candidates.csv
6257.TW,171.0,C:\test\test-2026-3-22OK\data\auto_price_snapshot_candidates.csv
6269.TW,65.80000305175781,C:\test\test-2026-3-22OK\data\auto_price_snapshot_candidates.csv
6271.TW,173.0,C:\test\test-2026-3-22OK\data\auto_price_snapshot_candidates.csv
6272.TW,32.400001525878906,C:\test\test-2026-3-22OK\data\auto_price_snapshot_candidates.csv
6277.TW,69.69999694824219,C:\test\test-2026-3-22OK\data\auto_price_snapshot_candidates.csv
6278.TW,94.8000030517578,C:\test\test-2026-3-22OK\data\auto_price_snapshot_candidates.csv
6281.TW,52.900001525878906,C:\test\test-2026-3-22OK\data\auto_price_snapshot_candidates.csv
6282.TW,46.09999847412109,C:\test\test-2026-3-22OK\data\auto_price_snapshot_candidates.csv
6283.TW,20.549999237060547,C:\test\test-2026-3-22OK\data\auto_price_snapshot_candidates.csv
6285.TW,226.0,C:\test\test-2026-3-22OK\data\auto_price_snapshot_candidates.csv
6405.TW,36.5,C:\test\test-2026-3-22OK\data\auto_price_snapshot_candidates.csv
6409.TW,720.0,C:\test\test-2026-3-22OK\data\auto_price_snapshot_candidates.csv
6412.TW,78.0999984741211,C:\test\test-2026-3-22OK\data\auto_price_snapshot_candidates.csv
6414.TW,278.0,C:\test\test-2026-3-22OK\data\auto_price_snapshot_candidates.csv
6415.TW,282.0,C:\test\test-2026-3-22OK\data\auto_price_snapshot_candidates.csv
6416.TW,80.4000015258789,C:\test\test-2026-3-22OK\data\auto_price_snapshot_candidates.csv
6426.TW,179.5,C:\test\test-2026-3-22OK\data\auto_price_snapshot_candidates.csv
6431.TW,22.549999237060547,C:\test\test-2026-3-22OK\data\auto_price_snapshot_candidates.csv
6438.TW,179.5,C:\test\test-2026-3-22OK\data\auto_price_snapshot_candidates.csv
6442.TW,2115.0,C:\test\test-2026-3-22OK\data\auto_price_snapshot_candidates.csv
6443.TW,37.04999923706055,C:\test\test-2026-3-22OK\data\auto_price_snapshot_candidates.csv
6446.TW,631.0,C:\test\test-2026-3-22OK\data\auto_price_snapshot_candidates.csv
6449.TW,160.5,C:\test\test-2026-3-22OK\data\auto_price_snapshot_candidates.csv
6451.TW,393.0,C:\test\test-2026-3-22OK\data\auto_price_snapshot_candidates.csv
6456.TW,54.09999847412109,C:\test\test-2026-3-22OK\data\auto_price_snapshot_candidates.csv
6464.TW,77.0999984741211,C:\test\test-2026-3-22OK\data\auto_price_snapshot_candidates.csv
6472.TW,402.5,C:\test\test-2026-3-22OK\data\auto_price_snapshot_candidates.csv
6477.TW,33.45000076293945,C:\test\test-2026-3-22OK\data\auto_price_snapshot_candidates.csv
6491.TW,293.0,C:\test\test-2026-3-22OK\data\auto_price_snapshot_candidates.csv
6504.TW,43.0,C:\test\test-2026-3-22OK\data\auto_price_snapshot_candidates.csv
6505.TW,52.70000076293945,C:\test\test-2026-3-22OK\data\auto_price_snapshot_candidates.csv
6515.TW,7995.0,C:\test\test-2026-3-22OK\data\auto_price_snapshot_candidates.csv
6525.TW,84.0999984741211,C:\test\test-2026-3-22OK\data\auto_price_snapshot_candidates.csv
6526.TW,478.0,C:\test\test-2026-3-22OK\data\auto_price_snapshot_candidates.csv
6531.TW,480.5,C:\test\test-2026-3-22OK\data\auto_price_snapshot_candidates.csv
6533.TW,178.5,C:\test\test-2026-3-22OK\data\auto_price_snapshot_candidates.csv
6534.TW,96.9000015258789,C:\test\test-2026-3-22OK\data\auto_price_snapshot_candidates.csv
6541.TW,41.0,C:\test\test-2026-3-22OK\data\auto_price_snapshot_candidates.csv
6550.TW,19.100000381469727,C:\test\test-2026-3-22OK\data\auto_price_snapshot_candidates.csv
6552.TW,26.200000762939453,C:\test\test-2026-3-22OK\data\auto_price_snapshot_candidates.csv
6558.TW,27.25,C:\test\test-2026-3-22OK\data\auto_price_snapshot_candidates.csv
6573.TW,12.149999618530272,C:\test\test-2026-3-22OK\data\auto_price_snapshot_candidates.csv
6579.TW,116.5,C:\test\test-2026-3-22OK\data\auto_price_snapshot_candidates.csv
6581.TW,105.5,C:\test\test-2026-3-22OK\data\auto_price_snapshot_candidates.csv
6582.TW,32.54999923706055,C:\test\test-2026-3-22OK\data\auto_price_snapshot_candidates.csv
6585.TW,94.0999984741211,C:\test\test-2026-3-22OK\data\auto_price_snapshot_candidates.csv
6589.TW,54.400001525878906,C:\test\test-2026-3-22OK\data\auto_price_snapshot_candidates.csv
6591.TW,59.79999923706055,C:\test\test-2026-3-22OK\data\auto_price_snapshot_candidates.csv
6592.TW,62.79999923706055,C:\test\test-2026-3-22OK\data\auto_price_snapshot_candidates.csv
6598.TW,21.799999237060547,C:\test\test-2026-3-22OK\data\auto_price_snapshot_candidates.csv
6605.TW,135.5,C:\test\test-2026-3-22OK\data\auto_price_snapshot_candidates.csv
6606.TW,24.200000762939453,C:\test\test-2026-3-22OK\data\auto_price_snapshot_candidates.csv
6614.TW,40.54999923706055,C:\test\test-2026-3-22OK\data\auto_price_snapshot_candidates.csv
6625.TW,76.80000305175781,C:\test\test-2026-3-22OK\data\auto_price_snapshot_candidates.csv
6641.TW,18.299999237060547,C:\test\test-2026-3-22OK\data\auto_price_snapshot_candidates.csv
6645.TW,13.350000381469728,C:\test\test-2026-3-22OK\data\auto_price_snapshot_candidates.csv
6655.TW,129.0,C:\test\test-2026-3-22OK\data\auto_price_snapshot_candidates.csv
6657.TW,41.79999923706055,C:\test\test-2026-3-22OK\data\auto_price_snapshot_candidates.csv
6658.TW,75.0999984741211,C:\test\test-2026-3-22OK\data\auto_price_snapshot_candidates.csv
6666.TW,41.5,C:\test\test-2026-3-22OK\data\auto_price_snapshot_candidates.csv
6668.TW,33.599998474121094,C:\test\test-2026-3-22OK\data\auto_price_snapshot_candidates.csv
6669.TW,3580.0,C:\test\test-2026-3-22OK\data\auto_price_snapshot_candidates.csv
6670.TW,263.5,C:\test\test-2026-3-22OK\data\auto_price_snapshot_candidates.csv
6671.TW,30.14999961853028,C:\test\test-2026-3-22OK\data\auto_price_snapshot_candidates.csv
6672.TW,154.0,C:\test\test-2026-3-22OK\data\auto_price_snapshot_candidates.csv
6674.TW,18.450000762939453,C:\test\test-2026-3-22OK\data\auto_price_snapshot_candidates.csv
6689.TW,72.5,C:\test\test-2026-3-22OK\data\auto_price_snapshot_candidates.csv
6691.TW,600.0,C:\test\test-2026-3-22OK\data\auto_price_snapshot_candidates.csv
6695.TW,38.45000076293945,C:\test\test-2026-3-22OK\data\auto_price_snapshot_candidates.csv
6698.TW,30.950000762939453,C:\test\test-2026-3-22OK\data\auto_price_snapshot_candidates.csv
6706.TW,127.5,C:\test\test-2026-3-22OK\data\auto_price_snapshot_candidates.csv
6715.TW,414.5,C:\test\test-2026-3-22OK\data\auto_price_snapshot_candidates.csv
6719.TW,157.5,C:\test\test-2026-3-22OK\data\auto_price_snapshot_candidates.csv
6722.TW,39.59999847412109,C:\test\test-2026-3-22OK\data\auto_price_snapshot_candidates.csv
6742.TW,40.150001525878906,C:\test\test-2026-3-22OK\data\auto_price_snapshot_candidates.csv
6743.TW,23.89999961853028,C:\test\test-2026-3-22OK\data\auto_price_snapshot_candidates.csv
6753.TW,128.0,C:\test\test-2026-3-22OK\data\auto_price_snapshot_candidates.csv
6754.TW,45.84999847412109,C:\test\test-2026-3-22OK\data\auto_price_snapshot_candidates.csv
6756.TW,71.4000015258789,C:\test\test-2026-3-22OK\data\auto_price_snapshot_candidates.csv
6757.TW,49.400001525878906,C:\test\test-2026-3-22OK\data\auto_price_snapshot_candidates.csv
6768.TW,82.19999694824219,C:\test\test-2026-3-22OK\data\auto_price_snapshot_candidates.csv
6770.TW,54.0,C:\test\test-2026-3-22OK\data\auto_price_snapshot_candidates.csv
6771.TW,44.5,C:\test\test-2026-3-22OK\data\auto_price_snapshot_candidates.csv
6776.TW,59.09999847412109,C:\test\test-2026-3-22OK\data\auto_price_snapshot_candidates.csv
6781.TW,979.0,C:\test\test-2026-3-22OK\data\auto_price_snapshot_candidates.csv
6782.TW,210.5,C:\test\test-2026-3-22OK\data\auto_price_snapshot_candidates.csv
6789.TW,339.0,C:\test\test-2026-3-22OK\data\auto_price_snapshot_candidates.csv
6790.TW,40.70000076293945,C:\test\test-2026-3-22OK\data\auto_price_snapshot_candidates.csv
6792.TW,55.59999847412109,C:\test\test-2026-3-22OK\data\auto_price_snapshot_candidates.csv
6794.TW,81.0,C:\test\test-2026-3-22OK\data\auto_price_snapshot_candidates.csv
6796.TW,71.4000015258789,C:\test\test-2026-3-22OK\data\auto_price_snapshot_candidates.csv
6799.TW,75.0999984741211,C:\test\test-2026-3-22OK\data\auto_price_snapshot_candidates.csv
6805.TW,1840.0,C:\test\test-2026-3-22OK\data\auto_price_snapshot_candidates.csv
6806.TW,25.39999961853028,C:\test\test-2026-3-22OK\data\auto_price_snapshot_candidates.csv
6807.TW,42.150001525878906,C:\test\test-2026-3-22OK\data\auto_price_snapshot_candidates.csv
6830.TW,648.0,C:\test\test-2026-3-22OK\data\auto_price_snapshot_candidates.csv
6831.TW,417.5,C:\test\test-2026-3-22OK\data\auto_price_snapshot_candidates.csv
6834.TW,33.650001525878906,C:\test\test-2026-3-22OK\data\auto_price_snapshot_candidates.csv
6835.TW,38.34999847412109,C:\test\test-2026-3-22OK\data\auto_price_snapshot_candidates.csv
6838.TW,31.100000381469727,C:\test\test-2026-3-22OK\data\auto_price_snapshot_candidates.csv
6854.TW,139.5,C:\test\test-2026-3-22OK\data\auto_price_snapshot_candidates.csv
6861.TW,135.0,C:\test\test-2026-3-22OK\data\auto_price_snapshot_candidates.csv
6862.TW,171.5,C:\test\test-2026-3-22OK\data\auto_price_snapshot_candidates.csv
6863.TW,90.0999984741211,C:\test\test-2026-3-22OK\data\auto_price_snapshot_candidates.csv
6869.TW,82.0999984741211,C:\test\test-2026-3-22OK\data\auto_price_snapshot_candidates.csv
6873.TW,87.80000305175781,C:\test\test-2026-3-22OK\data\auto_price_snapshot_candidates.csv
6885.TW,24.0,C:\test\test-2026-3-22OK\data\auto_price_snapshot_candidates.csv
6887.TW,43.45000076293945,C:\test\test-2026-3-22OK\data\auto_price_snapshot_candidates.csv
6890.TW,150.5,C:\test\test-2026-3-22OK\data\auto_price_snapshot_candidates.csv
6901.TW,13.75,C:\test\test-2026-3-22OK\data\auto_price_snapshot_candidates.csv
6902.TW,78.19999694824219,C:\test\test-2026-3-22OK\data\auto_price_snapshot_candidates.csv
6906.TW,68.0,C:\test\test-2026-3-22OK\data\auto_price_snapshot_candidates.csv
6909.TW,50.0,C:\test\test-2026-3-22OK\data\auto_price_snapshot_candidates.csv
6914.TW,154.0,C:\test\test-2026-3-22OK\data\auto_price_snapshot_candidates.csv
6916.TW,17.049999237060547,C:\test\test-2026-3-22OK\data\auto_price_snapshot_candidates.csv
6918.TW,75.5,C:\test\test-2026-3-22OK\data\auto_price_snapshot_candidates.csv
6919.TW,113.5,C:\test\test-2026-3-22OK\data\auto_price_snapshot_candidates.csv
6921.TW,73.30000305175781,C:\test\test-2026-3-22OK\data\auto_price_snapshot_candidates.csv
6923.TW,75.19999694824219,C:\test\test-2026-3-22OK\data\auto_price_snapshot_candidates.csv
6924.TW,80.0,C:\test\test-2026-3-22OK\data\auto_price_snapshot_candidates.csv
6928.TW,45.70000076293945,C:\test\test-2026-3-22OK\data\auto_price_snapshot_candidates.csv
6931.TW,50.09999847412109,C:\test\test-2026-3-22OK\data\auto_price_snapshot_candidates.csv
6933.TW,162.0,C:\test\test-2026-3-22OK\data\auto_price_snapshot_candidates.csv
6934.TW,83.0,C:\test\test-2026-3-22OK\data\auto_price_snapshot_candidates.csv
6936.TW,34.75,C:\test\test-2026-3-22OK\data\auto_price_snapshot_candidates.csv
6937.TW,276.0,C:\test\test-2026-3-22OK\data\auto_price_snapshot_candidates.csv
6944.TW,946.0,C:\test\test-2026-3-22OK\data\auto_price_snapshot_candidates.csv
6949.TW,623.0,C:\test\test-2026-3-22OK\data\auto_price_snapshot_candidates.csv
6951.TW,78.5,C:\test\test-2026-3-22OK\data\auto_price_snapshot_candidates.csv
6952.TW,38.34999847412109,C:\test\test-2026-3-22OK\data\auto_price_snapshot_candidates.csv
6955.TW,164.0,C:\test\test-2026-3-22OK\data\auto_price_snapshot_candidates.csv
6957.TW,153.5,C:\test\test-2026-3-22OK\data\auto_price_snapshot_candidates.csv
6958.TW,18.100000381469727,C:\test\test-2026-3-22OK\data\auto_price_snapshot_candidates.csv
6962.TW,33.400001525878906,C:\test\test-2026-3-22OK\data\auto_price_snapshot_candidates.csv
6965.TW,86.69999694824219,C:\test\test-2026-3-22OK\data\auto_price_snapshot_candidates.csv
6969.TW,29.0,C:\test\test-2026-3-22OK\data\auto_price_snapshot_candidates.csv
6988.TW,15.0,C:\test\test-2026-3-22OK\data\auto_price_snapshot_candidates.csv
6994.TW,67.0,C:\test\test-2026-3-22OK\data\auto_price_snapshot_candidates.csv
7610.TW,452.5,C:\test\test-2026-3-22OK\data\auto_price_snapshot_candidates.csv
7631.TW,110.0,C:\test\test-2026-3-22OK\data\auto_price_snapshot_candidates.csv
7705.TW,34.79999923706055,C:\test\test-2026-3-22OK\data\auto_price_snapshot_candidates.csv
7711.TW,282.5,C:\test\test-2026-3-22OK\data\auto_price_snapshot_candidates.csv
7721.TW,83.9000015258789,C:\test\test-2026-3-22OK\data\auto_price_snapshot_candidates.csv
7722.TW,307.0,C:\test\test-2026-3-22OK\data\auto_price_snapshot_candidates.csv
7730.TW,197.0,C:\test\test-2026-3-22OK\data\auto_price_snapshot_candidates.csv
7732.TW,34.45000076293945,C:\test\test-2026-3-22OK\data\auto_price_snapshot_candidates.csv
7736.TW,82.30000305175781,C:\test\test-2026-3-22OK\data\auto_price_snapshot_candidates.csv
7740.TW,166.0,C:\test\test-2026-3-22OK\data\auto_price_snapshot_candidates.csv
7749.TW,355.0,C:\test\test-2026-3-22OK\data\auto_price_snapshot_candidates.csv
7750.TW,1420.0,C:\test\test-2026-3-22OK\data\auto_price_snapshot_candidates.csv
7765.TW,226.0,C:\test\test-2026-3-22OK\data\auto_price_snapshot_candidates.csv
7769.TW,4245.0,C:\test\test-2026-3-22OK\data\auto_price_snapshot_candidates.csv
7780.TW,20.799999237060547,C:\test\test-2026-3-22OK\data\auto_price_snapshot_candidates.csv
7786.TW,130.0,C:\test\test-2026-3-22OK\data\auto_price_snapshot_candidates.csv
7788.TW,141.0,C:\test\test-2026-3-22OK\data\auto_price_snapshot_candidates.csv
7791.TW,66.4000015258789,C:\test\test-2026-3-22OK\data\auto_price_snapshot_candidates.csv
7795.TW,350.0,C:\test\test-2026-3-22OK\data\auto_price_snapshot_candidates.csv
7799.TW,372.0,C:\test\test-2026-3-22OK\data\auto_price_snapshot_candidates.csv
7822.TW,1700.0,C:\test\test-2026-3-22OK\data\auto_price_snapshot_candidates.csv
8011.TW,21.14999961853028,C:\test\test-2026-3-22OK\data\auto_price_snapshot_candidates.csv
8016.TW,203.0,C:\test\test-2026-3-22OK\data\auto_price_snapshot_candidates.csv
8021.TW,289.0,C:\test\test-2026-3-22OK\data\auto_price_snapshot_candidates.csv
8028.TW,205.5,C:\test\test-2026-3-22OK\data\auto_price_snapshot_candidates.csv
8033.TW,131.0,C:\test\test-2026-3-22OK\data\auto_price_snapshot_candidates.csv
8039.TW,136.0,C:\test\test-2026-3-22OK\data\auto_price_snapshot_candidates.csv
8045.TW,71.80000305175781,C:\test\test-2026-3-22OK\data\auto_price_snapshot_candidates.csv
8046.TW,669.0,C:\test\test-2026-3-22OK\data\auto_price_snapshot_candidates.csv
8070.TW,46.84999847412109,C:\test\test-2026-3-22OK\data\auto_price_snapshot_candidates.csv
8072.TW,29.5,C:\test\test-2026-3-22OK\data\auto_price_snapshot_candidates.csv
8081.TW,230.0,C:\test\test-2026-3-22OK\data\auto_price_snapshot_candidates.csv
8101.TW,14.100000381469728,C:\test\test-2026-3-22OK\data\auto_price_snapshot_candidates.csv
8103.TW,88.5999984741211,C:\test\test-2026-3-22OK\data\auto_price_snapshot_candidates.csv
8104.TW,31.700000762939453,C:\test\test-2026-3-22OK\data\auto_price_snapshot_candidates.csv
8105.TW,13.75,C:\test\test-2026-3-22OK\data\auto_price_snapshot_candidates.csv
8110.TW,49.400001525878906,C:\test\test-2026-3-22OK\data\auto_price_snapshot_candidates.csv
8112.TW,82.5999984741211,C:\test\test-2026-3-22OK\data\auto_price_snapshot_candidates.csv
8114.TW,169.0,C:\test\test-2026-3-22OK\data\auto_price_snapshot_candidates.csv
8131.TW,61.900001525878906,C:\test\test-2026-3-22OK\data\auto_price_snapshot_candidates.csv
8150.TW,60.400001525878906,C:\test\test-2026-3-22OK\data\auto_price_snapshot_candidates.csv
8162.TW,42.70000076293945,C:\test\test-2026-3-22OK\data\auto_price_snapshot_candidates.csv
8163.TW,27.450000762939453,C:\test\test-2026-3-22OK\data\auto_price_snapshot_candidates.csv
8201.TW,12.649999618530272,C:\test\test-2026-3-22OK\data\auto_price_snapshot_candidates.csv
8210.TW,880.0,C:\test\test-2026-3-22OK\data\auto_price_snapshot_candidates.csv
8213.TW,33.650001525878906,C:\test\test-2026-3-22OK\data\auto_price_snapshot_candidates.csv
8215.TW,24.64999961853028,C:\test\test-2026-3-22OK\data\auto_price_snapshot_candidates.csv
8222.TW,34.20000076293945,C:\test\test-2026-3-22OK\data\auto_price_snapshot_candidates.csv
8249.TW,48.150001525878906,C:\test\test-2026-3-22OK\data\auto_price_snapshot_candidates.csv
8261.TW,108.0,C:\test\test-2026-3-22OK\data\auto_price_snapshot_candidates.csv
8271.TW,154.5,C:\test\test-2026-3-22OK\data\auto_price_snapshot_candidates.csv
8341.TW,76.0,C:\test\test-2026-3-22OK\data\auto_price_snapshot_candidates.csv
8367.TW,43.29999923706055,C:\test\test-2026-3-22OK\data\auto_price_snapshot_candidates.csv
8374.TW,70.5,C:\test\test-2026-3-22OK\data\auto_price_snapshot_candidates.csv
8404.TW,17.850000381469727,C:\test\test-2026-3-22OK\data\auto_price_snapshot_candidates.csv
8411.TW,12.350000381469728,C:\test\test-2026-3-22OK\data\auto_price_snapshot_candidates.csv
8422.TW,29.25,C:\test\test-2026-3-22OK\data\auto_price_snapshot_candidates.csv
8429.TW,6.849999904632568,C:\test\test-2026-3-22OK\data\auto_price_snapshot_candidates.csv
8438.TW,81.19999694824219,C:\test\test-2026-3-22OK\data\auto_price_snapshot_candidates.csv
8442.TW,50.70000076293945,C:\test\test-2026-3-22OK\data\auto_price_snapshot_candidates.csv
8443.TW,12.050000190734863,C:\test\test-2026-3-22OK\data\auto_price_snapshot_candidates.csv
8454.TW,181.5,C:\test\test-2026-3-22OK\data\auto_price_snapshot_candidates.csv
8462.TW,139.0,C:\test\test-2026-3-22OK\data\auto_price_snapshot_candidates.csv
8463.TW,22.299999237060547,C:\test\test-2026-3-22OK\data\auto_price_snapshot_candidates.csv
8464.TW,352.0,C:\test\test-2026-3-22OK\data\auto_price_snapshot_candidates.csv
8466.TW,18.049999237060547,C:\test\test-2026-3-22OK\data\auto_price_snapshot_candidates.csv
8467.TW,149.0,C:\test\test-2026-3-22OK\data\auto_price_snapshot_candidates.csv
8473.TW,36.25,C:\test\test-2026-3-22OK\data\auto_price_snapshot_candidates.csv
8476.TW,18.950000762939453,C:\test\test-2026-3-22OK\data\auto_price_snapshot_candidates.csv
8478.TW,159.5,C:\test\test-2026-3-22OK\data\auto_price_snapshot_candidates.csv
8481.TW,41.84999847412109,C:\test\test-2026-3-22OK\data\auto_price_snapshot_candidates.csv
8482.TW,49.09999847412109,C:\test\test-2026-3-22OK\data\auto_price_snapshot_candidates.csv
8487.TW,79.5,C:\test\test-2026-3-22OK\data\auto_price_snapshot_candidates.csv
8488.TW,9.739999771118164,C:\test\test-2026-3-22OK\data\auto_price_snapshot_candidates.csv
8499.TW,269.0,C:\test\test-2026-3-22OK\data\auto_price_snapshot_candidates.csv
8926.TW,43.25,C:\test\test-2026-3-22OK\data\auto_price_snapshot_candidates.csv
8940.TW,17.5,C:\test\test-2026-3-22OK\data\auto_price_snapshot_candidates.csv
8996.TW,1010.0,C:\test\test-2026-3-22OK\data\auto_price_snapshot_candidates.csv
9103.TW,5.090000152587891,C:\test\test-2026-3-22OK\data\auto_price_snapshot_candidates.csv
9105.TW,5.440000057220459,C:\test\test-2026-3-22OK\data\auto_price_snapshot_candidates.csv
9110.TW,3.069999933242798,C:\test\test-2026-3-22OK\data\auto_price_snapshot_candidates.csv
9136.TW,8.699999809265137,C:\test\test-2026-3-22OK\data\auto_price_snapshot_candidates.csv
9802.TW,75.69999694824219,C:\test\test-2026-3-22OK\data\auto_price_snapshot_candidates.csv
9902.TW,14.350000381469728,C:\test\test-2026-3-22OK\data\auto_price_snapshot_candidates.csv
9904.TW,28.549999237060547,C:\test\test-2026-3-22OK\data\auto_price_snapshot_candidates.csv
9905.TW,21.14999961853028,C:\test\test-2026-3-22OK\data\auto_price_snapshot_candidates.csv
9906.TW,41.150001525878906,C:\test\test-2026-3-22OK\data\auto_price_snapshot_candidates.csv
9907.TW,18.350000381469727,C:\test\test-2026-3-22OK\data\auto_price_snapshot_candidates.csv
9908.TW,29.75,C:\test\test-2026-3-22OK\data\auto_price_snapshot_candidates.csv
9910.TW,78.5999984741211,C:\test\test-2026-3-22OK\data\auto_price_snapshot_candidates.csv
9911.TW,84.5999984741211,C:\test\test-2026-3-22OK\data\auto_price_snapshot_candidates.csv
9912.TW,12.550000190734863,C:\test\test-2026-3-22OK\data\auto_price_snapshot_candidates.csv
9914.TW,58.09999847412109,C:\test\test-2026-3-22OK\data\auto_price_snapshot_candidates.csv
9917.TW,115.0,C:\test\test-2026-3-22OK\data\auto_price_snapshot_candidates.csv
9918.TW,43.5,C:\test\test-2026-3-22OK\data\auto_price_snapshot_candidates.csv
9919.TW,15.399999618530272,C:\test\test-2026-3-22OK\data\auto_price_snapshot_candidates.csv
9921.TW,67.9000015258789,C:\test\test-2026-3-22OK\data\auto_price_snapshot_candidates.csv
9924.TW,45.25,C:\test\test-2026-3-22OK\data\auto_price_snapshot_candidates.csv
9925.TW,40.70000076293945,C:\test\test-2026-3-22OK\data\auto_price_snapshot_candidates.csv
9926.TW,49.70000076293945,C:\test\test-2026-3-22OK\data\auto_price_snapshot_candidates.csv
9927.TW,68.4000015258789,C:\test\test-2026-3-22OK\data\auto_price_snapshot_candidates.csv
9928.TW,18.049999237060547,C:\test\test-2026-3-22OK\data\auto_price_snapshot_candidates.csv
9929.TW,12.300000190734863,C:\test\test-2026-3-22OK\data\auto_price_snapshot_candidates.csv
9930.TW,70.69999694824219,C:\test\test-2026-3-22OK\data\auto_price_snapshot_candidates.csv
9931.TW,35.70000076293945,C:\test\test-2026-3-22OK\data\auto_price_snapshot_candidates.csv
9933.TW,35.599998474121094,C:\test\test-2026-3-22OK\data\auto_price_snapshot_candidates.csv
9934.TW,9.369999885559082,C:\test\test-2026-3-22OK\data\auto_price_snapshot_candidates.csv
9935.TW,19.100000381469727,C:\test\test-2026-3-22OK\data\auto_price_snapshot_candidates.csv
9937.TW,56.59999847412109,C:\test\test-2026-3-22OK\data\auto_price_snapshot_candidates.csv
9938.TW,45.400001525878906,C:\test\test-2026-3-22OK\data\auto_price_snapshot_candidates.csv
9939.TW,115.5,C:\test\test-2026-3-22OK\data\auto_price_snapshot_candidates.csv
9940.TW,20.0,C:\test\test-2026-3-22OK\data\auto_price_snapshot_candidates.csv
9941.TW,75.5999984741211,C:\test\test-2026-3-22OK\data\auto_price_snapshot_candidates.csv
9942.TW,117.5,C:\test\test-2026-3-22OK\data\auto_price_snapshot_candidates.csv
9943.TW,57.79999923706055,C:\test\test-2026-3-22OK\data\auto_price_snapshot_candidates.csv
9944.TW,16.399999618530273,C:\test\test-2026-3-22OK\data\auto_price_snapshot_candidates.csv
9945.TW,25.700000762939453,C:\test\test-2026-3-22OK\data\auto_price_snapshot_candidates.csv
9946.TW,17.0,C:\test\test-2026-3-22OK\data\auto_price_snapshot_candidates.csv
9955.TW,30.89999961853028,C:\test\test-2026-3-22OK\data\auto_price_snapshot_candidates.csv
9958.TW,107.0,C:\test\test-2026-3-22OK\data\auto_price_snapshot_candidates.csv
