Ticker,Preferred_Period,Preferred_Interval,Preferred_Provider,Target_File
1101.TW,3y,1d,yfinance,C:\test\test-2026-3-22OK\data\kline_cache\1101.TW_ohlcv.csv
1102.TW,3y,1d,yfinance,C:\test\test-2026-3-22OK\data\kline_cache\1102.TW_ohlcv.csv
1103.TW,3y,1d,yfinance,C:\test\test-2026-3-22OK\data\kline_cache\1103.TW_ohlcv.csv
1104.TW,3y,1d,yfinance,C:\test\test-2026-3-22OK\data\kline_cache\1104.TW_ohlcv.csv
1108.TW,3y,1d,yfinance,C:\test\test-2026-3-22OK\data\kline_cache\1108.TW_ohlcv.csv
1109.TW,3y,1d,yfinance,C:\test\test-2026-3-22OK\data\kline_cache\1109.TW_ohlcv.csv
1110.TW,3y,1d,yfinance,C:\test\test-2026-3-22OK\data\kline_cache\1110.TW_ohlcv.csv
1201.TW,3y,1d,yfinance,C:\test\test-2026-3-22OK\data\kline_cache\1201.TW_ohlcv.csv
1203.TW,3y,1d,yfinance,C:\test\test-2026-3-22OK\data\kline_cache\1203.TW_ohlcv.csv
1210.TW,3y,1d,yfinance,C:\test\test-2026-3-22OK\data\kline_cache\1210.TW_ohlcv.csv
1215.TW,3y,1d,yfinance,C:\test\test-2026-3-22OK\data\kline_cache\1215.TW_ohlcv.csv
1216.TW,3y,1d,yfinance,C:\test\test-2026-3-22OK\data\kline_cache\1216.TW_ohlcv.csv
1217.TW,3y,1d,yfinance,C:\test\test-2026-3-22OK\data\kline_cache\1217.TW_ohlcv.csv
1218.TW,3y,1d,yfinance,C:\test\test-2026-3-22OK\data\kline_cache\1218.TW_ohlcv.csv
1219.TW,3y,1d,yfinance,C:\test\test-2026-3-22OK\data\kline_cache\1219.TW_ohlcv.csv
1220.TW,3y,1d,yfinance,C:\test\test-2026-3-22OK\data\kline_cache\1220.TW_ohlcv.csv
1225.TW,3y,1d,yfinance,C:\test\test-2026-3-22OK\data\kline_cache\1225.TW_ohlcv.csv
1227.TW,3y,1d,yfinance,C:\test\test-2026-3-22OK\data\kline_cache\1227.TW_ohlcv.csv
1229.TW,3y,1d,yfinance,C:\test\test-2026-3-22OK\data\kline_cache\1229.TW_ohlcv.csv
1231.TW,3y,1d,yfinance,C:\test\test-2026-3-22OK\data\kline_cache\1231.TW_ohlcv.csv
1232.TW,3y,1d,yfinance,C:\test\test-2026-3-22OK\data\kline_cache\1232.TW_ohlcv.csv
1233.TW,3y,1d,yfinance,C:\test\test-2026-3-22OK\data\kline_cache\1233.TW_ohlcv.csv
1234.TW,3y,1d,yfinance,C:\test\test-2026-3-22OK\data\kline_cache\1234.TW_ohlcv.csv
1235.TW,3y,1d,yfinance,C:\test\test-2026-3-22OK\data\kline_cache\1235.TW_ohlcv.csv
1236.TW,3y,1d,yfinance,C:\test\test-2026-3-22OK\data\kline_cache\1236.TW_ohlcv.csv
1256.TW,3y,1d,yfinance,C:\test\test-2026-3-22OK\data\kline_cache\1256.TW_ohlcv.csv
1301.TW,3y,1d,yfinance,C:\test\test-2026-3-22OK\data\kline_cache\1301.TW_ohlcv.csv
1303.TW,3y,1d,yfinance,C:\test\test-2026-3-22OK\data\kline_cache\1303.TW_ohlcv.csv
1304.TW,3y,1d,yfinance,C:\test\test-2026-3-22OK\data\kline_cache\1304.TW_ohlcv.csv
1305.TW,3y,1d,yfinance,C:\test\test-2026-3-22OK\data\kline_cache\1305.TW_ohlcv.csv
1307.TW,3y,1d,yfinance,C:\test\test-2026-3-22OK\data\kline_cache\1307.TW_ohlcv.csv
1308.TW,3y,1d,yfinance,C:\test\test-2026-3-22OK\data\kline_cache\1308.TW_ohlcv.csv
1309.TW,3y,1d,yfinance,C:\test\test-2026-3-22OK\data\kline_cache\1309.TW_ohlcv.csv
1310.TW,3y,1d,yfinance,C:\test\test-2026-3-22OK\data\kline_cache\1310.TW_ohlcv.csv
1312.TW,3y,1d,yfinance,C:\test\test-2026-3-22OK\data\kline_cache\1312.TW_ohlcv.csv
1313.TW,3y,1d,yfinance,C:\test\test-2026-3-22OK\data\kline_cache\1313.TW_ohlcv.csv
1314.TW,3y,1d,yfinance,C:\test\test-2026-3-22OK\data\kline_cache\1314.TW_ohlcv.csv
1315.TW,3y,1d,yfinance,C:\test\test-2026-3-22OK\data\kline_cache\1315.TW_ohlcv.csv
1316.TW,3y,1d,yfinance,C:\test\test-2026-3-22OK\data\kline_cache\1316.TW_ohlcv.csv
1319.TW,3y,1d,yfinance,C:\test\test-2026-3-22OK\data\kline_cache\1319.TW_ohlcv.csv
1321.TW,3y,1d,yfinance,C:\test\test-2026-3-22OK\data\kline_cache\1321.TW_ohlcv.csv
1323.TW,3y,1d,yfinance,C:\test\test-2026-3-22OK\data\kline_cache\1323.TW_ohlcv.csv
1324.TW,3y,1d,yfinance,C:\test\test-2026-3-22OK\data\kline_cache\1324.TW_ohlcv.csv
1325.TW,3y,1d,yfinance,C:\test\test-2026-3-22OK\data\kline_cache\1325.TW_ohlcv.csv
1326.TW,3y,1d,yfinance,C:\test\test-2026-3-22OK\data\kline_cache\1326.TW_ohlcv.csv
1337.TW,3y,1d,yfinance,C:\test\test-2026-3-22OK\data\kline_cache\1337.TW_ohlcv.csv
1338.TW,3y,1d,yfinance,C:\test\test-2026-3-22OK\data\kline_cache\1338.TW_ohlcv.csv
1339.TW,3y,1d,yfinance,C:\test\test-2026-3-22OK\data\kline_cache\1339.TW_ohlcv.csv
1340.TW,3y,1d,yfinance,C:\test\test-2026-3-22OK\data\kline_cache\1340.TW_ohlcv.csv
1341.TW,3y,1d,yfinance,C:\test\test-2026-3-22OK\data\kline_cache\1341.TW_ohlcv.csv
1342.TW,3y,1d,yfinance,C:\test\test-2026-3-22OK\data\kline_cache\1342.TW_ohlcv.csv
1402.TW,3y,1d,yfinance,C:\test\test-2026-3-22OK\data\kline_cache\1402.TW_ohlcv.csv
1409.TW,3y,1d,yfinance,C:\test\test-2026-3-22OK\data\kline_cache\1409.TW_ohlcv.csv
1410.TW,3y,1d,yfinance,C:\test\test-2026-3-22OK\data\kline_cache\1410.TW_ohlcv.csv
1413.TW,3y,1d,yfinance,C:\test\test-2026-3-22OK\data\kline_cache\1413.TW_ohlcv.csv
1414.TW,3y,1d,yfinance,C:\test\test-2026-3-22OK\data\kline_cache\1414.TW_ohlcv.csv
1416.TW,3y,1d,yfinance,C:\test\test-2026-3-22OK\data\kline_cache\1416.TW_ohlcv.csv
1417.TW,3y,1d,yfinance,C:\test\test-2026-3-22OK\data\kline_cache\1417.TW_ohlcv.csv
1418.TW,3y,1d,yfinance,C:\test\test-2026-3-22OK\data\kline_cache\1418.TW_ohlcv.csv
1419.TW,3y,1d,yfinance,C:\test\test-2026-3-22OK\data\kline_cache\1419.TW_ohlcv.csv
1423.TW,3y,1d,yfinance,C:\test\test-2026-3-22OK\data\kline_cache\1423.TW_ohlcv.csv
1432.TW,3y,1d,yfinance,C:\test\test-2026-3-22OK\data\kline_cache\1432.TW_ohlcv.csv
1434.TW,3y,1d,yfinance,C:\test\test-2026-3-22OK\data\kline_cache\1434.TW_ohlcv.csv
1435.TW,3y,1d,yfinance,C:\test\test-2026-3-22OK\data\kline_cache\1435.TW_ohlcv.csv
1436.TW,3y,1d,yfinance,C:\test\test-2026-3-22OK\data\kline_cache\1436.TW_ohlcv.csv
1437.TW,3y,1d,yfinance,C:\test\test-2026-3-22OK\data\kline_cache\1437.TW_ohlcv.csv
1439.TW,3y,1d,yfinance,C:\test\test-2026-3-22OK\data\kline_cache\1439.TW_ohlcv.csv
1440.TW,3y,1d,yfinance,C:\test\test-2026-3-22OK\data\kline_cache\1440.TW_ohlcv.csv
1441.TW,3y,1d,yfinance,C:\test\test-2026-3-22OK\data\kline_cache\1441.TW_ohlcv.csv
1442.TW,3y,1d,yfinance,C:\test\test-2026-3-22OK\data\kline_cache\1442.TW_ohlcv.csv
1443.TW,3y,1d,yfinance,C:\test\test-2026-3-22OK\data\kline_cache\1443.TW_ohlcv.csv
1444.TW,3y,1d,yfinance,C:\test\test-2026-3-22OK\data\kline_cache\1444.TW_ohlcv.csv
1445.TW,3y,1d,yfinance,C:\test\test-2026-3-22OK\data\kline_cache\1445.TW_ohlcv.csv
1446.TW,3y,1d,yfinance,C:\test\test-2026-3-22OK\data\kline_cache\1446.TW_ohlcv.csv
1447.TW,3y,1d,yfinance,C:\test\test-2026-3-22OK\data\kline_cache\1447.TW_ohlcv.csv
1449.TW,3y,1d,yfinance,C:\test\test-2026-3-22OK\data\kline_cache\1449.TW_ohlcv.csv
1451.TW,3y,1d,yfinance,C:\test\test-2026-3-22OK\data\kline_cache\1451.TW_ohlcv.csv
1452.TW,3y,1d,yfinance,C:\test\test-2026-3-22OK\data\kline_cache\1452.TW_ohlcv.csv
1453.TW,3y,1d,yfinance,C:\test\test-2026-3-22OK\data\kline_cache\1453.TW_ohlcv.csv
1454.TW,3y,1d,yfinance,C:\test\test-2026-3-22OK\data\kline_cache\1454.TW_ohlcv.csv
1455.TW,3y,1d,yfinance,C:\test\test-2026-3-22OK\data\kline_cache\1455.TW_ohlcv.csv
1456.TW,3y,1d,yfinance,C:\test\test-2026-3-22OK\data\kline_cache\1456.TW_ohlcv.csv
1457.TW,3y,1d,yfinance,C:\test\test-2026-3-22OK\data\kline_cache\1457.TW_ohlcv.csv
1459.TW,3y,1d,yfinance,C:\test\test-2026-3-22OK\data\kline_cache\1459.TW_ohlcv.csv
1460.TW,3y,1d,yfinance,C:\test\test-2026-3-22OK\data\kline_cache\1460.TW_ohlcv.csv
1463.TW,3y,1d,yfinance,C:\test\test-2026-3-22OK\data\kline_cache\1463.TW_ohlcv.csv
1464.TW,3y,1d,yfinance,C:\test\test-2026-3-22OK\data\kline_cache\1464.TW_ohlcv.csv
1465.TW,3y,1d,yfinance,C:\test\test-2026-3-22OK\data\kline_cache\1465.TW_ohlcv.csv
1466.TW,3y,1d,yfinance,C:\test\test-2026-3-22OK\data\kline_cache\1466.TW_ohlcv.csv
1467.TW,3y,1d,yfinance,C:\test\test-2026-3-22OK\data\kline_cache\1467.TW_ohlcv.csv
1468.TW,3y,1d,yfinance,C:\test\test-2026-3-22OK\data\kline_cache\1468.TW_ohlcv.csv
1470.TW,3y,1d,yfinance,C:\test\test-2026-3-22OK\data\kline_cache\1470.TW_ohlcv.csv
1471.TW,3y,1d,yfinance,C:\test\test-2026-3-22OK\data\kline_cache\1471.TW_ohlcv.csv
1472.TW,3y,1d,yfinance,C:\test\test-2026-3-22OK\data\kline_cache\1472.TW_ohlcv.csv
1473.TW,3y,1d,yfinance,C:\test\test-2026-3-22OK\data\kline_cache\1473.TW_ohlcv.csv
1474.TW,3y,1d,yfinance,C:\test\test-2026-3-22OK\data\kline_cache\1474.TW_ohlcv.csv
1475.TW,3y,1d,yfinance,C:\test\test-2026-3-22OK\data\kline_cache\1475.TW_ohlcv.csv
1476.TW,3y,1d,yfinance,C:\test\test-2026-3-22OK\data\kline_cache\1476.TW_ohlcv.csv
1477.TW,3y,1d,yfinance,C:\test\test-2026-3-22OK\data\kline_cache\1477.TW_ohlcv.csv
1503.TW,3y,1d,yfinance,C:\test\test-2026-3-22OK\data\kline_cache\1503.TW_ohlcv.csv
1504.TW,3y,1d,yfinance,C:\test\test-2026-3-22OK\data\kline_cache\1504.TW_ohlcv.csv
1506.TW,3y,1d,yfinance,C:\test\test-2026-3-22OK\data\kline_cache\1506.TW_ohlcv.csv
1512.TW,3y,1d,yfinance,C:\test\test-2026-3-22OK\data\kline_cache\1512.TW_ohlcv.csv
1513.TW,3y,1d,yfinance,C:\test\test-2026-3-22OK\data\kline_cache\1513.TW_ohlcv.csv
1514.TW,3y,1d,yfinance,C:\test\test-2026-3-22OK\data\kline_cache\1514.TW_ohlcv.csv
1515.TW,3y,1d,yfinance,C:\test\test-2026-3-22OK\data\kline_cache\1515.TW_ohlcv.csv
1516.TW,3y,1d,yfinance,C:\test\test-2026-3-22OK\data\kline_cache\1516.TW_ohlcv.csv
1517.TW,3y,1d,yfinance,C:\test\test-2026-3-22OK\data\kline_cache\1517.TW_ohlcv.csv
1519.TW,3y,1d,yfinance,C:\test\test-2026-3-22OK\data\kline_cache\1519.TW_ohlcv.csv
1521.TW,3y,1d,yfinance,C:\test\test-2026-3-22OK\data\kline_cache\1521.TW_ohlcv.csv
1522.TW,3y,1d,yfinance,C:\test\test-2026-3-22OK\data\kline_cache\1522.TW_ohlcv.csv
1524.TW,3y,1d,yfinance,C:\test\test-2026-3-22OK\data\kline_cache\1524.TW_ohlcv.csv
1525.TW,3y,1d,yfinance,C:\test\test-2026-3-22OK\data\kline_cache\1525.TW_ohlcv.csv
1526.TW,3y,1d,yfinance,C:\test\test-2026-3-22OK\data\kline_cache\1526.TW_ohlcv.csv
1527.TW,3y,1d,yfinance,C:\test\test-2026-3-22OK\data\kline_cache\1527.TW_ohlcv.csv
1528.TW,3y,1d,yfinance,C:\test\test-2026-3-22OK\data\kline_cache\1528.TW_ohlcv.csv
1529.TW,3y,1d,yfinance,C:\test\test-2026-3-22OK\data\kline_cache\1529.TW_ohlcv.csv
1530.TW,3y,1d,yfinance,C:\test\test-2026-3-22OK\data\kline_cache\1530.TW_ohlcv.csv
1531.TW,3y,1d,yfinance,C:\test\test-2026-3-22OK\data\kline_cache\1531.TW_ohlcv.csv
1532.TW,3y,1d,yfinance,C:\test\test-2026-3-22OK\data\kline_cache\1532.TW_ohlcv.csv
1533.TW,3y,1d,yfinance,C:\test\test-2026-3-22OK\data\kline_cache\1533.TW_ohlcv.csv
1535.TW,3y,1d,yfinance,C:\test\test-2026-3-22OK\data\kline_cache\1535.TW_ohlcv.csv
1536.TW,3y,1d,yfinance,C:\test\test-2026-3-22OK\data\kline_cache\1536.TW_ohlcv.csv
1537.TW,3y,1d,yfinance,C:\test\test-2026-3-22OK\data\kline_cache\1537.TW_ohlcv.csv
1538.TW,3y,1d,yfinance,C:\test\test-2026-3-22OK\data\kline_cache\1538.TW_ohlcv.csv
1539.TW,3y,1d,yfinance,C:\test\test-2026-3-22OK\data\kline_cache\1539.TW_ohlcv.csv
1540.TW,3y,1d,yfinance,C:\test\test-2026-3-22OK\data\kline_cache\1540.TW_ohlcv.csv
1541.TW,3y,1d,yfinance,C:\test\test-2026-3-22OK\data\kline_cache\1541.TW_ohlcv.csv
1558.TW,3y,1d,yfinance,C:\test\test-2026-3-22OK\data\kline_cache\1558.TW_ohlcv.csv
1560.TW,3y,1d,yfinance,C:\test\test-2026-3-22OK\data\kline_cache\1560.TW_ohlcv.csv
1563.TW,3y,1d,yfinance,C:\test\test-2026-3-22OK\data\kline_cache\1563.TW_ohlcv.csv
1568.TW,3y,1d,yfinance,C:\test\test-2026-3-22OK\data\kline_cache\1568.TW_ohlcv.csv
1582.TW,3y,1d,yfinance,C:\test\test-2026-3-22OK\data\kline_cache\1582.TW_ohlcv.csv
1583.TW,3y,1d,yfinance,C:\test\test-2026-3-22OK\data\kline_cache\1583.TW_ohlcv.csv
1587.TW,3y,1d,yfinance,C:\test\test-2026-3-22OK\data\kline_cache\1587.TW_ohlcv.csv
1589.TW,3y,1d,yfinance,C:\test\test-2026-3-22OK\data\kline_cache\1589.TW_ohlcv.csv
1590.TW,3y,1d,yfinance,C:\test\test-2026-3-22OK\data\kline_cache\1590.TW_ohlcv.csv
1597.TW,3y,1d,yfinance,C:\test\test-2026-3-22OK\data\kline_cache\1597.TW_ohlcv.csv
1598.TW,3y,1d,yfinance,C:\test\test-2026-3-22OK\data\kline_cache\1598.TW_ohlcv.csv
1603.TW,3y,1d,yfinance,C:\test\test-2026-3-22OK\data\kline_cache\1603.TW_ohlcv.csv
1604.TW,3y,1d,yfinance,C:\test\test-2026-3-22OK\data\kline_cache\1604.TW_ohlcv.csv
1605.TW,3y,1d,yfinance,C:\test\test-2026-3-22OK\data\kline_cache\1605.TW_ohlcv.csv
1608.TW,3y,1d,yfinance,C:\test\test-2026-3-22OK\data\kline_cache\1608.TW_ohlcv.csv
1609.TW,3y,1d,yfinance,C:\test\test-2026-3-22OK\data\kline_cache\1609.TW_ohlcv.csv
1611.TW,3y,1d,yfinance,C:\test\test-2026-3-22OK\data\kline_cache\1611.TW_ohlcv.csv
1612.TW,3y,1d,yfinance,C:\test\test-2026-3-22OK\data\kline_cache\1612.TW_ohlcv.csv
1614.TW,3y,1d,yfinance,C:\test\test-2026-3-22OK\data\kline_cache\1614.TW_ohlcv.csv
1615.TW,3y,1d,yfinance,C:\test\test-2026-3-22OK\data\kline_cache\1615.TW_ohlcv.csv
1616.TW,3y,1d,yfinance,C:\test\test-2026-3-22OK\data\kline_cache\1616.TW_ohlcv.csv
1617.TW,3y,1d,yfinance,C:\test\test-2026-3-22OK\data\kline_cache\1617.TW_ohlcv.csv
1618.TW,3y,1d,yfinance,C:\test\test-2026-3-22OK\data\kline_cache\1618.TW_ohlcv.csv
1623.TW,3y,1d,yfinance,C:\test\test-2026-3-22OK\data\kline_cache\1623.TW_ohlcv.csv
1626.TW,3y,1d,yfinance,C:\test\test-2026-3-22OK\data\kline_cache\1626.TW_ohlcv.csv
1702.TW,3y,1d,yfinance,C:\test\test-2026-3-22OK\data\kline_cache\1702.TW_ohlcv.csv
1707.TW,3y,1d,yfinance,C:\test\test-2026-3-22OK\data\kline_cache\1707.TW_ohlcv.csv
1708.TW,3y,1d,yfinance,C:\test\test-2026-3-22OK\data\kline_cache\1708.TW_ohlcv.csv
1709.TW,3y,1d,yfinance,C:\test\test-2026-3-22OK\data\kline_cache\1709.TW_ohlcv.csv
1710.TW,3y,1d,yfinance,C:\test\test-2026-3-22OK\data\kline_cache\1710.TW_ohlcv.csv
1711.TW,3y,1d,yfinance,C:\test\test-2026-3-22OK\data\kline_cache\1711.TW_ohlcv.csv
1712.TW,3y,1d,yfinance,C:\test\test-2026-3-22OK\data\kline_cache\1712.TW_ohlcv.csv
1713.TW,3y,1d,yfinance,C:\test\test-2026-3-22OK\data\kline_cache\1713.TW_ohlcv.csv
1714.TW,3y,1d,yfinance,C:\test\test-2026-3-22OK\data\kline_cache\1714.TW_ohlcv.csv
1717.TW,3y,1d,yfinance,C:\test\test-2026-3-22OK\data\kline_cache\1717.TW_ohlcv.csv
1718.TW,3y,1d,yfinance,C:\test\test-2026-3-22OK\data\kline_cache\1718.TW_ohlcv.csv
1720.TW,3y,1d,yfinance,C:\test\test-2026-3-22OK\data\kline_cache\1720.TW_ohlcv.csv
1721.TW,3y,1d,yfinance,C:\test\test-2026-3-22OK\data\kline_cache\1721.TW_ohlcv.csv
1722.TW,3y,1d,yfinance,C:\test\test-2026-3-22OK\data\kline_cache\1722.TW_ohlcv.csv
1723.TW,3y,1d,yfinance,C:\test\test-2026-3-22OK\data\kline_cache\1723.TW_ohlcv.csv
1725.TW,3y,1d,yfinance,C:\test\test-2026-3-22OK\data\kline_cache\1725.TW_ohlcv.csv
1726.TW,3y,1d,yfinance,C:\test\test-2026-3-22OK\data\kline_cache\1726.TW_ohlcv.csv
1727.TW,3y,1d,yfinance,C:\test\test-2026-3-22OK\data\kline_cache\1727.TW_ohlcv.csv
1730.TW,3y,1d,yfinance,C:\test\test-2026-3-22OK\data\kline_cache\1730.TW_ohlcv.csv
1731.TW,3y,1d,yfinance,C:\test\test-2026-3-22OK\data\kline_cache\1731.TW_ohlcv.csv
1732.TW,3y,1d,yfinance,C:\test\test-2026-3-22OK\data\kline_cache\1732.TW_ohlcv.csv
1733.TW,3y,1d,yfinance,C:\test\test-2026-3-22OK\data\kline_cache\1733.TW_ohlcv.csv
1734.TW,3y,1d,yfinance,C:\test\test-2026-3-22OK\data\kline_cache\1734.TW_ohlcv.csv
1735.TW,3y,1d,yfinance,C:\test\test-2026-3-22OK\data\kline_cache\1735.TW_ohlcv.csv
1736.TW,3y,1d,yfinance,C:\test\test-2026-3-22OK\data\kline_cache\1736.TW_ohlcv.csv
1737.TW,3y,1d,yfinance,C:\test\test-2026-3-22OK\data\kline_cache\1737.TW_ohlcv.csv
1752.TW,3y,1d,yfinance,C:\test\test-2026-3-22OK\data\kline_cache\1752.TW_ohlcv.csv
1760.TW,3y,1d,yfinance,C:\test\test-2026-3-22OK\data\kline_cache\1760.TW_ohlcv.csv
1762.TW,3y,1d,yfinance,C:\test\test-2026-3-22OK\data\kline_cache\1762.TW_ohlcv.csv
1773.TW,3y,1d,yfinance,C:\test\test-2026-3-22OK\data\kline_cache\1773.TW_ohlcv.csv
1776.TW,3y,1d,yfinance,C:\test\test-2026-3-22OK\data\kline_cache\1776.TW_ohlcv.csv
1783.TW,3y,1d,yfinance,C:\test\test-2026-3-22OK\data\kline_cache\1783.TW_ohlcv.csv
1786.TW,3y,1d,yfinance,C:\test\test-2026-3-22OK\data\kline_cache\1786.TW_ohlcv.csv
1789.TW,3y,1d,yfinance,C:\test\test-2026-3-22OK\data\kline_cache\1789.TW_ohlcv.csv
1795.TW,3y,1d,yfinance,C:\test\test-2026-3-22OK\data\kline_cache\1795.TW_ohlcv.csv
1802.TW,3y,1d,yfinance,C:\test\test-2026-3-22OK\data\kline_cache\1802.TW_ohlcv.csv
1805.TW,3y,1d,yfinance,C:\test\test-2026-3-22OK\data\kline_cache\1805.TW_ohlcv.csv
1806.TW,3y,1d,yfinance,C:\test\test-2026-3-22OK\data\kline_cache\1806.TW_ohlcv.csv
1808.TW,3y,1d,yfinance,C:\test\test-2026-3-22OK\data\kline_cache\1808.TW_ohlcv.csv
1809.TW,3y,1d,yfinance,C:\test\test-2026-3-22OK\data\kline_cache\1809.TW_ohlcv.csv
1810.TW,3y,1d,yfinance,C:\test\test-2026-3-22OK\data\kline_cache\1810.TW_ohlcv.csv
1817.TW,3y,1d,yfinance,C:\test\test-2026-3-22OK\data\kline_cache\1817.TW_ohlcv.csv
1903.TW,3y,1d,yfinance,C:\test\test-2026-3-22OK\data\kline_cache\1903.TW_ohlcv.csv
1904.TW,3y,1d,yfinance,C:\test\test-2026-3-22OK\data\kline_cache\1904.TW_ohlcv.csv
1905.TW,3y,1d,yfinance,C:\test\test-2026-3-22OK\data\kline_cache\1905.TW_ohlcv.csv
1906.TW,3y,1d,yfinance,C:\test\test-2026-3-22OK\data\kline_cache\1906.TW_ohlcv.csv
1907.TW,3y,1d,yfinance,C:\test\test-2026-3-22OK\data\kline_cache\1907.TW_ohlcv.csv
1909.TW,3y,1d,yfinance,C:\test\test-2026-3-22OK\data\kline_cache\1909.TW_ohlcv.csv
2002.TW,3y,1d,yfinance,C:\test\test-2026-3-22OK\data\kline_cache\2002.TW_ohlcv.csv
2006.TW,3y,1d,yfinance,C:\test\test-2026-3-22OK\data\kline_cache\2006.TW_ohlcv.csv
2007.TW,3y,1d,yfinance,C:\test\test-2026-3-22OK\data\kline_cache\2007.TW_ohlcv.csv
2008.TW,3y,1d,yfinance,C:\test\test-2026-3-22OK\data\kline_cache\2008.TW_ohlcv.csv
2009.TW,3y,1d,yfinance,C:\test\test-2026-3-22OK\data\kline_cache\2009.TW_ohlcv.csv
2010.TW,3y,1d,yfinance,C:\test\test-2026-3-22OK\data\kline_cache\2010.TW_ohlcv.csv
2012.TW,3y,1d,yfinance,C:\test\test-2026-3-22OK\data\kline_cache\2012.TW_ohlcv.csv
2013.TW,3y,1d,yfinance,C:\test\test-2026-3-22OK\data\kline_cache\2013.TW_ohlcv.csv
2014.TW,3y,1d,yfinance,C:\test\test-2026-3-22OK\data\kline_cache\2014.TW_ohlcv.csv
2015.TW,3y,1d,yfinance,C:\test\test-2026-3-22OK\data\kline_cache\2015.TW_ohlcv.csv
2017.TW,3y,1d,yfinance,C:\test\test-2026-3-22OK\data\kline_cache\2017.TW_ohlcv.csv
2020.TW,3y,1d,yfinance,C:\test\test-2026-3-22OK\data\kline_cache\2020.TW_ohlcv.csv
2022.TW,3y,1d,yfinance,C:\test\test-2026-3-22OK\data\kline_cache\2022.TW_ohlcv.csv
2023.TW,3y,1d,yfinance,C:\test\test-2026-3-22OK\data\kline_cache\2023.TW_ohlcv.csv
2024.TW,3y,1d,yfinance,C:\test\test-2026-3-22OK\data\kline_cache\2024.TW_ohlcv.csv
2025.TW,3y,1d,yfinance,C:\test\test-2026-3-22OK\data\kline_cache\2025.TW_ohlcv.csv
2027.TW,3y,1d,yfinance,C:\test\test-2026-3-22OK\data\kline_cache\2027.TW_ohlcv.csv
2028.TW,3y,1d,yfinance,C:\test\test-2026-3-22OK\data\kline_cache\2028.TW_ohlcv.csv
2029.TW,3y,1d,yfinance,C:\test\test-2026-3-22OK\data\kline_cache\2029.TW_ohlcv.csv
2030.TW,3y,1d,yfinance,C:\test\test-2026-3-22OK\data\kline_cache\2030.TW_ohlcv.csv
2031.TW,3y,1d,yfinance,C:\test\test-2026-3-22OK\data\kline_cache\2031.TW_ohlcv.csv
2032.TW,3y,1d,yfinance,C:\test\test-2026-3-22OK\data\kline_cache\2032.TW_ohlcv.csv
2033.TW,3y,1d,yfinance,C:\test\test-2026-3-22OK\data\kline_cache\2033.TW_ohlcv.csv
2034.TW,3y,1d,yfinance,C:\test\test-2026-3-22OK\data\kline_cache\2034.TW_ohlcv.csv
2038.TW,3y,1d,yfinance,C:\test\test-2026-3-22OK\data\kline_cache\2038.TW_ohlcv.csv
2049.TW,3y,1d,yfinance,C:\test\test-2026-3-22OK\data\kline_cache\2049.TW_ohlcv.csv
2059.TW,3y,1d,yfinance,C:\test\test-2026-3-22OK\data\kline_cache\2059.TW_ohlcv.csv
2062.TW,3y,1d,yfinance,C:\test\test-2026-3-22OK\data\kline_cache\2062.TW_ohlcv.csv
2069.TW,3y,1d,yfinance,C:\test\test-2026-3-22OK\data\kline_cache\2069.TW_ohlcv.csv
2101.TW,3y,1d,yfinance,C:\test\test-2026-3-22OK\data\kline_cache\2101.TW_ohlcv.csv
2102.TW,3y,1d,yfinance,C:\test\test-2026-3-22OK\data\kline_cache\2102.TW_ohlcv.csv
2103.TW,3y,1d,yfinance,C:\test\test-2026-3-22OK\data\kline_cache\2103.TW_ohlcv.csv
2104.TW,3y,1d,yfinance,C:\test\test-2026-3-22OK\data\kline_cache\2104.TW_ohlcv.csv
2105.TW,3y,1d,yfinance,C:\test\test-2026-3-22OK\data\kline_cache\2105.TW_ohlcv.csv
2106.TW,3y,1d,yfinance,C:\test\test-2026-3-22OK\data\kline_cache\2106.TW_ohlcv.csv
2107.TW,3y,1d,yfinance,C:\test\test-2026-3-22OK\data\kline_cache\2107.TW_ohlcv.csv
2108.TW,3y,1d,yfinance,C:\test\test-2026-3-22OK\data\kline_cache\2108.TW_ohlcv.csv
2109.TW,3y,1d,yfinance,C:\test\test-2026-3-22OK\data\kline_cache\2109.TW_ohlcv.csv
2114.TW,3y,1d,yfinance,C:\test\test-2026-3-22OK\data\kline_cache\2114.TW_ohlcv.csv
2115.TW,3y,1d,yfinance,C:\test\test-2026-3-22OK\data\kline_cache\2115.TW_ohlcv.csv
2201.TW,3y,1d,yfinance,C:\test\test-2026-3-22OK\data\kline_cache\2201.TW_ohlcv.csv
2204.TW,3y,1d,yfinance,C:\test\test-2026-3-22OK\data\kline_cache\2204.TW_ohlcv.csv
2206.TW,3y,1d,yfinance,C:\test\test-2026-3-22OK\data\kline_cache\2206.TW_ohlcv.csv
2207.TW,3y,1d,yfinance,C:\test\test-2026-3-22OK\data\kline_cache\2207.TW_ohlcv.csv
2208.TW,3y,1d,yfinance,C:\test\test-2026-3-22OK\data\kline_cache\2208.TW_ohlcv.csv
2211.TW,3y,1d,yfinance,C:\test\test-2026-3-22OK\data\kline_cache\2211.TW_ohlcv.csv
2227.TW,3y,1d,yfinance,C:\test\test-2026-3-22OK\data\kline_cache\2227.TW_ohlcv.csv
2228.TW,3y,1d,yfinance,C:\test\test-2026-3-22OK\data\kline_cache\2228.TW_ohlcv.csv
2231.TW,3y,1d,yfinance,C:\test\test-2026-3-22OK\data\kline_cache\2231.TW_ohlcv.csv
2233.TW,3y,1d,yfinance,C:\test\test-2026-3-22OK\data\kline_cache\2233.TW_ohlcv.csv
2236.TW,3y,1d,yfinance,C:\test\test-2026-3-22OK\data\kline_cache\2236.TW_ohlcv.csv
2239.TW,3y,1d,yfinance,C:\test\test-2026-3-22OK\data\kline_cache\2239.TW_ohlcv.csv
2241.TW,3y,1d,yfinance,C:\test\test-2026-3-22OK\data\kline_cache\2241.TW_ohlcv.csv
2243.TW,3y,1d,yfinance,C:\test\test-2026-3-22OK\data\kline_cache\2243.TW_ohlcv.csv
2247.TW,3y,1d,yfinance,C:\test\test-2026-3-22OK\data\kline_cache\2247.TW_ohlcv.csv
2248.TW,3y,1d,yfinance,C:\test\test-2026-3-22OK\data\kline_cache\2248.TW_ohlcv.csv
2250.TW,3y,1d,yfinance,C:\test\test-2026-3-22OK\data\kline_cache\2250.TW_ohlcv.csv
2254.TW,3y,1d,yfinance,C:\test\test-2026-3-22OK\data\kline_cache\2254.TW_ohlcv.csv
2258.TW,3y,1d,yfinance,C:\test\test-2026-3-22OK\data\kline_cache\2258.TW_ohlcv.csv
2301.TW,3y,1d,yfinance,C:\test\test-2026-3-22OK\data\kline_cache\2301.TW_ohlcv.csv
2302.TW,3y,1d,yfinance,C:\test\test-2026-3-22OK\data\kline_cache\2302.TW_ohlcv.csv
2303.TW,3y,1d,yfinance,C:\test\test-2026-3-22OK\data\kline_cache\2303.TW_ohlcv.csv
2305.TW,3y,1d,yfinance,C:\test\test-2026-3-22OK\data\kline_cache\2305.TW_ohlcv.csv
2308.TW,3y,1d,yfinance,C:\test\test-2026-3-22OK\data\kline_cache\2308.TW_ohlcv.csv
2312.TW,3y,1d,yfinance,C:\test\test-2026-3-22OK\data\kline_cache\2312.TW_ohlcv.csv
2313.TW,3y,1d,yfinance,C:\test\test-2026-3-22OK\data\kline_cache\2313.TW_ohlcv.csv
2314.TW,3y,1d,yfinance,C:\test\test-2026-3-22OK\data\kline_cache\2314.TW_ohlcv.csv
2316.TW,3y,1d,yfinance,C:\test\test-2026-3-22OK\data\kline_cache\2316.TW_ohlcv.csv
2317.TW,3y,1d,yfinance,C:\test\test-2026-3-22OK\data\kline_cache\2317.TW_ohlcv.csv
2323.TW,3y,1d,yfinance,C:\test\test-2026-3-22OK\data\kline_cache\2323.TW_ohlcv.csv
2324.TW,3y,1d,yfinance,C:\test\test-2026-3-22OK\data\kline_cache\2324.TW_ohlcv.csv
2327.TW,3y,1d,yfinance,C:\test\test-2026-3-22OK\data\kline_cache\2327.TW_ohlcv.csv
2328.TW,3y,1d,yfinance,C:\test\test-2026-3-22OK\data\kline_cache\2328.TW_ohlcv.csv
2329.TW,3y,1d,yfinance,C:\test\test-2026-3-22OK\data\kline_cache\2329.TW_ohlcv.csv
2330.TW,3y,1d,yfinance,C:\test\test-2026-3-22OK\data\kline_cache\2330.TW_ohlcv.csv
2331.TW,3y,1d,yfinance,C:\test\test-2026-3-22OK\data\kline_cache\2331.TW_ohlcv.csv
2332.TW,3y,1d,yfinance,C:\test\test-2026-3-22OK\data\kline_cache\2332.TW_ohlcv.csv
2337.TW,3y,1d,yfinance,C:\test\test-2026-3-22OK\data\kline_cache\2337.TW_ohlcv.csv
2338.TW,3y,1d,yfinance,C:\test\test-2026-3-22OK\data\kline_cache\2338.TW_ohlcv.csv
2340.TW,3y,1d,yfinance,C:\test\test-2026-3-22OK\data\kline_cache\2340.TW_ohlcv.csv
2342.TW,3y,1d,yfinance,C:\test\test-2026-3-22OK\data\kline_cache\2342.TW_ohlcv.csv
2344.TW,3y,1d,yfinance,C:\test\test-2026-3-22OK\data\kline_cache\2344.TW_ohlcv.csv
2345.TW,3y,1d,yfinance,C:\test\test-2026-3-22OK\data\kline_cache\2345.TW_ohlcv.csv
2347.TW,3y,1d,yfinance,C:\test\test-2026-3-22OK\data\kline_cache\2347.TW_ohlcv.csv
2348.TW,3y,1d,yfinance,C:\test\test-2026-3-22OK\data\kline_cache\2348.TW_ohlcv.csv
2349.TW,3y,1d,yfinance,C:\test\test-2026-3-22OK\data\kline_cache\2349.TW_ohlcv.csv
2351.TW,3y,1d,yfinance,C:\test\test-2026-3-22OK\data\kline_cache\2351.TW_ohlcv.csv
2352.TW,3y,1d,yfinance,C:\test\test-2026-3-22OK\data\kline_cache\2352.TW_ohlcv.csv
2353.TW,3y,1d,yfinance,C:\test\test-2026-3-22OK\data\kline_cache\2353.TW_ohlcv.csv
2354.TW,3y,1d,yfinance,C:\test\test-2026-3-22OK\data\kline_cache\2354.TW_ohlcv.csv
2355.TW,3y,1d,yfinance,C:\test\test-2026-3-22OK\data\kline_cache\2355.TW_ohlcv.csv
2356.TW,3y,1d,yfinance,C:\test\test-2026-3-22OK\data\kline_cache\2356.TW_ohlcv.csv
2357.TW,3y,1d,yfinance,C:\test\test-2026-3-22OK\data\kline_cache\2357.TW_ohlcv.csv
2359.TW,3y,1d,yfinance,C:\test\test-2026-3-22OK\data\kline_cache\2359.TW_ohlcv.csv
2360.TW,3y,1d,yfinance,C:\test\test-2026-3-22OK\data\kline_cache\2360.TW_ohlcv.csv
2362.TW,3y,1d,yfinance,C:\test\test-2026-3-22OK\data\kline_cache\2362.TW_ohlcv.csv
2363.TW,3y,1d,yfinance,C:\test\test-2026-3-22OK\data\kline_cache\2363.TW_ohlcv.csv
2364.TW,3y,1d,yfinance,C:\test\test-2026-3-22OK\data\kline_cache\2364.TW_ohlcv.csv
2365.TW,3y,1d,yfinance,C:\test\test-2026-3-22OK\data\kline_cache\2365.TW_ohlcv.csv
2367.TW,3y,1d,yfinance,C:\test\test-2026-3-22OK\data\kline_cache\2367.TW_ohlcv.csv
2368.TW,3y,1d,yfinance,C:\test\test-2026-3-22OK\data\kline_cache\2368.TW_ohlcv.csv
2369.TW,3y,1d,yfinance,C:\test\test-2026-3-22OK\data\kline_cache\2369.TW_ohlcv.csv
2371.TW,3y,1d,yfinance,C:\test\test-2026-3-22OK\data\kline_cache\2371.TW_ohlcv.csv
2373.TW,3y,1d,yfinance,C:\test\test-2026-3-22OK\data\kline_cache\2373.TW_ohlcv.csv
2374.TW,3y,1d,yfinance,C:\test\test-2026-3-22OK\data\kline_cache\2374.TW_ohlcv.csv
2375.TW,3y,1d,yfinance,C:\test\test-2026-3-22OK\data\kline_cache\2375.TW_ohlcv.csv
2376.TW,3y,1d,yfinance,C:\test\test-2026-3-22OK\data\kline_cache\2376.TW_ohlcv.csv
2377.TW,3y,1d,yfinance,C:\test\test-2026-3-22OK\data\kline_cache\2377.TW_ohlcv.csv
2379.TW,3y,1d,yfinance,C:\test\test-2026-3-22OK\data\kline_cache\2379.TW_ohlcv.csv
2380.TW,3y,1d,yfinance,C:\test\test-2026-3-22OK\data\kline_cache\2380.TW_ohlcv.csv
2382.TW,3y,1d,yfinance,C:\test\test-2026-3-22OK\data\kline_cache\2382.TW_ohlcv.csv
2383.TW,3y,1d,yfinance,C:\test\test-2026-3-22OK\data\kline_cache\2383.TW_ohlcv.csv
2385.TW,3y,1d,yfinance,C:\test\test-2026-3-22OK\data\kline_cache\2385.TW_ohlcv.csv
2387.TW,3y,1d,yfinance,C:\test\test-2026-3-22OK\data\kline_cache\2387.TW_ohlcv.csv
2388.TW,3y,1d,yfinance,C:\test\test-2026-3-22OK\data\kline_cache\2388.TW_ohlcv.csv
2390.TW,3y,1d,yfinance,C:\test\test-2026-3-22OK\data\kline_cache\2390.TW_ohlcv.csv
2392.TW,3y,1d,yfinance,C:\test\test-2026-3-22OK\data\kline_cache\2392.TW_ohlcv.csv
2393.TW,3y,1d,yfinance,C:\test\test-2026-3-22OK\data\kline_cache\2393.TW_ohlcv.csv
2395.TW,3y,1d,yfinance,C:\test\test-2026-3-22OK\data\kline_cache\2395.TW_ohlcv.csv
2397.TW,3y,1d,yfinance,C:\test\test-2026-3-22OK\data\kline_cache\2397.TW_ohlcv.csv
2399.TW,3y,1d,yfinance,C:\test\test-2026-3-22OK\data\kline_cache\2399.TW_ohlcv.csv
2401.TW,3y,1d,yfinance,C:\test\test-2026-3-22OK\data\kline_cache\2401.TW_ohlcv.csv
2402.TW,3y,1d,yfinance,C:\test\test-2026-3-22OK\data\kline_cache\2402.TW_ohlcv.csv
2404.TW,3y,1d,yfinance,C:\test\test-2026-3-22OK\data\kline_cache\2404.TW_ohlcv.csv
2405.TW,3y,1d,yfinance,C:\test\test-2026-3-22OK\data\kline_cache\2405.TW_ohlcv.csv
2406.TW,3y,1d,yfinance,C:\test\test-2026-3-22OK\data\kline_cache\2406.TW_ohlcv.csv
2408.TW,3y,1d,yfinance,C:\test\test-2026-3-22OK\data\kline_cache\2408.TW_ohlcv.csv
2409.TW,3y,1d,yfinance,C:\test\test-2026-3-22OK\data\kline_cache\2409.TW_ohlcv.csv
2412.TW,3y,1d,yfinance,C:\test\test-2026-3-22OK\data\kline_cache\2412.TW_ohlcv.csv
2413.TW,3y,1d,yfinance,C:\test\test-2026-3-22OK\data\kline_cache\2413.TW_ohlcv.csv
2414.TW,3y,1d,yfinance,C:\test\test-2026-3-22OK\data\kline_cache\2414.TW_ohlcv.csv
2415.TW,3y,1d,yfinance,C:\test\test-2026-3-22OK\data\kline_cache\2415.TW_ohlcv.csv
2417.TW,3y,1d,yfinance,C:\test\test-2026-3-22OK\data\kline_cache\2417.TW_ohlcv.csv
2419.TW,3y,1d,yfinance,C:\test\test-2026-3-22OK\data\kline_cache\2419.TW_ohlcv.csv
2420.TW,3y,1d,yfinance,C:\test\test-2026-3-22OK\data\kline_cache\2420.TW_ohlcv.csv
2421.TW,3y,1d,yfinance,C:\test\test-2026-3-22OK\data\kline_cache\2421.TW_ohlcv.csv
2423.TW,3y,1d,yfinance,C:\test\test-2026-3-22OK\data\kline_cache\2423.TW_ohlcv.csv
2424.TW,3y,1d,yfinance,C:\test\test-2026-3-22OK\data\kline_cache\2424.TW_ohlcv.csv
2425.TW,3y,1d,yfinance,C:\test\test-2026-3-22OK\data\kline_cache\2425.TW_ohlcv.csv
2426.TW,3y,1d,yfinance,C:\test\test-2026-3-22OK\data\kline_cache\2426.TW_ohlcv.csv
2427.TW,3y,1d,yfinance,C:\test\test-2026-3-22OK\data\kline_cache\2427.TW_ohlcv.csv
2428.TW,3y,1d,yfinance,C:\test\test-2026-3-22OK\data\kline_cache\2428.TW_ohlcv.csv
2429.TW,3y,1d,yfinance,C:\test\test-2026-3-22OK\data\kline_cache\2429.TW_ohlcv.csv
2430.TW,3y,1d,yfinance,C:\test\test-2026-3-22OK\data\kline_cache\2430.TW_ohlcv.csv
2431.TW,3y,1d,yfinance,C:\test\test-2026-3-22OK\data\kline_cache\2431.TW_ohlcv.csv
2432.TW,3y,1d,yfinance,C:\test\test-2026-3-22OK\data\kline_cache\2432.TW_ohlcv.csv
2433.TW,3y,1d,yfinance,C:\test\test-2026-3-22OK\data\kline_cache\2433.TW_ohlcv.csv
2434.TW,3y,1d,yfinance,C:\test\test-2026-3-22OK\data\kline_cache\2434.TW_ohlcv.csv
2436.TW,3y,1d,yfinance,C:\test\test-2026-3-22OK\data\kline_cache\2436.TW_ohlcv.csv
2438.TW,3y,1d,yfinance,C:\test\test-2026-3-22OK\data\kline_cache\2438.TW_ohlcv.csv
2439.TW,3y,1d,yfinance,C:\test\test-2026-3-22OK\data\kline_cache\2439.TW_ohlcv.csv
2440.TW,3y,1d,yfinance,C:\test\test-2026-3-22OK\data\kline_cache\2440.TW_ohlcv.csv
2441.TW,3y,1d,yfinance,C:\test\test-2026-3-22OK\data\kline_cache\2441.TW_ohlcv.csv
2442.TW,3y,1d,yfinance,C:\test\test-2026-3-22OK\data\kline_cache\2442.TW_ohlcv.csv
2444.TW,3y,1d,yfinance,C:\test\test-2026-3-22OK\data\kline_cache\2444.TW_ohlcv.csv
2449.TW,3y,1d,yfinance,C:\test\test-2026-3-22OK\data\kline_cache\2449.TW_ohlcv.csv
2450.TW,3y,1d,yfinance,C:\test\test-2026-3-22OK\data\kline_cache\2450.TW_ohlcv.csv
2451.TW,3y,1d,yfinance,C:\test\test-2026-3-22OK\data\kline_cache\2451.TW_ohlcv.csv
2453.TW,3y,1d,yfinance,C:\test\test-2026-3-22OK\data\kline_cache\2453.TW_ohlcv.csv
2454.TW,3y,1d,yfinance,C:\test\test-2026-3-22OK\data\kline_cache\2454.TW_ohlcv.csv
2455.TW,3y,1d,yfinance,C:\test\test-2026-3-22OK\data\kline_cache\2455.TW_ohlcv.csv
2457.TW,3y,1d,yfinance,C:\test\test-2026-3-22OK\data\kline_cache\2457.TW_ohlcv.csv
2458.TW,3y,1d,yfinance,C:\test\test-2026-3-22OK\data\kline_cache\2458.TW_ohlcv.csv
2459.TW,3y,1d,yfinance,C:\test\test-2026-3-22OK\data\kline_cache\2459.TW_ohlcv.csv
2460.TW,3y,1d,yfinance,C:\test\test-2026-3-22OK\data\kline_cache\2460.TW_ohlcv.csv
2461.TW,3y,1d,yfinance,C:\test\test-2026-3-22OK\data\kline_cache\2461.TW_ohlcv.csv
2462.TW,3y,1d,yfinance,C:\test\test-2026-3-22OK\data\kline_cache\2462.TW_ohlcv.csv
2464.TW,3y,1d,yfinance,C:\test\test-2026-3-22OK\data\kline_cache\2464.TW_ohlcv.csv
2465.TW,3y,1d,yfinance,C:\test\test-2026-3-22OK\data\kline_cache\2465.TW_ohlcv.csv
2466.TW,3y,1d,yfinance,C:\test\test-2026-3-22OK\data\kline_cache\2466.TW_ohlcv.csv
2467.TW,3y,1d,yfinance,C:\test\test-2026-3-22OK\data\kline_cache\2467.TW_ohlcv.csv
2468.TW,3y,1d,yfinance,C:\test\test-2026-3-22OK\data\kline_cache\2468.TW_ohlcv.csv
2471.TW,3y,1d,yfinance,C:\test\test-2026-3-22OK\data\kline_cache\2471.TW_ohlcv.csv
2472.TW,3y,1d,yfinance,C:\test\test-2026-3-22OK\data\kline_cache\2472.TW_ohlcv.csv
2474.TW,3y,1d,yfinance,C:\test\test-2026-3-22OK\data\kline_cache\2474.TW_ohlcv.csv
2476.TW,3y,1d,yfinance,C:\test\test-2026-3-22OK\data\kline_cache\2476.TW_ohlcv.csv
2477.TW,3y,1d,yfinance,C:\test\test-2026-3-22OK\data\kline_cache\2477.TW_ohlcv.csv
2478.TW,3y,1d,yfinance,C:\test\test-2026-3-22OK\data\kline_cache\2478.TW_ohlcv.csv
2480.TW,3y,1d,yfinance,C:\test\test-2026-3-22OK\data\kline_cache\2480.TW_ohlcv.csv
2481.TW,3y,1d,yfinance,C:\test\test-2026-3-22OK\data\kline_cache\2481.TW_ohlcv.csv
2482.TW,3y,1d,yfinance,C:\test\test-2026-3-22OK\data\kline_cache\2482.TW_ohlcv.csv
2483.TW,3y,1d,yfinance,C:\test\test-2026-3-22OK\data\kline_cache\2483.TW_ohlcv.csv
2484.TW,3y,1d,yfinance,C:\test\test-2026-3-22OK\data\kline_cache\2484.TW_ohlcv.csv
2485.TW,3y,1d,yfinance,C:\test\test-2026-3-22OK\data\kline_cache\2485.TW_ohlcv.csv
2486.TW,3y,1d,yfinance,C:\test\test-2026-3-22OK\data\kline_cache\2486.TW_ohlcv.csv
2488.TW,3y,1d,yfinance,C:\test\test-2026-3-22OK\data\kline_cache\2488.TW_ohlcv.csv
2489.TW,3y,1d,yfinance,C:\test\test-2026-3-22OK\data\kline_cache\2489.TW_ohlcv.csv
2491.TW,3y,1d,yfinance,C:\test\test-2026-3-22OK\data\kline_cache\2491.TW_ohlcv.csv
2492.TW,3y,1d,yfinance,C:\test\test-2026-3-22OK\data\kline_cache\2492.TW_ohlcv.csv
2493.TW,3y,1d,yfinance,C:\test\test-2026-3-22OK\data\kline_cache\2493.TW_ohlcv.csv
2495.TW,3y,1d,yfinance,C:\test\test-2026-3-22OK\data\kline_cache\2495.TW_ohlcv.csv
2496.TW,3y,1d,yfinance,C:\test\test-2026-3-22OK\data\kline_cache\2496.TW_ohlcv.csv
2497.TW,3y,1d,yfinance,C:\test\test-2026-3-22OK\data\kline_cache\2497.TW_ohlcv.csv
2498.TW,3y,1d,yfinance,C:\test\test-2026-3-22OK\data\kline_cache\2498.TW_ohlcv.csv
2501.TW,3y,1d,yfinance,C:\test\test-2026-3-22OK\data\kline_cache\2501.TW_ohlcv.csv
2504.TW,3y,1d,yfinance,C:\test\test-2026-3-22OK\data\kline_cache\2504.TW_ohlcv.csv
2505.TW,3y,1d,yfinance,C:\test\test-2026-3-22OK\data\kline_cache\2505.TW_ohlcv.csv
2506.TW,3y,1d,yfinance,C:\test\test-2026-3-22OK\data\kline_cache\2506.TW_ohlcv.csv
2509.TW,3y,1d,yfinance,C:\test\test-2026-3-22OK\data\kline_cache\2509.TW_ohlcv.csv
2511.TW,3y,1d,yfinance,C:\test\test-2026-3-22OK\data\kline_cache\2511.TW_ohlcv.csv
2514.TW,3y,1d,yfinance,C:\test\test-2026-3-22OK\data\kline_cache\2514.TW_ohlcv.csv
2515.TW,3y,1d,yfinance,C:\test\test-2026-3-22OK\data\kline_cache\2515.TW_ohlcv.csv
2516.TW,3y,1d,yfinance,C:\test\test-2026-3-22OK\data\kline_cache\2516.TW_ohlcv.csv
2520.TW,3y,1d,yfinance,C:\test\test-2026-3-22OK\data\kline_cache\2520.TW_ohlcv.csv
2524.TW,3y,1d,yfinance,C:\test\test-2026-3-22OK\data\kline_cache\2524.TW_ohlcv.csv
2527.TW,3y,1d,yfinance,C:\test\test-2026-3-22OK\data\kline_cache\2527.TW_ohlcv.csv
2528.TW,3y,1d,yfinance,C:\test\test-2026-3-22OK\data\kline_cache\2528.TW_ohlcv.csv
2530.TW,3y,1d,yfinance,C:\test\test-2026-3-22OK\data\kline_cache\2530.TW_ohlcv.csv
2534.TW,3y,1d,yfinance,C:\test\test-2026-3-22OK\data\kline_cache\2534.TW_ohlcv.csv
2535.TW,3y,1d,yfinance,C:\test\test-2026-3-22OK\data\kline_cache\2535.TW_ohlcv.csv
2536.TW,3y,1d,yfinance,C:\test\test-2026-3-22OK\data\kline_cache\2536.TW_ohlcv.csv
2537.TW,3y,1d,yfinance,C:\test\test-2026-3-22OK\data\kline_cache\2537.TW_ohlcv.csv
2538.TW,3y,1d,yfinance,C:\test\test-2026-3-22OK\data\kline_cache\2538.TW_ohlcv.csv
2539.TW,3y,1d,yfinance,C:\test\test-2026-3-22OK\data\kline_cache\2539.TW_ohlcv.csv
2540.TW,3y,1d,yfinance,C:\test\test-2026-3-22OK\data\kline_cache\2540.TW_ohlcv.csv
2542.TW,3y,1d,yfinance,C:\test\test-2026-3-22OK\data\kline_cache\2542.TW_ohlcv.csv
2543.TW,3y,1d,yfinance,C:\test\test-2026-3-22OK\data\kline_cache\2543.TW_ohlcv.csv
2545.TW,3y,1d,yfinance,C:\test\test-2026-3-22OK\data\kline_cache\2545.TW_ohlcv.csv
2546.TW,3y,1d,yfinance,C:\test\test-2026-3-22OK\data\kline_cache\2546.TW_ohlcv.csv
2547.TW,3y,1d,yfinance,C:\test\test-2026-3-22OK\data\kline_cache\2547.TW_ohlcv.csv
2548.TW,3y,1d,yfinance,C:\test\test-2026-3-22OK\data\kline_cache\2548.TW_ohlcv.csv
2597.TW,3y,1d,yfinance,C:\test\test-2026-3-22OK\data\kline_cache\2597.TW_ohlcv.csv
2601.TW,3y,1d,yfinance,C:\test\test-2026-3-22OK\data\kline_cache\2601.TW_ohlcv.csv
2603.TW,3y,1d,yfinance,C:\test\test-2026-3-22OK\data\kline_cache\2603.TW_ohlcv.csv
2605.TW,3y,1d,yfinance,C:\test\test-2026-3-22OK\data\kline_cache\2605.TW_ohlcv.csv
2606.TW,3y,1d,yfinance,C:\test\test-2026-3-22OK\data\kline_cache\2606.TW_ohlcv.csv
2607.TW,3y,1d,yfinance,C:\test\test-2026-3-22OK\data\kline_cache\2607.TW_ohlcv.csv
2608.TW,3y,1d,yfinance,C:\test\test-2026-3-22OK\data\kline_cache\2608.TW_ohlcv.csv
2609.TW,3y,1d,yfinance,C:\test\test-2026-3-22OK\data\kline_cache\2609.TW_ohlcv.csv
2610.TW,3y,1d,yfinance,C:\test\test-2026-3-22OK\data\kline_cache\2610.TW_ohlcv.csv
2611.TW,3y,1d,yfinance,C:\test\test-2026-3-22OK\data\kline_cache\2611.TW_ohlcv.csv
2612.TW,3y,1d,yfinance,C:\test\test-2026-3-22OK\data\kline_cache\2612.TW_ohlcv.csv
2613.TW,3y,1d,yfinance,C:\test\test-2026-3-22OK\data\kline_cache\2613.TW_ohlcv.csv
2614.TW,3y,1d,yfinance,C:\test\test-2026-3-22OK\data\kline_cache\2614.TW_ohlcv.csv
2615.TW,3y,1d,yfinance,C:\test\test-2026-3-22OK\data\kline_cache\2615.TW_ohlcv.csv
2616.TW,3y,1d,yfinance,C:\test\test-2026-3-22OK\data\kline_cache\2616.TW_ohlcv.csv
2617.TW,3y,1d,yfinance,C:\test\test-2026-3-22OK\data\kline_cache\2617.TW_ohlcv.csv
2618.TW,3y,1d,yfinance,C:\test\test-2026-3-22OK\data\kline_cache\2618.TW_ohlcv.csv
2630.TW,3y,1d,yfinance,C:\test\test-2026-3-22OK\data\kline_cache\2630.TW_ohlcv.csv
2633.TW,3y,1d,yfinance,C:\test\test-2026-3-22OK\data\kline_cache\2633.TW_ohlcv.csv
2634.TW,3y,1d,yfinance,C:\test\test-2026-3-22OK\data\kline_cache\2634.TW_ohlcv.csv
2636.TW,3y,1d,yfinance,C:\test\test-2026-3-22OK\data\kline_cache\2636.TW_ohlcv.csv
2637.TW,3y,1d,yfinance,C:\test\test-2026-3-22OK\data\kline_cache\2637.TW_ohlcv.csv
2642.TW,3y,1d,yfinance,C:\test\test-2026-3-22OK\data\kline_cache\2642.TW_ohlcv.csv
2645.TW,3y,1d,yfinance,C:\test\test-2026-3-22OK\data\kline_cache\2645.TW_ohlcv.csv
2646.TW,3y,1d,yfinance,C:\test\test-2026-3-22OK\data\kline_cache\2646.TW_ohlcv.csv
2701.TW,3y,1d,yfinance,C:\test\test-2026-3-22OK\data\kline_cache\2701.TW_ohlcv.csv
2702.TW,3y,1d,yfinance,C:\test\test-2026-3-22OK\data\kline_cache\2702.TW_ohlcv.csv
2704.TW,3y,1d,yfinance,C:\test\test-2026-3-22OK\data\kline_cache\2704.TW_ohlcv.csv
2705.TW,3y,1d,yfinance,C:\test\test-2026-3-22OK\data\kline_cache\2705.TW_ohlcv.csv
2706.TW,3y,1d,yfinance,C:\test\test-2026-3-22OK\data\kline_cache\2706.TW_ohlcv.csv
2707.TW,3y,1d,yfinance,C:\test\test-2026-3-22OK\data\kline_cache\2707.TW_ohlcv.csv
2712.TW,3y,1d,yfinance,C:\test\test-2026-3-22OK\data\kline_cache\2712.TW_ohlcv.csv
2722.TW,3y,1d,yfinance,C:\test\test-2026-3-22OK\data\kline_cache\2722.TW_ohlcv.csv
2723.TW,3y,1d,yfinance,C:\test\test-2026-3-22OK\data\kline_cache\2723.TW_ohlcv.csv
2727.TW,3y,1d,yfinance,C:\test\test-2026-3-22OK\data\kline_cache\2727.TW_ohlcv.csv
2731.TW,3y,1d,yfinance,C:\test\test-2026-3-22OK\data\kline_cache\2731.TW_ohlcv.csv
2739.TW,3y,1d,yfinance,C:\test\test-2026-3-22OK\data\kline_cache\2739.TW_ohlcv.csv
2748.TW,3y,1d,yfinance,C:\test\test-2026-3-22OK\data\kline_cache\2748.TW_ohlcv.csv
2753.TW,3y,1d,yfinance,C:\test\test-2026-3-22OK\data\kline_cache\2753.TW_ohlcv.csv
2762.TW,3y,1d,yfinance,C:\test\test-2026-3-22OK\data\kline_cache\2762.TW_ohlcv.csv
2801.TW,3y,1d,yfinance,C:\test\test-2026-3-22OK\data\kline_cache\2801.TW_ohlcv.csv
2812.TW,3y,1d,yfinance,C:\test\test-2026-3-22OK\data\kline_cache\2812.TW_ohlcv.csv
2816.TW,3y,1d,yfinance,C:\test\test-2026-3-22OK\data\kline_cache\2816.TW_ohlcv.csv
2820.TW,3y,1d,yfinance,C:\test\test-2026-3-22OK\data\kline_cache\2820.TW_ohlcv.csv
2832.TW,3y,1d,yfinance,C:\test\test-2026-3-22OK\data\kline_cache\2832.TW_ohlcv.csv
2834.TW,3y,1d,yfinance,C:\test\test-2026-3-22OK\data\kline_cache\2834.TW_ohlcv.csv
2836.TW,3y,1d,yfinance,C:\test\test-2026-3-22OK\data\kline_cache\2836.TW_ohlcv.csv
2838.TW,3y,1d,yfinance,C:\test\test-2026-3-22OK\data\kline_cache\2838.TW_ohlcv.csv
2845.TW,3y,1d,yfinance,C:\test\test-2026-3-22OK\data\kline_cache\2845.TW_ohlcv.csv
2849.TW,3y,1d,yfinance,C:\test\test-2026-3-22OK\data\kline_cache\2849.TW_ohlcv.csv
2850.TW,3y,1d,yfinance,C:\test\test-2026-3-22OK\data\kline_cache\2850.TW_ohlcv.csv
2851.TW,3y,1d,yfinance,C:\test\test-2026-3-22OK\data\kline_cache\2851.TW_ohlcv.csv
2852.TW,3y,1d,yfinance,C:\test\test-2026-3-22OK\data\kline_cache\2852.TW_ohlcv.csv
2855.TW,3y,1d,yfinance,C:\test\test-2026-3-22OK\data\kline_cache\2855.TW_ohlcv.csv
2867.TW,3y,1d,yfinance,C:\test\test-2026-3-22OK\data\kline_cache\2867.TW_ohlcv.csv
2880.TW,3y,1d,yfinance,C:\test\test-2026-3-22OK\data\kline_cache\2880.TW_ohlcv.csv
2881.TW,3y,1d,yfinance,C:\test\test-2026-3-22OK\data\kline_cache\2881.TW_ohlcv.csv
2882.TW,3y,1d,yfinance,C:\test\test-2026-3-22OK\data\kline_cache\2882.TW_ohlcv.csv
2883.TW,3y,1d,yfinance,C:\test\test-2026-3-22OK\data\kline_cache\2883.TW_ohlcv.csv
2884.TW,3y,1d,yfinance,C:\test\test-2026-3-22OK\data\kline_cache\2884.TW_ohlcv.csv
2885.TW,3y,1d,yfinance,C:\test\test-2026-3-22OK\data\kline_cache\2885.TW_ohlcv.csv
2886.TW,3y,1d,yfinance,C:\test\test-2026-3-22OK\data\kline_cache\2886.TW_ohlcv.csv
2887.TW,3y,1d,yfinance,C:\test\test-2026-3-22OK\data\kline_cache\2887.TW_ohlcv.csv
2889.TW,3y,1d,yfinance,C:\test\test-2026-3-22OK\data\kline_cache\2889.TW_ohlcv.csv
2890.TW,3y,1d,yfinance,C:\test\test-2026-3-22OK\data\kline_cache\2890.TW_ohlcv.csv
2891.TW,3y,1d,yfinance,C:\test\test-2026-3-22OK\data\kline_cache\2891.TW_ohlcv.csv
2892.TW,3y,1d,yfinance,C:\test\test-2026-3-22OK\data\kline_cache\2892.TW_ohlcv.csv
2897.TW,3y,1d,yfinance,C:\test\test-2026-3-22OK\data\kline_cache\2897.TW_ohlcv.csv
2901.TW,3y,1d,yfinance,C:\test\test-2026-3-22OK\data\kline_cache\2901.TW_ohlcv.csv
2903.TW,3y,1d,yfinance,C:\test\test-2026-3-22OK\data\kline_cache\2903.TW_ohlcv.csv
2904.TW,3y,1d,yfinance,C:\test\test-2026-3-22OK\data\kline_cache\2904.TW_ohlcv.csv
2905.TW,3y,1d,yfinance,C:\test\test-2026-3-22OK\data\kline_cache\2905.TW_ohlcv.csv
2906.TW,3y,1d,yfinance,C:\test\test-2026-3-22OK\data\kline_cache\2906.TW_ohlcv.csv
2908.TW,3y,1d,yfinance,C:\test\test-2026-3-22OK\data\kline_cache\2908.TW_ohlcv.csv
2910.TW,3y,1d,yfinance,C:\test\test-2026-3-22OK\data\kline_cache\2910.TW_ohlcv.csv
2911.TW,3y,1d,yfinance,C:\test\test-2026-3-22OK\data\kline_cache\2911.TW_ohlcv.csv
2912.TW,3y,1d,yfinance,C:\test\test-2026-3-22OK\data\kline_cache\2912.TW_ohlcv.csv
2913.TW,3y,1d,yfinance,C:\test\test-2026-3-22OK\data\kline_cache\2913.TW_ohlcv.csv
2915.TW,3y,1d,yfinance,C:\test\test-2026-3-22OK\data\kline_cache\2915.TW_ohlcv.csv
2923.TW,3y,1d,yfinance,C:\test\test-2026-3-22OK\data\kline_cache\2923.TW_ohlcv.csv
2929.TW,3y,1d,yfinance,C:\test\test-2026-3-22OK\data\kline_cache\2929.TW_ohlcv.csv
2939.TW,3y,1d,yfinance,C:\test\test-2026-3-22OK\data\kline_cache\2939.TW_ohlcv.csv
2945.TW,3y,1d,yfinance,C:\test\test-2026-3-22OK\data\kline_cache\2945.TW_ohlcv.csv
3002.TW,3y,1d,yfinance,C:\test\test-2026-3-22OK\data\kline_cache\3002.TW_ohlcv.csv
3003.TW,3y,1d,yfinance,C:\test\test-2026-3-22OK\data\kline_cache\3003.TW_ohlcv.csv
3004.TW,3y,1d,yfinance,C:\test\test-2026-3-22OK\data\kline_cache\3004.TW_ohlcv.csv
3005.TW,3y,1d,yfinance,C:\test\test-2026-3-22OK\data\kline_cache\3005.TW_ohlcv.csv
3006.TW,3y,1d,yfinance,C:\test\test-2026-3-22OK\data\kline_cache\3006.TW_ohlcv.csv
3008.TW,3y,1d,yfinance,C:\test\test-2026-3-22OK\data\kline_cache\3008.TW_ohlcv.csv
3010.TW,3y,1d,yfinance,C:\test\test-2026-3-22OK\data\kline_cache\3010.TW_ohlcv.csv
3011.TW,3y,1d,yfinance,C:\test\test-2026-3-22OK\data\kline_cache\3011.TW_ohlcv.csv
3013.TW,3y,1d,yfinance,C:\test\test-2026-3-22OK\data\kline_cache\3013.TW_ohlcv.csv
3014.TW,3y,1d,yfinance,C:\test\test-2026-3-22OK\data\kline_cache\3014.TW_ohlcv.csv
3015.TW,3y,1d,yfinance,C:\test\test-2026-3-22OK\data\kline_cache\3015.TW_ohlcv.csv
3016.TW,3y,1d,yfinance,C:\test\test-2026-3-22OK\data\kline_cache\3016.TW_ohlcv.csv
3017.TW,3y,1d,yfinance,C:\test\test-2026-3-22OK\data\kline_cache\3017.TW_ohlcv.csv
3019.TW,3y,1d,yfinance,C:\test\test-2026-3-22OK\data\kline_cache\3019.TW_ohlcv.csv
3021.TW,3y,1d,yfinance,C:\test\test-2026-3-22OK\data\kline_cache\3021.TW_ohlcv.csv
3022.TW,3y,1d,yfinance,C:\test\test-2026-3-22OK\data\kline_cache\3022.TW_ohlcv.csv
3023.TW,3y,1d,yfinance,C:\test\test-2026-3-22OK\data\kline_cache\3023.TW_ohlcv.csv
3024.TW,3y,1d,yfinance,C:\test\test-2026-3-22OK\data\kline_cache\3024.TW_ohlcv.csv
3025.TW,3y,1d,yfinance,C:\test\test-2026-3-22OK\data\kline_cache\3025.TW_ohlcv.csv
3026.TW,3y,1d,yfinance,C:\test\test-2026-3-22OK\data\kline_cache\3026.TW_ohlcv.csv
3027.TW,3y,1d,yfinance,C:\test\test-2026-3-22OK\data\kline_cache\3027.TW_ohlcv.csv
3028.TW,3y,1d,yfinance,C:\test\test-2026-3-22OK\data\kline_cache\3028.TW_ohlcv.csv
3029.TW,3y,1d,yfinance,C:\test\test-2026-3-22OK\data\kline_cache\3029.TW_ohlcv.csv
3030.TW,3y,1d,yfinance,C:\test\test-2026-3-22OK\data\kline_cache\3030.TW_ohlcv.csv
3031.TW,3y,1d,yfinance,C:\test\test-2026-3-22OK\data\kline_cache\3031.TW_ohlcv.csv
3032.TW,3y,1d,yfinance,C:\test\test-2026-3-22OK\data\kline_cache\3032.TW_ohlcv.csv
3033.TW,3y,1d,yfinance,C:\test\test-2026-3-22OK\data\kline_cache\3033.TW_ohlcv.csv
3034.TW,3y,1d,yfinance,C:\test\test-2026-3-22OK\data\kline_cache\3034.TW_ohlcv.csv
3035.TW,3y,1d,yfinance,C:\test\test-2026-3-22OK\data\kline_cache\3035.TW_ohlcv.csv
3036.TW,3y,1d,yfinance,C:\test\test-2026-3-22OK\data\kline_cache\3036.TW_ohlcv.csv
3037.TW,3y,1d,yfinance,C:\test\test-2026-3-22OK\data\kline_cache\3037.TW_ohlcv.csv
3038.TW,3y,1d,yfinance,C:\test\test-2026-3-22OK\data\kline_cache\3038.TW_ohlcv.csv
3040.TW,3y,1d,yfinance,C:\test\test-2026-3-22OK\data\kline_cache\3040.TW_ohlcv.csv
3041.TW,3y,1d,yfinance,C:\test\test-2026-3-22OK\data\kline_cache\3041.TW_ohlcv.csv
3042.TW,3y,1d,yfinance,C:\test\test-2026-3-22OK\data\kline_cache\3042.TW_ohlcv.csv
3043.TW,3y,1d,yfinance,C:\test\test-2026-3-22OK\data\kline_cache\3043.TW_ohlcv.csv
3044.TW,3y,1d,yfinance,C:\test\test-2026-3-22OK\data\kline_cache\3044.TW_ohlcv.csv
3045.TW,3y,1d,yfinance,C:\test\test-2026-3-22OK\data\kline_cache\3045.TW_ohlcv.csv
3046.TW,3y,1d,yfinance,C:\test\test-2026-3-22OK\data\kline_cache\3046.TW_ohlcv.csv
3047.TW,3y,1d,yfinance,C:\test\test-2026-3-22OK\data\kline_cache\3047.TW_ohlcv.csv
3048.TW,3y,1d,yfinance,C:\test\test-2026-3-22OK\data\kline_cache\3048.TW_ohlcv.csv
3049.TW,3y,1d,yfinance,C:\test\test-2026-3-22OK\data\kline_cache\3049.TW_ohlcv.csv
3050.TW,3y,1d,yfinance,C:\test\test-2026-3-22OK\data\kline_cache\3050.TW_ohlcv.csv
3051.TW,3y,1d,yfinance,C:\test\test-2026-3-22OK\data\kline_cache\3051.TW_ohlcv.csv
3052.TW,3y,1d,yfinance,C:\test\test-2026-3-22OK\data\kline_cache\3052.TW_ohlcv.csv
3054.TW,3y,1d,yfinance,C:\test\test-2026-3-22OK\data\kline_cache\3054.TW_ohlcv.csv
3055.TW,3y,1d,yfinance,C:\test\test-2026-3-22OK\data\kline_cache\3055.TW_ohlcv.csv
3056.TW,3y,1d,yfinance,C:\test\test-2026-3-22OK\data\kline_cache\3056.TW_ohlcv.csv
3057.TW,3y,1d,yfinance,C:\test\test-2026-3-22OK\data\kline_cache\3057.TW_ohlcv.csv
3058.TW,3y,1d,yfinance,C:\test\test-2026-3-22OK\data\kline_cache\3058.TW_ohlcv.csv
3059.TW,3y,1d,yfinance,C:\test\test-2026-3-22OK\data\kline_cache\3059.TW_ohlcv.csv
3060.TW,3y,1d,yfinance,C:\test\test-2026-3-22OK\data\kline_cache\3060.TW_ohlcv.csv
3062.TW,3y,1d,yfinance,C:\test\test-2026-3-22OK\data\kline_cache\3062.TW_ohlcv.csv
3090.TW,3y,1d,yfinance,C:\test\test-2026-3-22OK\data\kline_cache\3090.TW_ohlcv.csv
3092.TW,3y,1d,yfinance,C:\test\test-2026-3-22OK\data\kline_cache\3092.TW_ohlcv.csv
3094.TW,3y,1d,yfinance,C:\test\test-2026-3-22OK\data\kline_cache\3094.TW_ohlcv.csv
3130.TW,3y,1d,yfinance,C:\test\test-2026-3-22OK\data\kline_cache\3130.TW_ohlcv.csv
3135.TW,3y,1d,yfinance,C:\test\test-2026-3-22OK\data\kline_cache\3135.TW_ohlcv.csv
3138.TW,3y,1d,yfinance,C:\test\test-2026-3-22OK\data\kline_cache\3138.TW_ohlcv.csv
3149.TW,3y,1d,yfinance,C:\test\test-2026-3-22OK\data\kline_cache\3149.TW_ohlcv.csv
3150.TW,3y,1d,yfinance,C:\test\test-2026-3-22OK\data\kline_cache\3150.TW_ohlcv.csv
3164.TW,3y,1d,yfinance,C:\test\test-2026-3-22OK\data\kline_cache\3164.TW_ohlcv.csv
3167.TW,3y,1d,yfinance,C:\test\test-2026-3-22OK\data\kline_cache\3167.TW_ohlcv.csv
3168.TW,3y,1d,yfinance,C:\test\test-2026-3-22OK\data\kline_cache\3168.TW_ohlcv.csv
3189.TW,3y,1d,yfinance,C:\test\test-2026-3-22OK\data\kline_cache\3189.TW_ohlcv.csv
3209.TW,3y,1d,yfinance,C:\test\test-2026-3-22OK\data\kline_cache\3209.TW_ohlcv.csv
3229.TW,3y,1d,yfinance,C:\test\test-2026-3-22OK\data\kline_cache\3229.TW_ohlcv.csv
3231.TW,3y,1d,yfinance,C:\test\test-2026-3-22OK\data\kline_cache\3231.TW_ohlcv.csv
3257.TW,3y,1d,yfinance,C:\test\test-2026-3-22OK\data\kline_cache\3257.TW_ohlcv.csv
3266.TW,3y,1d,yfinance,C:\test\test-2026-3-22OK\data\kline_cache\3266.TW_ohlcv.csv
3296.TW,3y,1d,yfinance,C:\test\test-2026-3-22OK\data\kline_cache\3296.TW_ohlcv.csv
3305.TW,3y,1d,yfinance,C:\test\test-2026-3-22OK\data\kline_cache\3305.TW_ohlcv.csv
3308.TW,3y,1d,yfinance,C:\test\test-2026-3-22OK\data\kline_cache\3308.TW_ohlcv.csv
3311.TW,3y,1d,yfinance,C:\test\test-2026-3-22OK\data\kline_cache\3311.TW_ohlcv.csv
3312.TW,3y,1d,yfinance,C:\test\test-2026-3-22OK\data\kline_cache\3312.TW_ohlcv.csv
3321.TW,3y,1d,yfinance,C:\test\test-2026-3-22OK\data\kline_cache\3321.TW_ohlcv.csv
3338.TW,3y,1d,yfinance,C:\test\test-2026-3-22OK\data\kline_cache\3338.TW_ohlcv.csv
3346.TW,3y,1d,yfinance,C:\test\test-2026-3-22OK\data\kline_cache\3346.TW_ohlcv.csv
3356.TW,3y,1d,yfinance,C:\test\test-2026-3-22OK\data\kline_cache\3356.TW_ohlcv.csv
3376.TW,3y,1d,yfinance,C:\test\test-2026-3-22OK\data\kline_cache\3376.TW_ohlcv.csv
3380.TW,3y,1d,yfinance,C:\test\test-2026-3-22OK\data\kline_cache\3380.TW_ohlcv.csv
3406.TW,3y,1d,yfinance,C:\test\test-2026-3-22OK\data\kline_cache\3406.TW_ohlcv.csv
3413.TW,3y,1d,yfinance,C:\test\test-2026-3-22OK\data\kline_cache\3413.TW_ohlcv.csv
3416.TW,3y,1d,yfinance,C:\test\test-2026-3-22OK\data\kline_cache\3416.TW_ohlcv.csv
3419.TW,3y,1d,yfinance,C:\test\test-2026-3-22OK\data\kline_cache\3419.TW_ohlcv.csv
3432.TW,3y,1d,yfinance,C:\test\test-2026-3-22OK\data\kline_cache\3432.TW_ohlcv.csv
3437.TW,3y,1d,yfinance,C:\test\test-2026-3-22OK\data\kline_cache\3437.TW_ohlcv.csv
3443.TW,3y,1d,yfinance,C:\test\test-2026-3-22OK\data\kline_cache\3443.TW_ohlcv.csv
3447.TW,3y,1d,yfinance,C:\test\test-2026-3-22OK\data\kline_cache\3447.TW_ohlcv.csv
3450.TW,3y,1d,yfinance,C:\test\test-2026-3-22OK\data\kline_cache\3450.TW_ohlcv.csv
3481.TW,3y,1d,yfinance,C:\test\test-2026-3-22OK\data\kline_cache\3481.TW_ohlcv.csv
3494.TW,3y,1d,yfinance,C:\test\test-2026-3-22OK\data\kline_cache\3494.TW_ohlcv.csv
3501.TW,3y,1d,yfinance,C:\test\test-2026-3-22OK\data\kline_cache\3501.TW_ohlcv.csv
3504.TW,3y,1d,yfinance,C:\test\test-2026-3-22OK\data\kline_cache\3504.TW_ohlcv.csv
3515.TW,3y,1d,yfinance,C:\test\test-2026-3-22OK\data\kline_cache\3515.TW_ohlcv.csv
3518.TW,3y,1d,yfinance,C:\test\test-2026-3-22OK\data\kline_cache\3518.TW_ohlcv.csv
3528.TW,3y,1d,yfinance,C:\test\test-2026-3-22OK\data\kline_cache\3528.TW_ohlcv.csv
3530.TW,3y,1d,yfinance,C:\test\test-2026-3-22OK\data\kline_cache\3530.TW_ohlcv.csv
3532.TW,3y,1d,yfinance,C:\test\test-2026-3-22OK\data\kline_cache\3532.TW_ohlcv.csv
3533.TW,3y,1d,yfinance,C:\test\test-2026-3-22OK\data\kline_cache\3533.TW_ohlcv.csv
3535.TW,3y,1d,yfinance,C:\test\test-2026-3-22OK\data\kline_cache\3535.TW_ohlcv.csv
3543.TW,3y,1d,yfinance,C:\test\test-2026-3-22OK\data\kline_cache\3543.TW_ohlcv.csv
3545.TW,3y,1d,yfinance,C:\test\test-2026-3-22OK\data\kline_cache\3545.TW_ohlcv.csv
3550.TW,3y,1d,yfinance,C:\test\test-2026-3-22OK\data\kline_cache\3550.TW_ohlcv.csv
3557.TW,3y,1d,yfinance,C:\test\test-2026-3-22OK\data\kline_cache\3557.TW_ohlcv.csv
3563.TW,3y,1d,yfinance,C:\test\test-2026-3-22OK\data\kline_cache\3563.TW_ohlcv.csv
3576.TW,3y,1d,yfinance,C:\test\test-2026-3-22OK\data\kline_cache\3576.TW_ohlcv.csv
3583.TW,3y,1d,yfinance,C:\test\test-2026-3-22OK\data\kline_cache\3583.TW_ohlcv.csv
3588.TW,3y,1d,yfinance,C:\test\test-2026-3-22OK\data\kline_cache\3588.TW_ohlcv.csv
3591.TW,3y,1d,yfinance,C:\test\test-2026-3-22OK\data\kline_cache\3591.TW_ohlcv.csv
3592.TW,3y,1d,yfinance,C:\test\test-2026-3-22OK\data\kline_cache\3592.TW_ohlcv.csv
3593.TW,3y,1d,yfinance,C:\test\test-2026-3-22OK\data\kline_cache\3593.TW_ohlcv.csv
3596.TW,3y,1d,yfinance,C:\test\test-2026-3-22OK\data\kline_cache\3596.TW_ohlcv.csv
3605.TW,3y,1d,yfinance,C:\test\test-2026-3-22OK\data\kline_cache\3605.TW_ohlcv.csv
3607.TW,3y,1d,yfinance,C:\test\test-2026-3-22OK\data\kline_cache\3607.TW_ohlcv.csv
3617.TW,3y,1d,yfinance,C:\test\test-2026-3-22OK\data\kline_cache\3617.TW_ohlcv.csv
3622.TW,3y,1d,yfinance,C:\test\test-2026-3-22OK\data\kline_cache\3622.TW_ohlcv.csv
3645.TW,3y,1d,yfinance,C:\test\test-2026-3-22OK\data\kline_cache\3645.TW_ohlcv.csv
3652.TW,3y,1d,yfinance,C:\test\test-2026-3-22OK\data\kline_cache\3652.TW_ohlcv.csv
3653.TW,3y,1d,yfinance,C:\test\test-2026-3-22OK\data\kline_cache\3653.TW_ohlcv.csv
3661.TW,3y,1d,yfinance,C:\test\test-2026-3-22OK\data\kline_cache\3661.TW_ohlcv.csv
3665.TW,3y,1d,yfinance,C:\test\test-2026-3-22OK\data\kline_cache\3665.TW_ohlcv.csv
3669.TW,3y,1d,yfinance,C:\test\test-2026-3-22OK\data\kline_cache\3669.TW_ohlcv.csv
3673.TW,3y,1d,yfinance,C:\test\test-2026-3-22OK\data\kline_cache\3673.TW_ohlcv.csv
3679.TW,3y,1d,yfinance,C:\test\test-2026-3-22OK\data\kline_cache\3679.TW_ohlcv.csv
3686.TW,3y,1d,yfinance,C:\test\test-2026-3-22OK\data\kline_cache\3686.TW_ohlcv.csv
3694.TW,3y,1d,yfinance,C:\test\test-2026-3-22OK\data\kline_cache\3694.TW_ohlcv.csv
3701.TW,3y,1d,yfinance,C:\test\test-2026-3-22OK\data\kline_cache\3701.TW_ohlcv.csv
3702.TW,3y,1d,yfinance,C:\test\test-2026-3-22OK\data\kline_cache\3702.TW_ohlcv.csv
3703.TW,3y,1d,yfinance,C:\test\test-2026-3-22OK\data\kline_cache\3703.TW_ohlcv.csv
3704.TW,3y,1d,yfinance,C:\test\test-2026-3-22OK\data\kline_cache\3704.TW_ohlcv.csv
3705.TW,3y,1d,yfinance,C:\test\test-2026-3-22OK\data\kline_cache\3705.TW_ohlcv.csv
3706.TW,3y,1d,yfinance,C:\test\test-2026-3-22OK\data\kline_cache\3706.TW_ohlcv.csv
3708.TW,3y,1d,yfinance,C:\test\test-2026-3-22OK\data\kline_cache\3708.TW_ohlcv.csv
3711.TW,3y,1d,yfinance,C:\test\test-2026-3-22OK\data\kline_cache\3711.TW_ohlcv.csv
3712.TW,3y,1d,yfinance,C:\test\test-2026-3-22OK\data\kline_cache\3712.TW_ohlcv.csv
3714.TW,3y,1d,yfinance,C:\test\test-2026-3-22OK\data\kline_cache\3714.TW_ohlcv.csv
3715.TW,3y,1d,yfinance,C:\test\test-2026-3-22OK\data\kline_cache\3715.TW_ohlcv.csv
3716.TW,3y,1d,yfinance,C:\test\test-2026-3-22OK\data\kline_cache\3716.TW_ohlcv.csv
4104.TW,3y,1d,yfinance,C:\test\test-2026-3-22OK\data\kline_cache\4104.TW_ohlcv.csv
4106.TW,3y,1d,yfinance,C:\test\test-2026-3-22OK\data\kline_cache\4106.TW_ohlcv.csv
4108.TW,3y,1d,yfinance,C:\test\test-2026-3-22OK\data\kline_cache\4108.TW_ohlcv.csv
4119.TW,3y,1d,yfinance,C:\test\test-2026-3-22OK\data\kline_cache\4119.TW_ohlcv.csv
4133.TW,3y,1d,yfinance,C:\test\test-2026-3-22OK\data\kline_cache\4133.TW_ohlcv.csv
4137.TW,3y,1d,yfinance,C:\test\test-2026-3-22OK\data\kline_cache\4137.TW_ohlcv.csv
4142.TW,3y,1d,yfinance,C:\test\test-2026-3-22OK\data\kline_cache\4142.TW_ohlcv.csv
4148.TW,3y,1d,yfinance,C:\test\test-2026-3-22OK\data\kline_cache\4148.TW_ohlcv.csv
4155.TW,3y,1d,yfinance,C:\test\test-2026-3-22OK\data\kline_cache\4155.TW_ohlcv.csv
4164.TW,3y,1d,yfinance,C:\test\test-2026-3-22OK\data\kline_cache\4164.TW_ohlcv.csv
4190.TW,3y,1d,yfinance,C:\test\test-2026-3-22OK\data\kline_cache\4190.TW_ohlcv.csv
4306.TW,3y,1d,yfinance,C:\test\test-2026-3-22OK\data\kline_cache\4306.TW_ohlcv.csv
4414.TW,3y,1d,yfinance,C:\test\test-2026-3-22OK\data\kline_cache\4414.TW_ohlcv.csv
4426.TW,3y,1d,yfinance,C:\test\test-2026-3-22OK\data\kline_cache\4426.TW_ohlcv.csv
4438.TW,3y,1d,yfinance,C:\test\test-2026-3-22OK\data\kline_cache\4438.TW_ohlcv.csv
4439.TW,3y,1d,yfinance,C:\test\test-2026-3-22OK\data\kline_cache\4439.TW_ohlcv.csv
4440.TW,3y,1d,yfinance,C:\test\test-2026-3-22OK\data\kline_cache\4440.TW_ohlcv.csv
4441.TW,3y,1d,yfinance,C:\test\test-2026-3-22OK\data\kline_cache\4441.TW_ohlcv.csv
4526.TW,3y,1d,yfinance,C:\test\test-2026-3-22OK\data\kline_cache\4526.TW_ohlcv.csv
4532.TW,3y,1d,yfinance,C:\test\test-2026-3-22OK\data\kline_cache\4532.TW_ohlcv.csv
4536.TW,3y,1d,yfinance,C:\test\test-2026-3-22OK\data\kline_cache\4536.TW_ohlcv.csv
4540.TW,3y,1d,yfinance,C:\test\test-2026-3-22OK\data\kline_cache\4540.TW_ohlcv.csv
4545.TW,3y,1d,yfinance,C:\test\test-2026-3-22OK\data\kline_cache\4545.TW_ohlcv.csv
4551.TW,3y,1d,yfinance,C:\test\test-2026-3-22OK\data\kline_cache\4551.TW_ohlcv.csv
4552.TW,3y,1d,yfinance,C:\test\test-2026-3-22OK\data\kline_cache\4552.TW_ohlcv.csv
4555.TW,3y,1d,yfinance,C:\test\test-2026-3-22OK\data\kline_cache\4555.TW_ohlcv.csv
4557.TW,3y,1d,yfinance,C:\test\test-2026-3-22OK\data\kline_cache\4557.TW_ohlcv.csv
4560.TW,3y,1d,yfinance,C:\test\test-2026-3-22OK\data\kline_cache\4560.TW_ohlcv.csv
4562.TW,3y,1d,yfinance,C:\test\test-2026-3-22OK\data\kline_cache\4562.TW_ohlcv.csv
4564.TW,3y,1d,yfinance,C:\test\test-2026-3-22OK\data\kline_cache\4564.TW_ohlcv.csv
4566.TW,3y,1d,yfinance,C:\test\test-2026-3-22OK\data\kline_cache\4566.TW_ohlcv.csv
4569.TW,3y,1d,yfinance,C:\test\test-2026-3-22OK\data\kline_cache\4569.TW_ohlcv.csv
4571.TW,3y,1d,yfinance,C:\test\test-2026-3-22OK\data\kline_cache\4571.TW_ohlcv.csv
4572.TW,3y,1d,yfinance,C:\test\test-2026-3-22OK\data\kline_cache\4572.TW_ohlcv.csv
4576.TW,3y,1d,yfinance,C:\test\test-2026-3-22OK\data\kline_cache\4576.TW_ohlcv.csv
4581.TW,3y,1d,yfinance,C:\test\test-2026-3-22OK\data\kline_cache\4581.TW_ohlcv.csv
4583.TW,3y,1d,yfinance,C:\test\test-2026-3-22OK\data\kline_cache\4583.TW_ohlcv.csv
4585.TW,3y,1d,yfinance,C:\test\test-2026-3-22OK\data\kline_cache\4585.TW_ohlcv.csv
4588.TW,3y,1d,yfinance,C:\test\test-2026-3-22OK\data\kline_cache\4588.TW_ohlcv.csv
4590.TW,3y,1d,yfinance,C:\test\test-2026-3-22OK\data\kline_cache\4590.TW_ohlcv.csv
4720.TW,3y,1d,yfinance,C:\test\test-2026-3-22OK\data\kline_cache\4720.TW_ohlcv.csv
4722.TW,3y,1d,yfinance,C:\test\test-2026-3-22OK\data\kline_cache\4722.TW_ohlcv.csv
4736.TW,3y,1d,yfinance,C:\test\test-2026-3-22OK\data\kline_cache\4736.TW_ohlcv.csv
4737.TW,3y,1d,yfinance,C:\test\test-2026-3-22OK\data\kline_cache\4737.TW_ohlcv.csv
4739.TW,3y,1d,yfinance,C:\test\test-2026-3-22OK\data\kline_cache\4739.TW_ohlcv.csv
4746.TW,3y,1d,yfinance,C:\test\test-2026-3-22OK\data\kline_cache\4746.TW_ohlcv.csv
4755.TW,3y,1d,yfinance,C:\test\test-2026-3-22OK\data\kline_cache\4755.TW_ohlcv.csv
4763.TW,3y,1d,yfinance,C:\test\test-2026-3-22OK\data\kline_cache\4763.TW_ohlcv.csv
4764.TW,3y,1d,yfinance,C:\test\test-2026-3-22OK\data\kline_cache\4764.TW_ohlcv.csv
4766.TW,3y,1d,yfinance,C:\test\test-2026-3-22OK\data\kline_cache\4766.TW_ohlcv.csv
4770.TW,3y,1d,yfinance,C:\test\test-2026-3-22OK\data\kline_cache\4770.TW_ohlcv.csv
4771.TW,3y,1d,yfinance,C:\test\test-2026-3-22OK\data\kline_cache\4771.TW_ohlcv.csv
4807.TW,3y,1d,yfinance,C:\test\test-2026-3-22OK\data\kline_cache\4807.TW_ohlcv.csv
4904.TW,3y,1d,yfinance,C:\test\test-2026-3-22OK\data\kline_cache\4904.TW_ohlcv.csv
4906.TW,3y,1d,yfinance,C:\test\test-2026-3-22OK\data\kline_cache\4906.TW_ohlcv.csv
4912.TW,3y,1d,yfinance,C:\test\test-2026-3-22OK\data\kline_cache\4912.TW_ohlcv.csv
4915.TW,3y,1d,yfinance,C:\test\test-2026-3-22OK\data\kline_cache\4915.TW_ohlcv.csv
4916.TW,3y,1d,yfinance,C:\test\test-2026-3-22OK\data\kline_cache\4916.TW_ohlcv.csv
4919.TW,3y,1d,yfinance,C:\test\test-2026-3-22OK\data\kline_cache\4919.TW_ohlcv.csv
4927.TW,3y,1d,yfinance,C:\test\test-2026-3-22OK\data\kline_cache\4927.TW_ohlcv.csv
4930.TW,3y,1d,yfinance,C:\test\test-2026-3-22OK\data\kline_cache\4930.TW_ohlcv.csv
4934.TW,3y,1d,yfinance,C:\test\test-2026-3-22OK\data\kline_cache\4934.TW_ohlcv.csv
4935.TW,3y,1d,yfinance,C:\test\test-2026-3-22OK\data\kline_cache\4935.TW_ohlcv.csv
4938.TW,3y,1d,yfinance,C:\test\test-2026-3-22OK\data\kline_cache\4938.TW_ohlcv.csv
4942.TW,3y,1d,yfinance,C:\test\test-2026-3-22OK\data\kline_cache\4942.TW_ohlcv.csv
4949.TW,3y,1d,yfinance,C:\test\test-2026-3-22OK\data\kline_cache\4949.TW_ohlcv.csv
4952.TW,3y,1d,yfinance,C:\test\test-2026-3-22OK\data\kline_cache\4952.TW_ohlcv.csv
4956.TW,3y,1d,yfinance,C:\test\test-2026-3-22OK\data\kline_cache\4956.TW_ohlcv.csv
4958.TW,3y,1d,yfinance,C:\test\test-2026-3-22OK\data\kline_cache\4958.TW_ohlcv.csv
4960.TW,3y,1d,yfinance,C:\test\test-2026-3-22OK\data\kline_cache\4960.TW_ohlcv.csv
4961.TW,3y,1d,yfinance,C:\test\test-2026-3-22OK\data\kline_cache\4961.TW_ohlcv.csv
4967.TW,3y,1d,yfinance,C:\test\test-2026-3-22OK\data\kline_cache\4967.TW_ohlcv.csv
4968.TW,3y,1d,yfinance,C:\test\test-2026-3-22OK\data\kline_cache\4968.TW_ohlcv.csv
4976.TW,3y,1d,yfinance,C:\test\test-2026-3-22OK\data\kline_cache\4976.TW_ohlcv.csv
4977.TW,3y,1d,yfinance,C:\test\test-2026-3-22OK\data\kline_cache\4977.TW_ohlcv.csv
4989.TW,3y,1d,yfinance,C:\test\test-2026-3-22OK\data\kline_cache\4989.TW_ohlcv.csv
4994.TW,3y,1d,yfinance,C:\test\test-2026-3-22OK\data\kline_cache\4994.TW_ohlcv.csv
4999.TW,3y,1d,yfinance,C:\test\test-2026-3-22OK\data\kline_cache\4999.TW_ohlcv.csv
5007.TW,3y,1d,yfinance,C:\test\test-2026-3-22OK\data\kline_cache\5007.TW_ohlcv.csv
5203.TW,3y,1d,yfinance,C:\test\test-2026-3-22OK\data\kline_cache\5203.TW_ohlcv.csv
5215.TW,3y,1d,yfinance,C:\test\test-2026-3-22OK\data\kline_cache\5215.TW_ohlcv.csv
5222.TW,3y,1d,yfinance,C:\test\test-2026-3-22OK\data\kline_cache\5222.TW_ohlcv.csv
5225.TW,3y,1d,yfinance,C:\test\test-2026-3-22OK\data\kline_cache\5225.TW_ohlcv.csv
5234.TW,3y,1d,yfinance,C:\test\test-2026-3-22OK\data\kline_cache\5234.TW_ohlcv.csv
5243.TW,3y,1d,yfinance,C:\test\test-2026-3-22OK\data\kline_cache\5243.TW_ohlcv.csv
5244.TW,3y,1d,yfinance,C:\test\test-2026-3-22OK\data\kline_cache\5244.TW_ohlcv.csv
5258.TW,3y,1d,yfinance,C:\test\test-2026-3-22OK\data\kline_cache\5258.TW_ohlcv.csv
5269.TW,3y,1d,yfinance,C:\test\test-2026-3-22OK\data\kline_cache\5269.TW_ohlcv.csv
5283.TW,3y,1d,yfinance,C:\test\test-2026-3-22OK\data\kline_cache\5283.TW_ohlcv.csv
5284.TW,3y,1d,yfinance,C:\test\test-2026-3-22OK\data\kline_cache\5284.TW_ohlcv.csv
5285.TW,3y,1d,yfinance,C:\test\test-2026-3-22OK\data\kline_cache\5285.TW_ohlcv.csv
5288.TW,3y,1d,yfinance,C:\test\test-2026-3-22OK\data\kline_cache\5288.TW_ohlcv.csv
5292.TW,3y,1d,yfinance,C:\test\test-2026-3-22OK\data\kline_cache\5292.TW_ohlcv.csv
5306.TW,3y,1d,yfinance,C:\test\test-2026-3-22OK\data\kline_cache\5306.TW_ohlcv.csv
5388.TW,3y,1d,yfinance,C:\test\test-2026-3-22OK\data\kline_cache\5388.TW_ohlcv.csv
5434.TW,3y,1d,yfinance,C:\test\test-2026-3-22OK\data\kline_cache\5434.TW_ohlcv.csv
5469.TW,3y,1d,yfinance,C:\test\test-2026-3-22OK\data\kline_cache\5469.TW_ohlcv.csv
5471.TW,3y,1d,yfinance,C:\test\test-2026-3-22OK\data\kline_cache\5471.TW_ohlcv.csv
5484.TW,3y,1d,yfinance,C:\test\test-2026-3-22OK\data\kline_cache\5484.TW_ohlcv.csv
5515.TW,3y,1d,yfinance,C:\test\test-2026-3-22OK\data\kline_cache\5515.TW_ohlcv.csv
5519.TW,3y,1d,yfinance,C:\test\test-2026-3-22OK\data\kline_cache\5519.TW_ohlcv.csv
5521.TW,3y,1d,yfinance,C:\test\test-2026-3-22OK\data\kline_cache\5521.TW_ohlcv.csv
5522.TW,3y,1d,yfinance,C:\test\test-2026-3-22OK\data\kline_cache\5522.TW_ohlcv.csv
5525.TW,3y,1d,yfinance,C:\test\test-2026-3-22OK\data\kline_cache\5525.TW_ohlcv.csv
5531.TW,3y,1d,yfinance,C:\test\test-2026-3-22OK\data\kline_cache\5531.TW_ohlcv.csv
5533.TW,3y,1d,yfinance,C:\test\test-2026-3-22OK\data\kline_cache\5533.TW_ohlcv.csv
5534.TW,3y,1d,yfinance,C:\test\test-2026-3-22OK\data\kline_cache\5534.TW_ohlcv.csv
5538.TW,3y,1d,yfinance,C:\test\test-2026-3-22OK\data\kline_cache\5538.TW_ohlcv.csv
5546.TW,3y,1d,yfinance,C:\test\test-2026-3-22OK\data\kline_cache\5546.TW_ohlcv.csv
5607.TW,3y,1d,yfinance,C:\test\test-2026-3-22OK\data\kline_cache\5607.TW_ohlcv.csv
5608.TW,3y,1d,yfinance,C:\test\test-2026-3-22OK\data\kline_cache\5608.TW_ohlcv.csv
5706.TW,3y,1d,yfinance,C:\test\test-2026-3-22OK\data\kline_cache\5706.TW_ohlcv.csv
5871.TW,3y,1d,yfinance,C:\test\test-2026-3-22OK\data\kline_cache\5871.TW_ohlcv.csv
5876.TW,3y,1d,yfinance,C:\test\test-2026-3-22OK\data\kline_cache\5876.TW_ohlcv.csv
5880.TW,3y,1d,yfinance,C:\test\test-2026-3-22OK\data\kline_cache\5880.TW_ohlcv.csv
5906.TW,3y,1d,yfinance,C:\test\test-2026-3-22OK\data\kline_cache\5906.TW_ohlcv.csv
5907.TW,3y,1d,yfinance,C:\test\test-2026-3-22OK\data\kline_cache\5907.TW_ohlcv.csv
6005.TW,3y,1d,yfinance,C:\test\test-2026-3-22OK\data\kline_cache\6005.TW_ohlcv.csv
6024.TW,3y,1d,yfinance,C:\test\test-2026-3-22OK\data\kline_cache\6024.TW_ohlcv.csv
6108.TW,3y,1d,yfinance,C:\test\test-2026-3-22OK\data\kline_cache\6108.TW_ohlcv.csv
6112.TW,3y,1d,yfinance,C:\test\test-2026-3-22OK\data\kline_cache\6112.TW_ohlcv.csv
6115.TW,3y,1d,yfinance,C:\test\test-2026-3-22OK\data\kline_cache\6115.TW_ohlcv.csv
6116.TW,3y,1d,yfinance,C:\test\test-2026-3-22OK\data\kline_cache\6116.TW_ohlcv.csv
6117.TW,3y,1d,yfinance,C:\test\test-2026-3-22OK\data\kline_cache\6117.TW_ohlcv.csv
6120.TW,3y,1d,yfinance,C:\test\test-2026-3-22OK\data\kline_cache\6120.TW_ohlcv.csv
6128.TW,3y,1d,yfinance,C:\test\test-2026-3-22OK\data\kline_cache\6128.TW_ohlcv.csv
6133.TW,3y,1d,yfinance,C:\test\test-2026-3-22OK\data\kline_cache\6133.TW_ohlcv.csv
6136.TW,3y,1d,yfinance,C:\test\test-2026-3-22OK\data\kline_cache\6136.TW_ohlcv.csv
6139.TW,3y,1d,yfinance,C:\test\test-2026-3-22OK\data\kline_cache\6139.TW_ohlcv.csv
6141.TW,3y,1d,yfinance,C:\test\test-2026-3-22OK\data\kline_cache\6141.TW_ohlcv.csv
6142.TW,3y,1d,yfinance,C:\test\test-2026-3-22OK\data\kline_cache\6142.TW_ohlcv.csv
6152.TW,3y,1d,yfinance,C:\test\test-2026-3-22OK\data\kline_cache\6152.TW_ohlcv.csv
6153.TW,3y,1d,yfinance,C:\test\test-2026-3-22OK\data\kline_cache\6153.TW_ohlcv.csv
6155.TW,3y,1d,yfinance,C:\test\test-2026-3-22OK\data\kline_cache\6155.TW_ohlcv.csv
6164.TW,3y,1d,yfinance,C:\test\test-2026-3-22OK\data\kline_cache\6164.TW_ohlcv.csv
6165.TW,3y,1d,yfinance,C:\test\test-2026-3-22OK\data\kline_cache\6165.TW_ohlcv.csv
6166.TW,3y,1d,yfinance,C:\test\test-2026-3-22OK\data\kline_cache\6166.TW_ohlcv.csv
6168.TW,3y,1d,yfinance,C:\test\test-2026-3-22OK\data\kline_cache\6168.TW_ohlcv.csv
6176.TW,3y,1d,yfinance,C:\test\test-2026-3-22OK\data\kline_cache\6176.TW_ohlcv.csv
6177.TW,3y,1d,yfinance,C:\test\test-2026-3-22OK\data\kline_cache\6177.TW_ohlcv.csv
6183.TW,3y,1d,yfinance,C:\test\test-2026-3-22OK\data\kline_cache\6183.TW_ohlcv.csv
6184.TW,3y,1d,yfinance,C:\test\test-2026-3-22OK\data\kline_cache\6184.TW_ohlcv.csv
6189.TW,3y,1d,yfinance,C:\test\test-2026-3-22OK\data\kline_cache\6189.TW_ohlcv.csv
6191.TW,3y,1d,yfinance,C:\test\test-2026-3-22OK\data\kline_cache\6191.TW_ohlcv.csv
6192.TW,3y,1d,yfinance,C:\test\test-2026-3-22OK\data\kline_cache\6192.TW_ohlcv.csv
6196.TW,3y,1d,yfinance,C:\test\test-2026-3-22OK\data\kline_cache\6196.TW_ohlcv.csv
6197.TW,3y,1d,yfinance,C:\test\test-2026-3-22OK\data\kline_cache\6197.TW_ohlcv.csv
6201.TW,3y,1d,yfinance,C:\test\test-2026-3-22OK\data\kline_cache\6201.TW_ohlcv.csv
6202.TW,3y,1d,yfinance,C:\test\test-2026-3-22OK\data\kline_cache\6202.TW_ohlcv.csv
6205.TW,3y,1d,yfinance,C:\test\test-2026-3-22OK\data\kline_cache\6205.TW_ohlcv.csv
6206.TW,3y,1d,yfinance,C:\test\test-2026-3-22OK\data\kline_cache\6206.TW_ohlcv.csv
6209.TW,3y,1d,yfinance,C:\test\test-2026-3-22OK\data\kline_cache\6209.TW_ohlcv.csv
6213.TW,3y,1d,yfinance,C:\test\test-2026-3-22OK\data\kline_cache\6213.TW_ohlcv.csv
6214.TW,3y,1d,yfinance,C:\test\test-2026-3-22OK\data\kline_cache\6214.TW_ohlcv.csv
6215.TW,3y,1d,yfinance,C:\test\test-2026-3-22OK\data\kline_cache\6215.TW_ohlcv.csv
6216.TW,3y,1d,yfinance,C:\test\test-2026-3-22OK\data\kline_cache\6216.TW_ohlcv.csv
6224.TW,3y,1d,yfinance,C:\test\test-2026-3-22OK\data\kline_cache\6224.TW_ohlcv.csv
6226.TW,3y,1d,yfinance,C:\test\test-2026-3-22OK\data\kline_cache\6226.TW_ohlcv.csv
6230.TW,3y,1d,yfinance,C:\test\test-2026-3-22OK\data\kline_cache\6230.TW_ohlcv.csv
6235.TW,3y,1d,yfinance,C:\test\test-2026-3-22OK\data\kline_cache\6235.TW_ohlcv.csv
6239.TW,3y,1d,yfinance,C:\test\test-2026-3-22OK\data\kline_cache\6239.TW_ohlcv.csv
6243.TW,3y,1d,yfinance,C:\test\test-2026-3-22OK\data\kline_cache\6243.TW_ohlcv.csv
6257.TW,3y,1d,yfinance,C:\test\test-2026-3-22OK\data\kline_cache\6257.TW_ohlcv.csv
6269.TW,3y,1d,yfinance,C:\test\test-2026-3-22OK\data\kline_cache\6269.TW_ohlcv.csv
6271.TW,3y,1d,yfinance,C:\test\test-2026-3-22OK\data\kline_cache\6271.TW_ohlcv.csv
6272.TW,3y,1d,yfinance,C:\test\test-2026-3-22OK\data\kline_cache\6272.TW_ohlcv.csv
6277.TW,3y,1d,yfinance,C:\test\test-2026-3-22OK\data\kline_cache\6277.TW_ohlcv.csv
6278.TW,3y,1d,yfinance,C:\test\test-2026-3-22OK\data\kline_cache\6278.TW_ohlcv.csv
6281.TW,3y,1d,yfinance,C:\test\test-2026-3-22OK\data\kline_cache\6281.TW_ohlcv.csv
6282.TW,3y,1d,yfinance,C:\test\test-2026-3-22OK\data\kline_cache\6282.TW_ohlcv.csv
6283.TW,3y,1d,yfinance,C:\test\test-2026-3-22OK\data\kline_cache\6283.TW_ohlcv.csv
6285.TW,3y,1d,yfinance,C:\test\test-2026-3-22OK\data\kline_cache\6285.TW_ohlcv.csv
6405.TW,3y,1d,yfinance,C:\test\test-2026-3-22OK\data\kline_cache\6405.TW_ohlcv.csv
6409.TW,3y,1d,yfinance,C:\test\test-2026-3-22OK\data\kline_cache\6409.TW_ohlcv.csv
6412.TW,3y,1d,yfinance,C:\test\test-2026-3-22OK\data\kline_cache\6412.TW_ohlcv.csv
6414.TW,3y,1d,yfinance,C:\test\test-2026-3-22OK\data\kline_cache\6414.TW_ohlcv.csv
6415.TW,3y,1d,yfinance,C:\test\test-2026-3-22OK\data\kline_cache\6415.TW_ohlcv.csv
6416.TW,3y,1d,yfinance,C:\test\test-2026-3-22OK\data\kline_cache\6416.TW_ohlcv.csv
6426.TW,3y,1d,yfinance,C:\test\test-2026-3-22OK\data\kline_cache\6426.TW_ohlcv.csv
6431.TW,3y,1d,yfinance,C:\test\test-2026-3-22OK\data\kline_cache\6431.TW_ohlcv.csv
6438.TW,3y,1d,yfinance,C:\test\test-2026-3-22OK\data\kline_cache\6438.TW_ohlcv.csv
6442.TW,3y,1d,yfinance,C:\test\test-2026-3-22OK\data\kline_cache\6442.TW_ohlcv.csv
6443.TW,3y,1d,yfinance,C:\test\test-2026-3-22OK\data\kline_cache\6443.TW_ohlcv.csv
6446.TW,3y,1d,yfinance,C:\test\test-2026-3-22OK\data\kline_cache\6446.TW_ohlcv.csv
6449.TW,3y,1d,yfinance,C:\test\test-2026-3-22OK\data\kline_cache\6449.TW_ohlcv.csv
6451.TW,3y,1d,yfinance,C:\test\test-2026-3-22OK\data\kline_cache\6451.TW_ohlcv.csv
6456.TW,3y,1d,yfinance,C:\test\test-2026-3-22OK\data\kline_cache\6456.TW_ohlcv.csv
6464.TW,3y,1d,yfinance,C:\test\test-2026-3-22OK\data\kline_cache\6464.TW_ohlcv.csv
6472.TW,3y,1d,yfinance,C:\test\test-2026-3-22OK\data\kline_cache\6472.TW_ohlcv.csv
6477.TW,3y,1d,yfinance,C:\test\test-2026-3-22OK\data\kline_cache\6477.TW_ohlcv.csv
6491.TW,3y,1d,yfinance,C:\test\test-2026-3-22OK\data\kline_cache\6491.TW_ohlcv.csv
6504.TW,3y,1d,yfinance,C:\test\test-2026-3-22OK\data\kline_cache\6504.TW_ohlcv.csv
6505.TW,3y,1d,yfinance,C:\test\test-2026-3-22OK\data\kline_cache\6505.TW_ohlcv.csv
6515.TW,3y,1d,yfinance,C:\test\test-2026-3-22OK\data\kline_cache\6515.TW_ohlcv.csv
6525.TW,3y,1d,yfinance,C:\test\test-2026-3-22OK\data\kline_cache\6525.TW_ohlcv.csv
6526.TW,3y,1d,yfinance,C:\test\test-2026-3-22OK\data\kline_cache\6526.TW_ohlcv.csv
6531.TW,3y,1d,yfinance,C:\test\test-2026-3-22OK\data\kline_cache\6531.TW_ohlcv.csv
6533.TW,3y,1d,yfinance,C:\test\test-2026-3-22OK\data\kline_cache\6533.TW_ohlcv.csv
6534.TW,3y,1d,yfinance,C:\test\test-2026-3-22OK\data\kline_cache\6534.TW_ohlcv.csv
6541.TW,3y,1d,yfinance,C:\test\test-2026-3-22OK\data\kline_cache\6541.TW_ohlcv.csv
6550.TW,3y,1d,yfinance,C:\test\test-2026-3-22OK\data\kline_cache\6550.TW_ohlcv.csv
6552.TW,3y,1d,yfinance,C:\test\test-2026-3-22OK\data\kline_cache\6552.TW_ohlcv.csv
6558.TW,3y,1d,yfinance,C:\test\test-2026-3-22OK\data\kline_cache\6558.TW_ohlcv.csv
6573.TW,3y,1d,yfinance,C:\test\test-2026-3-22OK\data\kline_cache\6573.TW_ohlcv.csv
6579.TW,3y,1d,yfinance,C:\test\test-2026-3-22OK\data\kline_cache\6579.TW_ohlcv.csv
6581.TW,3y,1d,yfinance,C:\test\test-2026-3-22OK\data\kline_cache\6581.TW_ohlcv.csv
6582.TW,3y,1d,yfinance,C:\test\test-2026-3-22OK\data\kline_cache\6582.TW_ohlcv.csv
6585.TW,3y,1d,yfinance,C:\test\test-2026-3-22OK\data\kline_cache\6585.TW_ohlcv.csv
6589.TW,3y,1d,yfinance,C:\test\test-2026-3-22OK\data\kline_cache\6589.TW_ohlcv.csv
6591.TW,3y,1d,yfinance,C:\test\test-2026-3-22OK\data\kline_cache\6591.TW_ohlcv.csv
6592.TW,3y,1d,yfinance,C:\test\test-2026-3-22OK\data\kline_cache\6592.TW_ohlcv.csv
6598.TW,3y,1d,yfinance,C:\test\test-2026-3-22OK\data\kline_cache\6598.TW_ohlcv.csv
6605.TW,3y,1d,yfinance,C:\test\test-2026-3-22OK\data\kline_cache\6605.TW_ohlcv.csv
6606.TW,3y,1d,yfinance,C:\test\test-2026-3-22OK\data\kline_cache\6606.TW_ohlcv.csv
6614.TW,3y,1d,yfinance,C:\test\test-2026-3-22OK\data\kline_cache\6614.TW_ohlcv.csv
6625.TW,3y,1d,yfinance,C:\test\test-2026-3-22OK\data\kline_cache\6625.TW_ohlcv.csv
6641.TW,3y,1d,yfinance,C:\test\test-2026-3-22OK\data\kline_cache\6641.TW_ohlcv.csv
6645.TW,3y,1d,yfinance,C:\test\test-2026-3-22OK\data\kline_cache\6645.TW_ohlcv.csv
6655.TW,3y,1d,yfinance,C:\test\test-2026-3-22OK\data\kline_cache\6655.TW_ohlcv.csv
6657.TW,3y,1d,yfinance,C:\test\test-2026-3-22OK\data\kline_cache\6657.TW_ohlcv.csv
6658.TW,3y,1d,yfinance,C:\test\test-2026-3-22OK\data\kline_cache\6658.TW_ohlcv.csv
6666.TW,3y,1d,yfinance,C:\test\test-2026-3-22OK\data\kline_cache\6666.TW_ohlcv.csv
6668.TW,3y,1d,yfinance,C:\test\test-2026-3-22OK\data\kline_cache\6668.TW_ohlcv.csv
6669.TW,3y,1d,yfinance,C:\test\test-2026-3-22OK\data\kline_cache\6669.TW_ohlcv.csv
6670.TW,3y,1d,yfinance,C:\test\test-2026-3-22OK\data\kline_cache\6670.TW_ohlcv.csv
6671.TW,3y,1d,yfinance,C:\test\test-2026-3-22OK\data\kline_cache\6671.TW_ohlcv.csv
6672.TW,3y,1d,yfinance,C:\test\test-2026-3-22OK\data\kline_cache\6672.TW_ohlcv.csv
6674.TW,3y,1d,yfinance,C:\test\test-2026-3-22OK\data\kline_cache\6674.TW_ohlcv.csv
6689.TW,3y,1d,yfinance,C:\test\test-2026-3-22OK\data\kline_cache\6689.TW_ohlcv.csv
6691.TW,3y,1d,yfinance,C:\test\test-2026-3-22OK\data\kline_cache\6691.TW_ohlcv.csv
6695.TW,3y,1d,yfinance,C:\test\test-2026-3-22OK\data\kline_cache\6695.TW_ohlcv.csv
6698.TW,3y,1d,yfinance,C:\test\test-2026-3-22OK\data\kline_cache\6698.TW_ohlcv.csv
6706.TW,3y,1d,yfinance,C:\test\test-2026-3-22OK\data\kline_cache\6706.TW_ohlcv.csv
6715.TW,3y,1d,yfinance,C:\test\test-2026-3-22OK\data\kline_cache\6715.TW_ohlcv.csv
6719.TW,3y,1d,yfinance,C:\test\test-2026-3-22OK\data\kline_cache\6719.TW_ohlcv.csv
6722.TW,3y,1d,yfinance,C:\test\test-2026-3-22OK\data\kline_cache\6722.TW_ohlcv.csv
6742.TW,3y,1d,yfinance,C:\test\test-2026-3-22OK\data\kline_cache\6742.TW_ohlcv.csv
6743.TW,3y,1d,yfinance,C:\test\test-2026-3-22OK\data\kline_cache\6743.TW_ohlcv.csv
6753.TW,3y,1d,yfinance,C:\test\test-2026-3-22OK\data\kline_cache\6753.TW_ohlcv.csv
6754.TW,3y,1d,yfinance,C:\test\test-2026-3-22OK\data\kline_cache\6754.TW_ohlcv.csv
6756.TW,3y,1d,yfinance,C:\test\test-2026-3-22OK\data\kline_cache\6756.TW_ohlcv.csv
6757.TW,3y,1d,yfinance,C:\test\test-2026-3-22OK\data\kline_cache\6757.TW_ohlcv.csv
6768.TW,3y,1d,yfinance,C:\test\test-2026-3-22OK\data\kline_cache\6768.TW_ohlcv.csv
6770.TW,3y,1d,yfinance,C:\test\test-2026-3-22OK\data\kline_cache\6770.TW_ohlcv.csv
6771.TW,3y,1d,yfinance,C:\test\test-2026-3-22OK\data\kline_cache\6771.TW_ohlcv.csv
6776.TW,3y,1d,yfinance,C:\test\test-2026-3-22OK\data\kline_cache\6776.TW_ohlcv.csv
6781.TW,3y,1d,yfinance,C:\test\test-2026-3-22OK\data\kline_cache\6781.TW_ohlcv.csv
6782.TW,3y,1d,yfinance,C:\test\test-2026-3-22OK\data\kline_cache\6782.TW_ohlcv.csv
6789.TW,3y,1d,yfinance,C:\test\test-2026-3-22OK\data\kline_cache\6789.TW_ohlcv.csv
6790.TW,3y,1d,yfinance,C:\test\test-2026-3-22OK\data\kline_cache\6790.TW_ohlcv.csv
6792.TW,3y,1d,yfinance,C:\test\test-2026-3-22OK\data\kline_cache\6792.TW_ohlcv.csv
6794.TW,3y,1d,yfinance,C:\test\test-2026-3-22OK\data\kline_cache\6794.TW_ohlcv.csv
6796.TW,3y,1d,yfinance,C:\test\test-2026-3-22OK\data\kline_cache\6796.TW_ohlcv.csv
6799.TW,3y,1d,yfinance,C:\test\test-2026-3-22OK\data\kline_cache\6799.TW_ohlcv.csv
6805.TW,3y,1d,yfinance,C:\test\test-2026-3-22OK\data\kline_cache\6805.TW_ohlcv.csv
6806.TW,3y,1d,yfinance,C:\test\test-2026-3-22OK\data\kline_cache\6806.TW_ohlcv.csv
6807.TW,3y,1d,yfinance,C:\test\test-2026-3-22OK\data\kline_cache\6807.TW_ohlcv.csv
6830.TW,3y,1d,yfinance,C:\test\test-2026-3-22OK\data\kline_cache\6830.TW_ohlcv.csv
6831.TW,3y,1d,yfinance,C:\test\test-2026-3-22OK\data\kline_cache\6831.TW_ohlcv.csv
6834.TW,3y,1d,yfinance,C:\test\test-2026-3-22OK\data\kline_cache\6834.TW_ohlcv.csv
6835.TW,3y,1d,yfinance,C:\test\test-2026-3-22OK\data\kline_cache\6835.TW_ohlcv.csv
6838.TW,3y,1d,yfinance,C:\test\test-2026-3-22OK\data\kline_cache\6838.TW_ohlcv.csv
6854.TW,3y,1d,yfinance,C:\test\test-2026-3-22OK\data\kline_cache\6854.TW_ohlcv.csv
6861.TW,3y,1d,yfinance,C:\test\test-2026-3-22OK\data\kline_cache\6861.TW_ohlcv.csv
6862.TW,3y,1d,yfinance,C:\test\test-2026-3-22OK\data\kline_cache\6862.TW_ohlcv.csv
6863.TW,3y,1d,yfinance,C:\test\test-2026-3-22OK\data\kline_cache\6863.TW_ohlcv.csv
6869.TW,3y,1d,yfinance,C:\test\test-2026-3-22OK\data\kline_cache\6869.TW_ohlcv.csv
6873.TW,3y,1d,yfinance,C:\test\test-2026-3-22OK\data\kline_cache\6873.TW_ohlcv.csv
6885.TW,3y,1d,yfinance,C:\test\test-2026-3-22OK\data\kline_cache\6885.TW_ohlcv.csv
6887.TW,3y,1d,yfinance,C:\test\test-2026-3-22OK\data\kline_cache\6887.TW_ohlcv.csv
6890.TW,3y,1d,yfinance,C:\test\test-2026-3-22OK\data\kline_cache\6890.TW_ohlcv.csv
6901.TW,3y,1d,yfinance,C:\test\test-2026-3-22OK\data\kline_cache\6901.TW_ohlcv.csv
6902.TW,3y,1d,yfinance,C:\test\test-2026-3-22OK\data\kline_cache\6902.TW_ohlcv.csv
6906.TW,3y,1d,yfinance,C:\test\test-2026-3-22OK\data\kline_cache\6906.TW_ohlcv.csv
6909.TW,3y,1d,yfinance,C:\test\test-2026-3-22OK\data\kline_cache\6909.TW_ohlcv.csv
6914.TW,3y,1d,yfinance,C:\test\test-2026-3-22OK\data\kline_cache\6914.TW_ohlcv.csv
6916.TW,3y,1d,yfinance,C:\test\test-2026-3-22OK\data\kline_cache\6916.TW_ohlcv.csv
6918.TW,3y,1d,yfinance,C:\test\test-2026-3-22OK\data\kline_cache\6918.TW_ohlcv.csv
6921.TW,3y,1d,yfinance,C:\test\test-2026-3-22OK\data\kline_cache\6921.TW_ohlcv.csv
6923.TW,3y,1d,yfinance,C:\test\test-2026-3-22OK\data\kline_cache\6923.TW_ohlcv.csv
6924.TW,3y,1d,yfinance,C:\test\test-2026-3-22OK\data\kline_cache\6924.TW_ohlcv.csv
6928.TW,3y,1d,yfinance,C:\test\test-2026-3-22OK\data\kline_cache\6928.TW_ohlcv.csv
6931.TW,3y,1d,yfinance,C:\test\test-2026-3-22OK\data\kline_cache\6931.TW_ohlcv.csv
6933.TW,3y,1d,yfinance,C:\test\test-2026-3-22OK\data\kline_cache\6933.TW_ohlcv.csv
6934.TW,3y,1d,yfinance,C:\test\test-2026-3-22OK\data\kline_cache\6934.TW_ohlcv.csv
6936.TW,3y,1d,yfinance,C:\test\test-2026-3-22OK\data\kline_cache\6936.TW_ohlcv.csv
6937.TW,3y,1d,yfinance,C:\test\test-2026-3-22OK\data\kline_cache\6937.TW_ohlcv.csv
6944.TW,3y,1d,yfinance,C:\test\test-2026-3-22OK\data\kline_cache\6944.TW_ohlcv.csv
6949.TW,3y,1d,yfinance,C:\test\test-2026-3-22OK\data\kline_cache\6949.TW_ohlcv.csv
6951.TW,3y,1d,yfinance,C:\test\test-2026-3-22OK\data\kline_cache\6951.TW_ohlcv.csv
6952.TW,3y,1d,yfinance,C:\test\test-2026-3-22OK\data\kline_cache\6952.TW_ohlcv.csv
6955.TW,3y,1d,yfinance,C:\test\test-2026-3-22OK\data\kline_cache\6955.TW_ohlcv.csv
6957.TW,3y,1d,yfinance,C:\test\test-2026-3-22OK\data\kline_cache\6957.TW_ohlcv.csv
6958.TW,3y,1d,yfinance,C:\test\test-2026-3-22OK\data\kline_cache\6958.TW_ohlcv.csv
6962.TW,3y,1d,yfinance,C:\test\test-2026-3-22OK\data\kline_cache\6962.TW_ohlcv.csv
6965.TW,3y,1d,yfinance,C:\test\test-2026-3-22OK\data\kline_cache\6965.TW_ohlcv.csv
6969.TW,3y,1d,yfinance,C:\test\test-2026-3-22OK\data\kline_cache\6969.TW_ohlcv.csv
6988.TW,3y,1d,yfinance,C:\test\test-2026-3-22OK\data\kline_cache\6988.TW_ohlcv.csv
6994.TW,3y,1d,yfinance,C:\test\test-2026-3-22OK\data\kline_cache\6994.TW_ohlcv.csv
7610.TW,3y,1d,yfinance,C:\test\test-2026-3-22OK\data\kline_cache\7610.TW_ohlcv.csv
7631.TW,3y,1d,yfinance,C:\test\test-2026-3-22OK\data\kline_cache\7631.TW_ohlcv.csv
7705.TW,3y,1d,yfinance,C:\test\test-2026-3-22OK\data\kline_cache\7705.TW_ohlcv.csv
7711.TW,3y,1d,yfinance,C:\test\test-2026-3-22OK\data\kline_cache\7711.TW_ohlcv.csv
7721.TW,3y,1d,yfinance,C:\test\test-2026-3-22OK\data\kline_cache\7721.TW_ohlcv.csv
7722.TW,3y,1d,yfinance,C:\test\test-2026-3-22OK\data\kline_cache\7722.TW_ohlcv.csv
7730.TW,3y,1d,yfinance,C:\test\test-2026-3-22OK\data\kline_cache\7730.TW_ohlcv.csv
7732.TW,3y,1d,yfinance,C:\test\test-2026-3-22OK\data\kline_cache\7732.TW_ohlcv.csv
7736.TW,3y,1d,yfinance,C:\test\test-2026-3-22OK\data\kline_cache\7736.TW_ohlcv.csv
7740.TW,3y,1d,yfinance,C:\test\test-2026-3-22OK\data\kline_cache\7740.TW_ohlcv.csv
7749.TW,3y,1d,yfinance,C:\test\test-2026-3-22OK\data\kline_cache\7749.TW_ohlcv.csv
7750.TW,3y,1d,yfinance,C:\test\test-2026-3-22OK\data\kline_cache\7750.TW_ohlcv.csv
7765.TW,3y,1d,yfinance,C:\test\test-2026-3-22OK\data\kline_cache\7765.TW_ohlcv.csv
7769.TW,3y,1d,yfinance,C:\test\test-2026-3-22OK\data\kline_cache\7769.TW_ohlcv.csv
7780.TW,3y,1d,yfinance,C:\test\test-2026-3-22OK\data\kline_cache\7780.TW_ohlcv.csv
7786.TW,3y,1d,yfinance,C:\test\test-2026-3-22OK\data\kline_cache\7786.TW_ohlcv.csv
7788.TW,3y,1d,yfinance,C:\test\test-2026-3-22OK\data\kline_cache\7788.TW_ohlcv.csv
7791.TW,3y,1d,yfinance,C:\test\test-2026-3-22OK\data\kline_cache\7791.TW_ohlcv.csv
7795.TW,3y,1d,yfinance,C:\test\test-2026-3-22OK\data\kline_cache\7795.TW_ohlcv.csv
7823.TW,3y,1d,yfinance,C:\test\test-2026-3-22OK\data\kline_cache\7823.TW_ohlcv.csv
8011.TW,3y,1d,yfinance,C:\test\test-2026-3-22OK\data\kline_cache\8011.TW_ohlcv.csv
8016.TW,3y,1d,yfinance,C:\test\test-2026-3-22OK\data\kline_cache\8016.TW_ohlcv.csv
8021.TW,3y,1d,yfinance,C:\test\test-2026-3-22OK\data\kline_cache\8021.TW_ohlcv.csv
8028.TW,3y,1d,yfinance,C:\test\test-2026-3-22OK\data\kline_cache\8028.TW_ohlcv.csv
8033.TW,3y,1d,yfinance,C:\test\test-2026-3-22OK\data\kline_cache\8033.TW_ohlcv.csv
8039.TW,3y,1d,yfinance,C:\test\test-2026-3-22OK\data\kline_cache\8039.TW_ohlcv.csv
8045.TW,3y,1d,yfinance,C:\test\test-2026-3-22OK\data\kline_cache\8045.TW_ohlcv.csv
8046.TW,3y,1d,yfinance,C:\test\test-2026-3-22OK\data\kline_cache\8046.TW_ohlcv.csv
8070.TW,3y,1d,yfinance,C:\test\test-2026-3-22OK\data\kline_cache\8070.TW_ohlcv.csv
8072.TW,3y,1d,yfinance,C:\test\test-2026-3-22OK\data\kline_cache\8072.TW_ohlcv.csv
8081.TW,3y,1d,yfinance,C:\test\test-2026-3-22OK\data\kline_cache\8081.TW_ohlcv.csv
8103.TW,3y,1d,yfinance,C:\test\test-2026-3-22OK\data\kline_cache\8103.TW_ohlcv.csv
8104.TW,3y,1d,yfinance,C:\test\test-2026-3-22OK\data\kline_cache\8104.TW_ohlcv.csv
8105.TW,3y,1d,yfinance,C:\test\test-2026-3-22OK\data\kline_cache\8105.TW_ohlcv.csv
8110.TW,3y,1d,yfinance,C:\test\test-2026-3-22OK\data\kline_cache\8110.TW_ohlcv.csv
8112.TW,3y,1d,yfinance,C:\test\test-2026-3-22OK\data\kline_cache\8112.TW_ohlcv.csv
8114.TW,3y,1d,yfinance,C:\test\test-2026-3-22OK\data\kline_cache\8114.TW_ohlcv.csv
8131.TW,3y,1d,yfinance,C:\test\test-2026-3-22OK\data\kline_cache\8131.TW_ohlcv.csv
8150.TW,3y,1d,yfinance,C:\test\test-2026-3-22OK\data\kline_cache\8150.TW_ohlcv.csv
8162.TW,3y,1d,yfinance,C:\test\test-2026-3-22OK\data\kline_cache\8162.TW_ohlcv.csv
8163.TW,3y,1d,yfinance,C:\test\test-2026-3-22OK\data\kline_cache\8163.TW_ohlcv.csv
8201.TW,3y,1d,yfinance,C:\test\test-2026-3-22OK\data\kline_cache\8201.TW_ohlcv.csv
8210.TW,3y,1d,yfinance,C:\test\test-2026-3-22OK\data\kline_cache\8210.TW_ohlcv.csv
8213.TW,3y,1d,yfinance,C:\test\test-2026-3-22OK\data\kline_cache\8213.TW_ohlcv.csv
8215.TW,3y,1d,yfinance,C:\test\test-2026-3-22OK\data\kline_cache\8215.TW_ohlcv.csv
8222.TW,3y,1d,yfinance,C:\test\test-2026-3-22OK\data\kline_cache\8222.TW_ohlcv.csv
8249.TW,3y,1d,yfinance,C:\test\test-2026-3-22OK\data\kline_cache\8249.TW_ohlcv.csv
8261.TW,3y,1d,yfinance,C:\test\test-2026-3-22OK\data\kline_cache\8261.TW_ohlcv.csv
8271.TW,3y,1d,yfinance,C:\test\test-2026-3-22OK\data\kline_cache\8271.TW_ohlcv.csv
8341.TW,3y,1d,yfinance,C:\test\test-2026-3-22OK\data\kline_cache\8341.TW_ohlcv.csv
8367.TW,3y,1d,yfinance,C:\test\test-2026-3-22OK\data\kline_cache\8367.TW_ohlcv.csv
8374.TW,3y,1d,yfinance,C:\test\test-2026-3-22OK\data\kline_cache\8374.TW_ohlcv.csv
8404.TW,3y,1d,yfinance,C:\test\test-2026-3-22OK\data\kline_cache\8404.TW_ohlcv.csv
8411.TW,3y,1d,yfinance,C:\test\test-2026-3-22OK\data\kline_cache\8411.TW_ohlcv.csv
8422.TW,3y,1d,yfinance,C:\test\test-2026-3-22OK\data\kline_cache\8422.TW_ohlcv.csv
8429.TW,3y,1d,yfinance,C:\test\test-2026-3-22OK\data\kline_cache\8429.TW_ohlcv.csv
8438.TW,3y,1d,yfinance,C:\test\test-2026-3-22OK\data\kline_cache\8438.TW_ohlcv.csv
8442.TW,3y,1d,yfinance,C:\test\test-2026-3-22OK\data\kline_cache\8442.TW_ohlcv.csv
8443.TW,3y,1d,yfinance,C:\test\test-2026-3-22OK\data\kline_cache\8443.TW_ohlcv.csv
8454.TW,3y,1d,yfinance,C:\test\test-2026-3-22OK\data\kline_cache\8454.TW_ohlcv.csv
8462.TW,3y,1d,yfinance,C:\test\test-2026-3-22OK\data\kline_cache\8462.TW_ohlcv.csv
8463.TW,3y,1d,yfinance,C:\test\test-2026-3-22OK\data\kline_cache\8463.TW_ohlcv.csv
8464.TW,3y,1d,yfinance,C:\test\test-2026-3-22OK\data\kline_cache\8464.TW_ohlcv.csv
8466.TW,3y,1d,yfinance,C:\test\test-2026-3-22OK\data\kline_cache\8466.TW_ohlcv.csv
8467.TW,3y,1d,yfinance,C:\test\test-2026-3-22OK\data\kline_cache\8467.TW_ohlcv.csv
8473.TW,3y,1d,yfinance,C:\test\test-2026-3-22OK\data\kline_cache\8473.TW_ohlcv.csv
8476.TW,3y,1d,yfinance,C:\test\test-2026-3-22OK\data\kline_cache\8476.TW_ohlcv.csv
8478.TW,3y,1d,yfinance,C:\test\test-2026-3-22OK\data\kline_cache\8478.TW_ohlcv.csv
8481.TW,3y,1d,yfinance,C:\test\test-2026-3-22OK\data\kline_cache\8481.TW_ohlcv.csv
8482.TW,3y,1d,yfinance,C:\test\test-2026-3-22OK\data\kline_cache\8482.TW_ohlcv.csv
8487.TW,3y,1d,yfinance,C:\test\test-2026-3-22OK\data\kline_cache\8487.TW_ohlcv.csv
8488.TW,3y,1d,yfinance,C:\test\test-2026-3-22OK\data\kline_cache\8488.TW_ohlcv.csv
8499.TW,3y,1d,yfinance,C:\test\test-2026-3-22OK\data\kline_cache\8499.TW_ohlcv.csv
8926.TW,3y,1d,yfinance,C:\test\test-2026-3-22OK\data\kline_cache\8926.TW_ohlcv.csv
8940.TW,3y,1d,yfinance,C:\test\test-2026-3-22OK\data\kline_cache\8940.TW_ohlcv.csv
8996.TW,3y,1d,yfinance,C:\test\test-2026-3-22OK\data\kline_cache\8996.TW_ohlcv.csv
9105.TW,3y,1d,yfinance,C:\test\test-2026-3-22OK\data\kline_cache\9105.TW_ohlcv.csv
9802.TW,3y,1d,yfinance,C:\test\test-2026-3-22OK\data\kline_cache\9802.TW_ohlcv.csv
9902.TW,3y,1d,yfinance,C:\test\test-2026-3-22OK\data\kline_cache\9902.TW_ohlcv.csv
9904.TW,3y,1d,yfinance,C:\test\test-2026-3-22OK\data\kline_cache\9904.TW_ohlcv.csv
9905.TW,3y,1d,yfinance,C:\test\test-2026-3-22OK\data\kline_cache\9905.TW_ohlcv.csv
9906.TW,3y,1d,yfinance,C:\test\test-2026-3-22OK\data\kline_cache\9906.TW_ohlcv.csv
9907.TW,3y,1d,yfinance,C:\test\test-2026-3-22OK\data\kline_cache\9907.TW_ohlcv.csv
9908.TW,3y,1d,yfinance,C:\test\test-2026-3-22OK\data\kline_cache\9908.TW_ohlcv.csv
9910.TW,3y,1d,yfinance,C:\test\test-2026-3-22OK\data\kline_cache\9910.TW_ohlcv.csv
9911.TW,3y,1d,yfinance,C:\test\test-2026-3-22OK\data\kline_cache\9911.TW_ohlcv.csv
9912.TW,3y,1d,yfinance,C:\test\test-2026-3-22OK\data\kline_cache\9912.TW_ohlcv.csv
9914.TW,3y,1d,yfinance,C:\test\test-2026-3-22OK\data\kline_cache\9914.TW_ohlcv.csv
9917.TW,3y,1d,yfinance,C:\test\test-2026-3-22OK\data\kline_cache\9917.TW_ohlcv.csv
9918.TW,3y,1d,yfinance,C:\test\test-2026-3-22OK\data\kline_cache\9918.TW_ohlcv.csv
9919.TW,3y,1d,yfinance,C:\test\test-2026-3-22OK\data\kline_cache\9919.TW_ohlcv.csv
9921.TW,3y,1d,yfinance,C:\test\test-2026-3-22OK\data\kline_cache\9921.TW_ohlcv.csv
9924.TW,3y,1d,yfinance,C:\test\test-2026-3-22OK\data\kline_cache\9924.TW_ohlcv.csv
9925.TW,3y,1d,yfinance,C:\test\test-2026-3-22OK\data\kline_cache\9925.TW_ohlcv.csv
9926.TW,3y,1d,yfinance,C:\test\test-2026-3-22OK\data\kline_cache\9926.TW_ohlcv.csv
9927.TW,3y,1d,yfinance,C:\test\test-2026-3-22OK\data\kline_cache\9927.TW_ohlcv.csv
9928.TW,3y,1d,yfinance,C:\test\test-2026-3-22OK\data\kline_cache\9928.TW_ohlcv.csv
9929.TW,3y,1d,yfinance,C:\test\test-2026-3-22OK\data\kline_cache\9929.TW_ohlcv.csv
9930.TW,3y,1d,yfinance,C:\test\test-2026-3-22OK\data\kline_cache\9930.TW_ohlcv.csv
9931.TW,3y,1d,yfinance,C:\test\test-2026-3-22OK\data\kline_cache\9931.TW_ohlcv.csv
9933.TW,3y,1d,yfinance,C:\test\test-2026-3-22OK\data\kline_cache\9933.TW_ohlcv.csv
9934.TW,3y,1d,yfinance,C:\test\test-2026-3-22OK\data\kline_cache\9934.TW_ohlcv.csv
9935.TW,3y,1d,yfinance,C:\test\test-2026-3-22OK\data\kline_cache\9935.TW_ohlcv.csv
9937.TW,3y,1d,yfinance,C:\test\test-2026-3-22OK\data\kline_cache\9937.TW_ohlcv.csv
9938.TW,3y,1d,yfinance,C:\test\test-2026-3-22OK\data\kline_cache\9938.TW_ohlcv.csv
9939.TW,3y,1d,yfinance,C:\test\test-2026-3-22OK\data\kline_cache\9939.TW_ohlcv.csv
9940.TW,3y,1d,yfinance,C:\test\test-2026-3-22OK\data\kline_cache\9940.TW_ohlcv.csv
9941.TW,3y,1d,yfinance,C:\test\test-2026-3-22OK\data\kline_cache\9941.TW_ohlcv.csv
9942.TW,3y,1d,yfinance,C:\test\test-2026-3-22OK\data\kline_cache\9942.TW_ohlcv.csv
9943.TW,3y,1d,yfinance,C:\test\test-2026-3-22OK\data\kline_cache\9943.TW_ohlcv.csv
9944.TW,3y,1d,yfinance,C:\test\test-2026-3-22OK\data\kline_cache\9944.TW_ohlcv.csv
9945.TW,3y,1d,yfinance,C:\test\test-2026-3-22OK\data\kline_cache\9945.TW_ohlcv.csv
9946.TW,3y,1d,yfinance,C:\test\test-2026-3-22OK\data\kline_cache\9946.TW_ohlcv.csv
9955.TW,3y,1d,yfinance,C:\test\test-2026-3-22OK\data\kline_cache\9955.TW_ohlcv.csv
9958.TW,3y,1d,yfinance,C:\test\test-2026-3-22OK\data\kline_cache\9958.TW_ohlcv.csv
